product_sku,product_name,category,subcategory,brand,cost_price,retail_price,launch_date,discontinuation_date,supplier,weight_kg,dimensions_cm,stock_level,reorder_point,log_retail_price,log_cost_price,retail_price_log,cost_price_log,stock_level_log,retail_price_adj,cost_price_adj,stock_level_adj,product_name_realistic
BEA-TEC-1000,TechPro Ultra Product Kit 204,Beauty,Skincare,TechPro,31.41,78.99,2023-07-13,2025-03-16,"Rodriguez, Figueroa and Sanchez",1.69,16x32x19,258,87,4.3819016268607305,3.478467017153456,4.369321262176328,3.447126313550555,5.552963460883098,78.86704931647041,36.988049197148236,255,Nimbus Blender 2023
ELE-SPO-1001,SportElite Classic Laptop,Electronics,Smart Home,SportElite,47.55,104.1,2022-01-07,,Doyle Ltd,8.07,59x48x22,79,37,4.6549122778829055,3.882594194737334,4.645351975620923,3.8617817889913995,4.369460510614755,104.54170002028171,51.66334586984096,81,Nimbus Eco Water Bottle 2022
AUT-STY-1002,StyleMax Pro Equipment Set 452,Automotive,Car Care,StyleMax,35.98,86.55,2022-02-14,,"Mcclain, Miller and Henderson",26.86,53x15x40,150,90,4.472210058731861,3.610377225958979,4.4607222816222185,3.582963228522387,5.0106419607407,86.77735406297518,49.51415329604927,151,Solstice Wireless Earbuds 2023
BOO-KIT-1003,KitchenMaster Smart Accessory Kit 333,Books,Educational,KitchenMaster,79.1,210.38,2022-03-23,,Davis and Sons,43.34,53x40x34,325,56,5.353657461581201,4.383275854074314,5.348915419311128,4.370712874773608,5.7838282592480805,210.4766853145131,87.89109473487129,322,Lumen Edge Action Camera 2022
CLO-AUT-1004,AutoCare Smart Hat Kit 763,Clothing,Kids Clothing,AutoCare,10.1,21.65,2023-10-13,,"Guzman, Hoffman and Baldwin",36.48,25x64x29,138,91,3.120159851929043,2.4069451083182885,3.075005454448499,2.312535423847214,4.927260931507761,21.312898267633585,15.341241432222876,138,Vertex Pro Action Camera 2024
BEA-AUT-1005,AutoCare Premium Product,Beauty,Makeup,AutoCare,16.27,44.05,2023-02-15,,"Gardner, Robinson and Lawrence",10.63,77x96x25,108,93,3.807772984054347,2.848970892158587,3.7853253523821886,2.7893229212309465,4.682140486340613,43.71287462992947,33.05979861322249,106,Nimbus Flex Trail Shoes
SPO-FAS-1006,FashionForward Elite Gear Kit 674,Sports,Athletic Wear,FashionForward,83.2,192.07,2024-02-04,,Blake and Sons,44.9,56x51x19,70,75,5.263052817447726,4.4331949212482815,5.2578598889167605,4.421247347827163,4.2485095276616045,191.63692193992483,87.84928043149951,75,Terra Yoga Mat
SPO-TEC-1007,TechPro Pro Product,Sports,Fitness Equipment,TechPro,40.07,107.72,2023-03-09,,"Henderson, Ramirez and Lewis",19.3,81x64x38,128,80,4.688775769842889,3.7152779279684673,4.679535267943399,3.6906279246480533,4.8520380763891,108.07885262285943,67.47795877376169,127,Lumen Trail Shoes
AUT-STY-1008,StyleMax Ultra Accessory,Automotive,Car Parts,StyleMax,13.16,25.54,2022-06-11,,Garcia-James,47.7,97x38x37,390,32,3.2786530289040616,2.6504210882655737,3.2402458506043934,2.5771819258971713,5.966149303222969,25.639092711508344,11.825068978496748,395,Lumen Yoga Mat
BOO-BEA-1009,BeautyGlow Smart Product,Books,Fiction,BeautyGlow,32.73,57.03,2024-03-08,,Abbott-Munoz,45.93,81x46x36,9,24,4.060960118202517,3.5183876490735586,4.043577445168448,3.4882920885130893,2.1973356822749484,57.23391112624012,25.34111072824413,8,Pulse Classic Portable Speaker 2023
HOM-SPO-1010,SportElite Premium Table,Home & Garden,Bedding,SportElite,13.24,38.65,2022-03-29,,Blair PLC,40.82,73x21x13,337,70,3.680090948080857,2.65605490598383,3.654546775033431,2.5832425505088623,5.82008589770701,38.180172804409885,29.590281556598406,338,Harbor Trail Shoes
BOO-BEA-1011,BeautyGlow Classic Product,Books,Non-Fiction,BeautyGlow,13.21,34.78,2023-12-08,,Dudley Group,15.65,90x88x28,224,76,3.5773890780805733,2.6539459421090092,3.549042508926137,2.580974118534234,5.4116505161307895,35.24051165511876,15.738909213336203,229,Granite Flex Yoga Mat 2024
SPO-SPO-1012,SportElite Smart Item,Sports,Fitness Equipment,SportElite,24.97,59.5,2022-08-24,,Arnold Ltd,0.46,95x85x8,117,18,4.102643365036796,3.256942025674657,4.085976312551584,3.217675104291682,4.762182481769778,59.825793787984416,37.132217687285525,116,Solstice Yoga Mat
ELE-STY-1013,StyleMax Smart Tablet,Electronics,Tablets,StyleMax,8.06,16.92,2022-05-16,,"Mcclure, Ward and Lee",44.13,78x65x20,401,70,2.8859174075467844,2.203869120054888,2.8284963541780774,2.086913556518537,5.993963921069046,16.63809232846471,9.913424710971585,406,Nimbus Portable Speaker
AUT-SPO-1014,SportElite Pro Item,Automotive,Accessories,SportElite,4.25,8.64,2023-02-25,,Williams and Sons,36.48,91x88x46,50,17,2.265921108622454,1.6582280766035324,2.1564025828159643,1.4469189829363254,3.9120430052281487,8.32818846786296,4.575198564316062,47,Solstice Max Desk Lamp
SPO-STY-1015,StyleMax Smart Product Edition 243,Sports,Team Sports,StyleMax,12.11,25.83,2022-10-13,,Galloway-Wyatt,43.74,14x61x40,50,16,3.2895206644375325,2.5733752977756086,3.251536607107749,2.494031557565001,3.9120430052281487,25.519736419656365,10.959373156722695,54,Lumen Wireless Earbuds
BEA-STY-1016,StyleMax Smart Product,Beauty,Skincare,StyleMax,8.07,17.94,2023-02-15,,James Group,8.32,5x54x21,474,68,2.9412760877579323,2.2049722641270453,2.88703285663065,2.0881534822818573,6.161209431397492,17.74815739810035,14.06281573736972,473,Aurora Wireless Earbuds
HOM-OUT-1017,OutdoorAdventure Modern Table Collection 159,Home & Garden,Garden Tools,OutdoorAdventure,26.65,63.13,2023-07-10,2024-11-22,"Flowers, Martin and Kelly",2.95,79x66x37,470,77,4.160912273160772,3.3196257279683437,4.145196092379535,3.2827891506118534,6.152734822361415,63.15426130299959,38.477530242890865,471,Granite Edge Yoga Mat
CLO-OUT-1018,OutdoorAdventure Pro Pants Series 791,Clothing,Mens Apparel,OutdoorAdventure,5.89,21.94,2023-02-18,2025-03-22,"Adams, Zuniga and Wong",12.39,81x10x44,41,63,3.1328821117012247,1.9300710850255671,3.088311454847084,1.7732559976634952,3.713596456650773,21.873306118269277,11.48154299126941,40,Pulse Wireless Earbuds
BEA-BEA-1019,BeautyGlow Smart Accessory,Beauty,Hair Care,BeautyGlow,5.63,10.47,2023-02-10,2025-05-30,"Reid, Ferguson and Sanchez",15.07,45x14x5,234,89,2.4397349311412793,1.891604804197771,2.3485140248824456,1.728109442151599,5.4553253888528435,10.265404557394081,5.244771927028943,233,Canyon Lite Desk Lamp
BOO-STY-1020,StyleMax Smart Tool Model 170,Books,Fiction,StyleMax,75.12,211.76,2023-01-14,,Gray-Mayo,21.97,74x95x24,313,93,5.360164769874117,4.332311042427949,5.355453557918846,4.319086834900007,5.746206385423228,211.86961583682793,110.8050605797378,316,Lumen Yoga Mat
BOO-OUT-1021,OutdoorAdventure Ultra Accessory Collection 370,Books,Fiction,OutdoorAdventure,16.39,27.43,2022-04-20,,"Watts, Robinson and Nguyen",7.86,41x82x18,367,53,3.3474449256629084,2.855895328366192,3.311637304949512,2.7966713927557385,5.905364572846498,27.076703983439,20.20533910516759,364,Terra Pro Action Camera
CLO-OUT-1022,OutdoorAdventure Modern Dress,Clothing,Kids Clothing,OutdoorAdventure,12.86,47.48,2022-04-05,,Perez Inc,41.48,10x5x26,394,26,3.881151341761059,2.6290069937617573,3.860308569741467,2.554121718809473,5.976353447365779,47.27630175556451,32.159314932393855,394,Nimbus Blender 2023
BEA-HOM-1023,HomeComfort Modern Tool,Beauty,Hair Care,HomeComfort,5.57,13.05,2022-04-25,2024-09-28,Morales-Jones,45.21,74x9x28,298,80,2.642622395779755,1.8825138324965192,2.5687881337687024,1.7173950539391927,5.697096842204472,12.919034606427818,8.48152437045212,293,Granite Eco Portable Speaker
CLO-HOM-1024,HomeComfort Premium Dress,Clothing,Shoes,HomeComfort,7.88,30.47,2022-02-10,,"Walter, Edwards and Rios",10.58,36x90x11,181,81,3.4490347110763153,2.1838015570040787,3.416742592997618,2.064327903869788,5.198502556112442,30.426948584532695,14.550931044606418,185,Canyon Select Water Bottle
AUT-KIT-1025,KitchenMaster Elite Product,Automotive,Accessories,KitchenMaster,22.19,65.79,2022-07-01,,Wilkerson-Day,1.34,99x47x31,410,95,4.201553368737545,3.1437211512674406,4.186467851097906,3.0996417369445024,6.016159598719769,66.06947244216516,45.488570870342215,409,Aurora Trail Shoes
AUT-BEA-1026,BeautyGlow Elite Accessory Set 139,Automotive,Tools,BeautyGlow,7.13,19.87,2022-08-16,,Baker and Sons,45.93,49x44x19,114,13,3.0383127210891097,2.0955609235597192,2.9892110565637253,1.9643112344262046,4.736207220285847,19.575680306515192,14.010667040548073,116,Harbor Eco Coffee Grinder 2022
BEA-SMA-1027,SmartLife Advanced Gear,Beauty,Makeup,SmartLife,28.17,83.1,2022-10-13,,"Hoffman, Baker and Richards",25.52,91x73x26,480,13,4.432006566978902,3.37314078387963,4.420044701861403,3.338257581888281,6.1737881872331,83.11394974964533,34.66024518282435,479,Harbor Water Bottle
ELE-HOM-1028,HomeComfort Ultra Phone Edition 453,Electronics,Tablets,HomeComfort,29.94,84.44,2022-11-18,,"Ross, Robinson and Bright",49.21,19x54x41,97,42,4.447814375211885,3.43204984514492,4.43604122298012,3.3991953789914824,4.574721287728593,84.5305662774848,67.3247656180997,100,Nimbus Yoga Mat
ELE-SMA-1029,SmartLife Premium Monitor,Electronics,Gaming,SmartLife,40.78,104.16,2024-01-07,,"Snyder, Campos and Callahan",36.88,30x51x32,35,95,4.655482999861681,3.7324177561284198,4.6459281784602595,3.708191765146309,3.5553766325098297,103.71552140446559,41.576612997449914,40,Solstice Pro Desk Lamp
HOM-AUT-1030,AutoCare Pro Pot,Home & Garden,Home Decor,AutoCare,11.69,26.42,2023-11-14,,Burton Ltd,20.18,42x75x13,98,63,3.3112726741341683,2.540814281726296,3.2741212990941793,2.458733775483977,4.584977682700143,26.52539395486341,14.039134528196824,98,Lumen Blender
BEA-HOM-1031,HomeComfort Ultra Equipment,Beauty,Fragrances,HomeComfort,106.38,159.64,2022-10-21,,Carlson-Cruz,39.31,82x88x25,238,66,5.079165836503364,4.676373944994423,5.072921280180533,4.667017589314171,5.47227487534332,159.31711364121352,74.65795590153421,240,Nimbus Coffee Grinder
SPO-OUT-1032,OutdoorAdventure Modern Accessory Series 390,Sports,Outdoor Gear,OutdoorAdventure,19.84,45.11,2023-10-11,,"Ferrell, Rice and Maddox",4.76,35x91x24,115,35,3.8310298462186143,3.0368742168851663,3.8091039514203047,2.987700101856727,4.744940823977617,44.68375056112557,30.481120602179384,119,Harbor Edge Wireless Earbuds
CLO-TEC-1033,TechPro Smart Jacket,Clothing,Mens Apparel,TechPro,5.23,18.49,2023-04-12,,Frazier Inc,31.53,29x96x49,196,73,2.9699015135194693,1.8293763327993617,2.9172300453990334,1.6544112780768316,5.278119761258318,18.929907826508266,15.035531506507285,198,Nimbus Smart Thermostat
SPO-HOM-1034,HomeComfort Premium Item,Sports,Outdoor Gear,HomeComfort,42.11,76.99,2023-12-14,,"Dyer, Potter and Mack",2.61,36x20x34,68,69,4.356580613342406,3.763754988759043,4.343675543289958,3.740285242173836,4.219522410950329,77.44631939241306,39.09894415215352,65,Lumen Prime Desk Lamp
BEA-FAS-1035,FashionForward Classic Tool,Beauty,Hair Care,FashionForward,6.69,11.64,2023-05-02,,Rodriguez-Graham,37.61,86x40x38,248,90,2.5368663887187113,2.0399207835175526,2.454447442303292,1.900613874140137,5.513432778414917,11.942229401154133,5.569165068477172,249,Vertex Yoga Mat
CLO-FAS-1036,FashionForward Pro Hat Model 443,Clothing,Kids Clothing,FashionForward,14.4,38.0,2023-07-08,2024-06-06,Smith-Bowen,11.64,93x24x50,109,18,3.6635616461296463,2.7343675094195836,3.6375861597263857,2.667228206581955,4.691357056498987,37.808521493789904,19.04829409479071,110,Solstice Water Bottle
SPO-AUT-1037,AutoCare Modern Equipment Set 530,Sports,Athletic Wear,AutoCare,3.44,7.18,2024-02-28,,"Baker, Mason and White",34.81,78x53x35,3,55,2.1016921506146558,1.4906543764441333,1.9712993830601329,1.235471471385307,1.09894556645823,6.785718671726256,5.040838192661501,7,Harbor Action Camera
HOM-SMA-1038,SmartLife Smart Vase Edition 597,Home & Garden,Garden Tools,SmartLife,6.08,9.38,2022-12-11,,Harrell LLC,39.93,97x26x34,470,26,2.339880877737743,1.9572739077056285,2.238579763018133,1.8050046959780757,6.152734822361415,9.560548365981914,4.767165056377927,470,Canyon Lite Water Bottle 2024
BOO-SMA-1039,SmartLife Premium Item,Books,Fiction,SmartLife,23.98,40.85,2023-04-18,,"Romero, Gonzalez and Brooks",13.08,46x32x34,167,53,3.7340917969354845,3.2180755046974316,3.709906821306012,3.177220149599368,5.117999800422779,40.79134944386481,20.086920394971248,168,Aurora Portable Speaker
AUT-BEA-1040,BeautyGlow Classic Gear,Automotive,Accessories,BeautyGlow,39.04,86.1,2024-02-07,,Ryan PLC,50.0,49x33x46,35,93,4.467056883858457,3.68987895444702,4.455509411433685,3.664586761544892,3.5553766325098297,85.72959747014788,46.00111264564734,31,Aurora Trail Shoes 2022
ELE-SPO-1041,SportElite Smart Phone,Electronics,Smartphones,SportElite,64.8,138.29,2023-04-30,,George Group,28.24,32x64x49,131,57,4.93655809069994,4.186619838331271,4.929352929476567,4.1713056033582285,4.875204956759802,138.28527337190903,68.25119821704213,134,Aurora Lite Coffee Grinder 2025
CLO-KIT-1042,KitchenMaster Pro Pants,Clothing,Accessories,KitchenMaster,11.11,24.61,2022-01-27,,Rodriguez LLC,28.83,53x55x50,101,19,3.242982900211434,2.494031557565001,3.2031528644029645,2.4078456036515385,4.6151304177823445,24.153700750692913,11.150107275525825,105,Solstice Edge Water Bottle
BOO-STY-1043,StyleMax Ultra Accessory,Books,Non-Fiction,StyleMax,15.32,25.76,2023-08-03,,Allen-Allen,17.43,59x89x28,35,74,3.286908235260028,2.792391349535961,3.248822901236153,2.729159164312445,3.5553766325098297,26.161133994037208,14.507875414486302,39,Solstice Smart Thermostat 2022
BEA-TEC-1044,TechPro Classic Equipment Model 750,Beauty,Hair Care,TechPro,5.31,15.06,2023-04-16,,"Arroyo, Miller and Tucker",21.83,98x71x46,138,88,2.7763317085186157,1.8421356765531218,2.7120422223717475,1.6695918352538475,4.927260931507761,14.823604381968018,11.333507015068832,133,Granite Prime Coffee Grinder
AUT-FAS-1045,FashionForward Classic Accessory,Automotive,Accessories,FashionForward,10.51,20.84,2022-09-09,,Spence PLC,4.42,62x36x34,291,88,3.083743150876704,2.443216222733791,3.0368742168851663,2.3523271848888596,5.673326703591705,20.999271838666903,12.703485898415328,286,Aurora Flex Trail Shoes
BEA-AUT-1046,AutoCare Premium Equipment,Beauty,Fragrances,AutoCare,13.27,23.52,2022-08-06,,Anderson Group,12.99,40x81x49,450,45,3.1994891110680106,2.658159431488745,3.1578511230304263,2.5855058483441162,6.109249804984119,23.335476854567624,17.943587782853374,447,Nimbus Select Wireless Earbuds
BOO-OUT-1047,OutdoorAdventure Smart Item Edition 600,Books,Fiction,OutdoorAdventure,52.01,121.32,2022-09-04,,"Martin, Rose and Obrien",32.33,67x62x6,47,47,4.8066405616208066,3.9704805749997147,4.798431682820381,3.9514360077849813,3.85016887807946,121.33966666075425,77.29127911444796,44,Granite Lite Desk Lamp
CLO-SPO-1048,SportElite Ultra Hat,Clothing,Shoes,SportElite,16.04,47.25,2023-06-28,,Hickman Ltd,49.83,75x47x27,359,68,3.876395827784995,2.83556352140117,3.855452653939752,2.7750856024383683,5.88332517399972,47.295776073756414,30.134853919861598,354,Nimbus Smart Thermostat
HOM-BEA-1049,BeautyGlow Smart Chair,Home & Garden,Bedding,BeautyGlow,4.11,8.11,2024-01-31,,"Harris, Collins and Carney",38.13,28x29x18,378,71,2.209372711271867,1.631199404215613,2.0930978681273213,1.4134230285081433,5.934896841118734,7.801157366415016,6.034944620383791,379,Nimbus Blender
HOM-OUT-1050,OutdoorAdventure Ultra Chair,Home & Garden,Home Decor,OutdoorAdventure,26.89,52.28,2023-01-05,,"Brooks, Lam and Hayes",0.81,73x21x22,23,16,3.9755610262321337,3.3282682016393976,3.956613888756021,3.2917544702807735,3.135537693244867,52.740192935209265,34.83340944364219,21,Aurora Trail Shoes
BOO-HOM-1051,HomeComfort Modern Item,Books,Educational,HomeComfort,14.2,33.53,2023-04-26,,Walker LLC,17.1,11x37x35,58,18,3.541828511401901,2.7212954278522306,3.512440560478137,2.653241964607215,4.060460251777099,33.79963016689389,25.539026258165194,62,Vertex Lite Action Camera
SPO-STY-1052,StyleMax Premium Product System 411,Sports,Athletic Wear,StyleMax,10.92,17.78,2022-09-12,2024-05-10,Chapman and Sons,30.36,84x33x38,194,67,2.932792473780117,2.4782176616372036,2.8780742300857587,2.390595970316759,5.267863313689218,18.210708962732905,8.681152697021824,190,Aurora Eco Desk Lamp 2025
SPO-KIT-1053,KitchenMaster Classic Gear,Sports,Team Sports,KitchenMaster,34.83,55.39,2024-01-28,2025-02-23,"Robinson, Jones and Welch",31.31,38x89x10,80,40,4.03229183781909,3.5787855313168624,4.014399072045013,3.5504790843779097,4.3820391345957574,55.7769308034191,23.477892863755624,84,Harbor Action Camera
CLO-STY-1054,StyleMax Elite Shirt,Clothing,Accessories,StyleMax,27.79,93.91,2023-04-27,,Jones Inc,11.65,95x41x49,440,68,4.5529290741424004,3.3600281046240843,4.542336876816522,3.3246762437544124,6.086776999636997,94.00594197923486,72.48548223249168,439,Lumen Max Smart Thermostat 2022
ELE-SPO-1055,SportElite Ultra Camera,Electronics,Gaming,SportElite,138.56,405.34,2022-07-22,,Jones-Young,27.27,87x24x22,423,28,6.007190247569464,4.9384946163185734,6.004726221091167,4.931303444814125,6.047374543109678,405.75343675032263,169.58623825981627,423,Terra Flex Water Bottle 2025
ELE-HOM-1056,HomeComfort Ultra Monitor,Electronics,Smartphones,HomeComfort,23.59,61.26,2022-10-23,,"Washington, Ryan and Cummings",23.49,43x94x30,482,44,4.131319165013462,3.202339856228101,4.115127101404629,3.1608228934195837,6.177946188737245,60.85672265201088,35.96445845350178,485,Lumen Select Water Bottle 2023
BOO-FAS-1057,FashionForward Pro Tool Edition 852,Books,Children Books,FashionForward,15.21,30.16,2022-09-14,2023-11-02,"Johnston, Sanchez and Kennedy",48.1,78x80x6,391,96,3.4391352210025476,2.785628335747585,3.4065165431397553,2.7219531062712017,5.968710117526852,29.862063205170763,20.311390880473244,389,Nimbus Lite Portable Speaker
AUT-KIT-1058,KitchenMaster Premium Product,Automotive,Car Care,KitchenMaster,27.06,67.04,2022-10-12,,Lee-Davis,29.31,86x67x10,240,54,4.220095767527661,3.3343450746743146,4.205289456173828,3.2980566227426418,5.480643089999978,66.59432274313234,51.22802705544676,236,Terra Wireless Earbuds 2022
SPO-AUT-1059,AutoCare Pro Product,Sports,Team Sports,AutoCare,48.33,122.78,2022-10-23,,Gomez-Jenkins,20.08,75x9x34,45,50,4.818505796311215,3.898532415245647,4.81039413599935,3.8780524858569927,3.806684711745632,122.608823724148,73.53467792496781,44,Granite Portable Speaker
HOM-STY-1060,StyleMax Classic Tool,Home & Garden,Bedding,StyleMax,13.05,19.6,2023-07-10,,"Brown, Valdez and Lucas",2.8,71x51x44,387,73,3.0252910757955354,2.642622395779755,2.975529566236472,2.5687881337687024,5.958427277005772,19.490903743895693,9.398392594837333,384,Harbor Wireless Earbuds
BEA-TEC-1061,TechPro Smart Gear,Beauty,Fragrances,TechPro,16.99,49.14,2023-03-25,,Powell LLC,24.29,8x85x43,409,40,3.914819092730147,2.8898160479624417,3.894673367093033,2.8326249356838407,6.0137176010275875,48.915922051138416,25.297622838753988,405,Harbor Max Action Camera
BEA-BEA-1062,BeautyGlow Premium Tool,Beauty,Makeup,BeautyGlow,7.42,13.63,2022-04-27,,Wright and Sons,5.96,24x68x50,149,75,2.683074215032033,2.130609828254235,2.612273245708441,2.004179057179289,5.003953017332334,13.95216275896889,10.881425612503433,144,Nimbus Edge Blender
BEA-SMA-1063,SmartLife Modern Equipment System 248,Beauty,Hair Care,SmartLife,6.84,14.2,2023-09-06,,"West, Henderson and Ramirez",43.98,13x40x31,174,74,2.7212954278522306,2.0592388343623163,2.653241964607215,1.922787731634459,5.159061046324451,14.059618260159716,10.83770581783268,178,Nimbus Max Water Bottle 2024
HOM-BEA-1064,BeautyGlow Ultra Tool,Home & Garden,Furniture,BeautyGlow,41.73,103.91,2022-06-02,,Baxter Inc,24.27,47x75x39,193,68,4.6531028397433944,3.7549012496559335,4.643525139864555,3.731220294603461,5.262695370238613,103.69531581949363,66.24582374446393,189,Nimbus Pro Wireless Earbuds
HOM-SPO-1065,SportElite Classic Table,Home & Garden,Kitchen,SportElite,68.08,144.06,2022-11-22,,Morton-Chase,35.29,53x54x47,405,93,4.977147449935266,4.235265253278478,4.9702298794612165,4.220683484265119,6.003889536239293,144.10184216149509,98.26071206316142,405,Lumen Yoga Mat
CLO-TEC-1066,TechPro Elite Shoes,Clothing,Shoes,TechPro,11.5,30.64,2022-04-13,,Williams PLC,22.07,72x63x5,369,28,3.4544221428994533,2.5257286443082556,3.4223063448723905,2.4423470353692043,5.910799354063955,30.288105740475267,21.415092212720076,371,Lumen Blender
SPO-STY-1067,StyleMax Modern Gear,Sports,Outdoor Gear,StyleMax,49.56,125.84,2023-10-28,2025-03-27,Novak and Sons,42.63,73x53x25,320,72,4.842926449670147,3.923160749838602,4.835011258750022,3.9031840567609417,5.76832412078889,126.13615304113897,86.73099184107194,317,Nimbus Classic Desk Lamp
AUT-KIT-1068,KitchenMaster Pro Product,Automotive,Car Parts,KitchenMaster,27.81,80.14,2022-08-21,,Russell Group,21.76,17x86x50,446,22,4.396176057778301,3.360722549096437,4.383775105207999,3.3253956682458736,6.100321194170017,79.72305963080618,38.156006642172436,451,Vertex Lite Yoga Mat
SPO-BEA-1069,BeautyGlow Premium Item,Sports,Outdoor Gear,BeautyGlow,11.24,17.8,2023-01-03,,Hancock Inc,7.36,72x57x41,349,33,2.9338568698359033,2.50470927708418,2.8791984572980396,2.419478844465545,5.855074787527835,18.277149197868507,7.828263448265065,352,Solstice Yoga Mat 2022
CLO-STY-1070,StyleMax Classic Shoes,Clothing,Womens Apparel,StyleMax,16.27,48.72,2023-08-21,2025-06-03,Gray Group,31.93,63x37x47,4,69,3.9064072666425105,2.848970892158587,3.8860896234016415,2.7893229212309465,1.3865443298750981,48.986799873910726,31.251566049047028,7,Nimbus Action Camera 2024
HOM-HOM-1071,HomeComfort Pro Vase,Home & Garden,Home Decor,HomeComfort,80.18,239.05,2022-11-03,,House-Glover,21.27,37x63x24,101,59,5.48084723497695,4.396668911410751,5.476672735072112,4.384274107214361,4.6151304177823445,238.7547413679035,104.46847390842035,97,Vertex Prime Yoga Mat
AUT-STY-1072,StyleMax Smart Equipment,Automotive,Accessories,StyleMax,19.45,45.94,2023-12-18,,Henderson-Bernard,48.9,89x55x22,4,82,3.8488701904228773,3.017982882488811,3.8273361972609523,2.9678470700644555,1.3865443298750981,45.455411674781125,30.518841559066935,6,Granite Classic Water Bottle
AUT-KIT-1073,KitchenMaster Modern Gear,Automotive,Car Parts,KitchenMaster,82.12,151.53,2022-12-27,,"Stanley, Tucker and Lee",9.59,37x91x47,348,27,5.027361298011842,4.420285346790972,5.020783625148071,4.408181592150733,5.852205353333564,151.83915219988575,92.53460652666465,352,Vertex Flex Water Bottle
BEA-TEC-1074,TechPro Ultra Equipment Model 849,Beauty,Skincare,TechPro,1.9,3.23,2022-10-30,,Novak PLC,20.83,30x21x39,448,56,1.4422019930581866,1.0647107369924282,1.172482137234565,0.6418538861723947,6.104795464555351,3.432720196970665,2.4358184352149235,453,Vertex Max Action Camera
BOO-HOM-1075,HomeComfort Ultra Equipment,Books,Educational,HomeComfort,42.09,81.76,2022-12-13,,"Daniels, Adkins and Brown",23.47,14x23x19,440,96,4.415944852877343,3.763290951627747,4.403788126455394,3.7398101827824792,6.086776999636997,81.98442702468017,44.58391708341556,439,Aurora Lite Coffee Grinder
BEA-OUT-1076,OutdoorAdventure Advanced Item,Beauty,Fragrances,OutdoorAdventure,21.72,33.04,2023-07-04,2025-01-11,"Woods, Calhoun and Schmidt",33.67,91x38x42,195,91,3.5275363037051735,3.1232455938529506,3.497718948652777,3.0782334950657346,5.273004686755725,33.30584493975223,13.60235866341862,193,Pulse Water Bottle
HOM-SPO-1077,SportElite Modern Chair,Home & Garden,Furniture,SportElite,15.35,44.73,2022-12-02,,Yu Inc,11.15,13x86x34,465,99,3.822754537669964,2.794227897343262,3.8006444174447567,2.731115474033206,6.142039556122678,44.312563758699405,24.753120488416677,469,Terra Desk Lamp 2023
HOM-STY-1078,StyleMax Elite Chair,Home & Garden,Garden Tools,StyleMax,21.81,42.68,2023-05-20,2024-07-13,Jones Inc,44.37,22x54x34,189,95,3.7768903314366495,3.1271990362962967,3.7537304264335525,3.0823685802135374,5.241752306050936,42.541296413973384,27.94428712583115,188,Vertex Flex Action Camera
BEA-KIT-1079,KitchenMaster Elite Equipment,Beauty,Fragrances,KitchenMaster,3.36,9.23,2023-09-23,,"Hensley, Powell and David",47.58,9x93x28,111,66,2.325324579963535,1.4724720573609429,2.222459048514761,1.2119409739751128,4.709539210280762,8.853551678334627,4.788647248186145,109,Granite Classic Wireless Earbuds
SPO-AUT-1080,AutoCare Pro Accessory,Sports,Outdoor Gear,AutoCare,16.48,47.02,2023-10-23,,"Sanchez, Wheeler and Harvey",19.97,29x20x34,46,94,3.8716175907931074,2.8610573702273894,3.8505730431119236,2.8021475244813256,3.828663135383238,47.375841357358084,35.57128486088045,48,Aurora Prime Smart Thermostat
CLO-TEC-1081,TechPro Premium Dress Collection 905,Clothing,Accessories,TechPro,16.21,50.73,2022-03-12,,Sandoval-Cunningham,27.75,80x32x19,168,28,3.9460378840154235,2.845490610223448,3.9265174515785985,2.785628335747585,5.123969931766496,50.850832164291006,22.605044234693207,166,Solstice Lite Wireless Earbuds
AUT-BEA-1082,BeautyGlow Elite Product,Automotive,Car Parts,BeautyGlow,75.95,204.9,2022-04-23,,Donovan-Harris,1.39,6x50x20,301,51,5.327390614033744,4.343155860284888,5.322522055244854,4.330075229041782,5.707113587002493,204.7342800643556,122.58801186154787,305,Harbor Trail Shoes 2025
ELE-BEA-1083,BeautyGlow Premium Laptop,Electronics,Laptops,BeautyGlow,32.52,82.48,2024-02-03,2025-11-03,"Edwards, Baker and Anderson",38.92,70x80x11,231,74,4.4246070822090005,3.5121422756138823,4.412555839708705,3.48185528467961,5.442422039516752,82.05228718328031,50.89376011479639,231,Lumen Coffee Grinder 2024
CLO-TEC-1084,TechPro Ultra Jacket,Clothing,Accessories,TechPro,6.38,13.16,2023-05-06,,"Evans, Stewart and Walton",21.37,18x67x50,465,66,2.6504210882655737,1.998773638612381,2.5771819258971713,1.8531680973566984,6.142039556122678,12.97476267528135,7.33922750422975,461,Vertex Portable Speaker 2022
ELE-AUT-1085,AutoCare Elite Phone System 748,Electronics,Smartphones,AutoCare,33.06,86.59,2023-12-31,,Smith PLC,49.73,72x42x34,258,87,4.472666836174998,3.5281236752345424,4.46118433545971,3.498324092392878,5.552963460883098,86.41867965558622,47.53774512751813,257,Terra Flex Action Camera
SPO-STY-1086,StyleMax Smart Equipment,Sports,Fitness Equipment,StyleMax,45.78,84.36,2022-12-14,,"Ferrell, Jones and Lewis",20.0,98x17x25,218,50,4.446877606993498,3.845455761156033,4.435093355610574,3.8238473145244205,5.384499649934531,84.5850140547713,65.23954821243218,218,Lumen Edge Trail Shoes 2022
BEA-AUT-1087,AutoCare Elite Accessory,Beauty,Hair Care,AutoCare,27.0,43.22,2022-03-29,2023-01-01,Anderson-Bailey,37.25,52x21x40,30,85,3.7891771754293,3.332204510175204,3.76630335107874,3.295836866004329,3.4012307144399454,43.35480632192811,22.845950090281143,29,Granite Blender
BOO-STY-1088,StyleMax Classic Gear,Books,Educational,StyleMax,12.47,36.3,2023-03-10,,Suarez LLC,36.08,41x81x24,180,23,3.6189933266497696,2.6004649904222727,3.591817741270805,2.523325759691945,5.192962406430334,36.6794684877248,25.794004612453527,176,Solstice Flex Coffee Grinder
BOO-HOM-1089,HomeComfort Modern Product,Books,Non-Fiction,HomeComfort,31.88,64.56,2023-07-24,,Moore-Bass,38.15,78x33x32,432,81,4.182965753875629,3.492864570187979,4.1675950239616935,3.461978853922014,6.068427903056246,64.53277062665872,33.19687991258821,433,Nimbus Yoga Mat
AUT-KIT-1090,KitchenMaster Ultra Item Kit 880,Automotive,Car Parts,KitchenMaster,21.92,43.04,2022-12-14,,"Turner, Riggs and Roman",9.15,23x77x47,205,18,3.785098311854479,3.132009891846539,3.762129915853529,3.087399462079815,5.323014857175291,42.667202361019534,20.09565848042758,203,Pulse Action Camera
CLO-STY-1091,StyleMax Smart Jacket,Clothing,Mens Apparel,StyleMax,26.44,70.91,2023-01-14,,"Smith, Montoya and Evans",16.29,77x81x10,452,16,4.275415337114403,3.3120018028576848,4.261411467315905,3.2748780149834857,6.113684392219164,71.11897989147853,34.024500340298516,454,Solstice Action Camera
CLO-KIT-1092,KitchenMaster Premium Hat Edition 777,Clothing,Womens Apparel,KitchenMaster,6.95,19.79,2023-09-14,,"Garcia, Humphrey and Baker",13.73,70x19x27,220,24,3.0344721018699214,2.0731719286662407,2.9851767596144745,1.9387416595767009,5.393632091796577,20.04556934764456,11.606376895389428,221,Vertex Portable Speaker
HOM-FAS-1093,FashionForward Ultra Chair System 156,Home & Garden,Home Decor,FashionForward,14.96,22.61,2022-11-05,,Newton and Sons,38.39,37x42x25,61,10,3.1616703510974213,2.7700855920216627,3.1183922862898785,2.7053799725463312,4.110890257481564,22.670051653618106,13.419129991957806,62,Aurora Eco Yoga Mat
SPO-HOM-1094,HomeComfort Elite Equipment,Sports,Athletic Wear,HomeComfort,14.11,26.04,2023-07-27,,Campbell-Clark,40.33,14x55x7,223,12,3.2973172511747633,2.715356776284648,3.2596338173403683,2.6468837658647226,5.407176255754997,26.30554783635547,19.54106609481271,226,Terra Prime Coffee Grinder
SPO-AUT-1095,AutoCare Classic Tool,Sports,Fitness Equipment,AutoCare,5.38,13.24,2022-10-24,2023-05-13,Harris-Walters,48.31,26x84x34,425,98,2.65605490598383,1.8531680973566984,2.5832425505088623,1.682688374173693,6.052091521862825,13.233919684437103,6.482788274720648,420,Lumen Smart Thermostat
HOM-SMA-1096,SmartLife Pro Table,Home & Garden,Furniture,SmartLife,26.22,55.08,2022-03-22,,Wagner-King,15.58,48x33x26,398,31,4.0267792427263345,3.30395199722332,4.008786673860454,3.2665224783355535,5.986454517844095,55.10227817279435,38.09971246620323,402,Vertex Edge Trail Shoes
ELE-STY-1097,StyleMax Smart Tablet,Electronics,Smart Home,StyleMax,70.88,222.69,2023-10-23,,Davis Group,11.89,23x37x17,88,87,5.410261164770021,4.274998061915358,5.405780669797565,4.2609883062968255,4.477348178050004,222.61899019799137,133.86565877291486,88,Solstice Lite Yoga Mat 2022
CLO-HOM-1098,HomeComfort Modern Jacket,Clothing,Mens Apparel,HomeComfort,12.23,43.06,2023-04-05,,Williams-Cook,44.11,87x86x44,165,90,3.785552341374197,2.5824869781268642,3.762594491936217,2.503891949699081,5.105951534488276,42.594910744209216,29.23247674931193,165,Solstice Smart Thermostat
HOM-FAS-1099,FashionForward Pro Vase,Home & Garden,Kitchen,FashionForward,16.26,31.78,2022-10-09,,Walsh LLC,17.66,14x44x34,231,14,3.4898185733156835,2.848391685655282,3.45883716110857,2.7887081041196646,5.442422039516752,31.39573359845344,23.435931025700555,231,Canyon Action Camera
ELE-BEA-1100,BeautyGlow Pro Camera,Electronics,Tablets,BeautyGlow,13.26,39.74,2023-09-22,,Figueroa PLC,19.29,79x75x7,230,83,3.70721041079866,2.65745841498615,3.6823582371236707,2.5847519847577165,5.43808365673983,39.280800601973,21.532828337961735,230,Granite Pro Smart Thermostat
BEA-AUT-1101,AutoCare Modern Tool Series 561,Beauty,Makeup,AutoCare,13.76,22.77,2022-12-18,,"Patterson, Smith and Jones",4.31,87x27x7,126,100,3.1684242813721024,2.6919208191723265,3.125443880075648,2.6217658325051976,4.83628984342792,22.903682203038503,17.82518429881952,130,Aurora Trail Shoes 2025
SPO-OUT-1102,OutdoorAdventure Elite Gear,Sports,Athletic Wear,OutdoorAdventure,14.75,28.39,2023-02-23,,"Mckee, Gardner and Davenport",33.98,11x85x46,171,18,3.380654480430826,2.7568403652716422,3.34603697048488,2.691243082785829,5.141669404438777,28.2080688614548,14.11932056235112,172,Aurora Classic Water Bottle
HOM-OUT-1103,OutdoorAdventure Classic Lamp Set 772,Home & Garden,Furniture,OutdoorAdventure,9.76,28.75,2023-09-10,,"Tran, Jordan and Williams",16.73,79x89x14,469,54,3.392829131991639,2.3758355547336385,3.3586377672433594,2.278292400425001,6.150604900640168,28.758399277341407,19.35340427654094,473,Canyon Water Bottle
HOM-HOM-1104,HomeComfort Pro Lamp,Home & Garden,Garden Tools,HomeComfort,17.37,42.83,2022-12-03,,Nolan-Flynn,33.54,99x92x38,47,92,3.780318514430718,2.9107188992270343,3.7572387916272794,2.854744580253014,3.85016887807946,43.22941514444757,34.58120303563488,47,Canyon Portable Speaker
BEA-OUT-1105,OutdoorAdventure Advanced Item,Beauty,Fragrances,OutdoorAdventure,28.89,51.15,2022-08-08,,Nolan and Sons,38.33,29x33x13,79,19,3.9541241814467813,3.3975239762958465,3.9347624923976356,3.363495514478144,4.369460510614755,50.9043063845659,30.315975385328162,74,Granite Pro Water Bottle
HOM-OUT-1106,OutdoorAdventure Premium Pot,Home & Garden,Furniture,OutdoorAdventure,109.68,290.59,2022-05-15,,"Wright, Garcia and Deleon",7.8,28x93x44,414,31,5.675348705993653,4.7066431549187255,5.671913338981806,4.697567035254059,6.025868389281334,290.5021752645749,226.95750767463366,411,Canyon Lite Smart Thermostat
BEA-TEC-1107,TechPro Classic Gear,Beauty,Fragrances,TechPro,23.5,43.63,2023-03-31,,Dickson-Brady,37.64,62x34x39,122,49,3.7984062786411785,3.1986731175506815,3.775744987135518,3.1570004211501135,4.8040292414209755,43.88044011577219,30.256975395114047,118,Harbor Lite Water Bottle 2022
AUT-SPO-1108,SportElite Advanced Accessory,Automotive,Accessories,SportElite,25.33,75.38,2023-04-18,,Hancock and Sons,38.93,69x72x31,494,30,4.3357208817973705,3.270708973508218,4.3225419878389895,3.231989464013584,6.202537541477372,75.11422220218178,38.84978217355877,494,Harbor Flex Wireless Earbuds
AUT-KIT-1109,KitchenMaster Elite Gear Edition 995,Automotive,Tools,KitchenMaster,18.78,38.64,2022-04-16,,Johnson-Doyle,25.84,20x41x10,390,30,3.6798387094617873,2.984671326194566,3.654288009344317,2.932792473780117,5.966149303222969,38.22544031163222,29.6218168935196,392,Nimbus Eco Desk Lamp
HOM-OUT-1110,OutdoorAdventure Elite Vase Collection 936,Home & Garden,Garden Tools,OutdoorAdventure,3.57,7.77,2022-12-24,,Patton-Jenkins,20.8,55x69x28,120,59,2.1713368063840917,1.5195132049061133,2.050270164379556,1.2725655957915476,4.787500076080657,7.563956423855492,3.511677226666247,117,Solstice Flex Trail Shoes
ELE-SPO-1111,SportElite Premium Tablet,Electronics,Tablets,SportElite,53.17,158.17,2023-10-28,,"Shields, Cochran and Adams",7.39,9x41x35,356,27,5.069972813441763,3.9921272496698075,5.063670403975397,3.973494327516247,5.874933539836849,157.8379968615089,126.02922591296847,360,Granite Eco Blender
AUT-FAS-1112,FashionForward Premium Item Collection 955,Automotive,Accessories,FashionForward,21.2,36.56,2024-01-15,,"Rodriguez, Brennan and Garrison",21.22,41x35x24,62,16,3.6259396543400624,3.100092288878234,3.5989547465859495,3.054001181677967,4.127150513947278,36.98110369929572,25.9337553184698,64,Terra Blender
CLO-KIT-1113,KitchenMaster Modern Shirt Edition 711,Clothing,Shoes,KitchenMaster,87.41,268.53,2023-10-10,,Gonzalez Group,12.17,23x42x32,0,88,5.59667970140792,4.481985085417713,5.592962639550957,4.470609692592396,-6.907755278982137,268.8319579719731,135.39409114368328,2,Granite Flex Smart Thermostat 2025
HOM-KIT-1114,KitchenMaster Classic Table,Home & Garden,Kitchen,KitchenMaster,16.89,27.51,2023-01-05,2024-12-23,Torres-Pope,27.25,69x75x6,199,70,3.3502549029245805,2.884241897520628,3.3145495749364833,2.826721730819709,5.293309849837494,27.640735681380217,18.615812700072848,198,Granite Water Bottle
ELE-SMA-1115,SmartLife Advanced Tablet,Electronics,Gaming,SmartLife,73.81,169.77,2022-03-11,,Walker Ltd,36.67,85x18x42,376,52,5.140317621899148,4.314951565884313,5.134444579822542,4.301494223781961,5.929591802960826,170.13403137838398,129.17308000333054,378,Terra Max Wireless Earbuds
CLO-AUT-1116,AutoCare Advanced Hat Set 801,Clothing,Mens Apparel,AutoCare,11.85,34.71,2023-12-14,,Ross LLC,9.2,22x13x50,397,68,3.575430761606357,2.553343811341229,3.547027829873695,2.47232786758114,5.983938799575705,35.007598635361134,22.961709130605445,397,Aurora Eco Action Camera
ELE-SPO-1117,SportElite Premium Laptop,Electronics,Tablets,SportElite,16.97,38.04,2022-11-14,,Rasmussen LLC,49.46,74x65x21,18,92,3.664586761544892,2.8887037007954675,3.6386382376771897,2.831447079246135,2.8904273119085677,37.732838657708314,26.10518842645672,17,Canyon Desk Lamp
CLO-AUT-1118,AutoCare Premium Hat,Clothing,Kids Clothing,AutoCare,30.39,68.36,2023-01-12,,May-Ross,20.06,61x54x26,498,33,4.239310332472287,3.4464893708538624,4.224787858247391,3.414113606928702,6.210602085054766,68.74470781852018,31.82297285912946,501,Granite Portable Speaker 2025
SPO-AUT-1119,AutoCare Ultra Item,Sports,Athletic Wear,AutoCare,39.52,63.95,2023-09-09,,"Rivera, Johnson and Wiley",9.1,42x46x11,40,51,4.173617743116608,3.7017956793804827,4.158101528024852,3.6768068728796672,3.6889044538014413,63.98855539707734,43.170572084479566,41,Vertex Max Smart Thermostat
BEA-BEA-1120,BeautyGlow Modern Tool,Beauty,Hair Care,BeautyGlow,40.93,71.63,2023-03-31,,White-Estes,2.21,50x83x32,140,91,4.285378059618076,3.7360015611826713,4.27151398062636,3.7118632905043114,4.941649565440937,71.93129135206078,34.845460487880054,142,Solstice Eco Smart Thermostat 2025
AUT-STY-1121,StyleMax Classic Gear,Automotive,Car Parts,StyleMax,8.86,23.26,2022-06-13,,Johnson-Carlson,7.22,82x91x33,17,26,3.1888289035159043,2.288486168614544,3.1467351470905185,2.1815467646169897,2.833272165855592,23.648169473925027,10.48207812731712,12,Harbor Select Trail Shoes 2024
ELE-AUT-1122,AutoCare Advanced Speaker,Electronics,Laptops,AutoCare,222.03,409.71,2022-06-07,,Chandler-Edwards,47.45,52x61x9,293,27,6.017887369339086,5.407306291559866,6.015449592358443,5.402812507877485,5.680176021980526,409.5316434054724,256.5605304135389,298,Solstice Trail Shoes
BOO-SMA-1123,SmartLife Advanced Accessory Series 126,Books,Educational,SmartLife,5.69,14.81,2023-05-27,,"Joyce, Wilson and Lam",45.69,20x38x21,360,67,2.7606426512213806,1.900613874140137,2.6953026282797072,1.7387102481382397,5.886106809224075,14.427850886037124,6.290871111108501,356,Aurora Ultra Wireless Earbuds
CLO-BEA-1124,BeautyGlow Modern Pants Set 175,Clothing,Accessories,BeautyGlow,19.48,56.58,2024-01-01,,Scott Ltd,4.48,92x45x47,177,100,4.05317528518403,3.019448800171307,4.035655565873421,2.969388298214389,5.176155382275383,56.3133764592911,36.55147972034632,179,Solstice Classic Desk Lamp
ELE-OUT-1125,OutdoorAdventure Ultra Tablet,Electronics,Smart Home,OutdoorAdventure,488.07,1364.9,2023-12-19,,Smith-Frost,39.71,70x33x12,102,27,7.219568831008846,6.192505628514245,7.21883644486215,6.190458838189189,4.624982617157782,1364.8285656328537,565.542147571968,105,Solstice Smart Thermostat
CLO-TEC-1126,TechPro Advanced Shoes,Clothing,Shoes,TechPro,5.52,16.19,2023-07-19,2024-04-12,"Mcdaniel, Bentley and Mclaughlin",3.38,55x96x35,269,62,2.844327819394758,1.8748743759385615,2.784393767689544,1.7083778602890038,5.5947150970670485,16.501654470604045,12.611953623857023,267,Vertex Portable Speaker
AUT-KIT-1127,KitchenMaster Pro Product,Automotive,Accessories,KitchenMaster,12.07,29.72,2023-04-06,,Diaz Inc,25.92,21x75x45,300,33,3.4249139082794713,2.570319527636131,3.391820219849558,2.4907230351094403,5.703785807983979,30.073515971591217,15.794378823682514,304,Nimbus Desk Lamp 2022
AUT-SMA-1128,SmartLife Premium Item,Automotive,Tools,SmartLife,21.97,42.98,2022-06-15,,"Mccall, Hanson and Alvarado",35.5,49x71x23,433,20,3.783734985126615,3.134189016701007,3.7607348912143643,3.089677886396519,6.070740037468645,42.496813087920565,25.603241279340875,438,Harbor Portable Speaker
HOM-OUT-1129,OutdoorAdventure Ultra Table,Home & Garden,Kitchen,OutdoorAdventure,12.77,30.92,2022-04-06,,Cortez LLC,8.51,79x24x15,337,89,3.463232772581608,2.6224923127405635,3.4314032237192214,2.547098670044448,5.82008589770701,30.930532356526015,19.948352317174994,341,Granite Lite Wireless Earbuds 2024
BEA-KIT-1130,KitchenMaster Premium Item Kit 889,Beauty,Hair Care,KitchenMaster,4.97,11.77,2023-10-29,,"Parker, Ortiz and Powell",28.65,84x86x6,254,90,2.547098670044448,1.7867469274045107,2.4655539212721855,1.6034198401085373,5.537338204018661,11.689062783085802,6.392926676750016,257,Terra Trail Shoes
BOO-BEA-1131,BeautyGlow Modern Product,Books,Educational,BeautyGlow,21.36,54.0,2022-11-01,,Spencer-Lee,34.46,25x61x31,247,69,4.007333185232471,3.1072736482868986,3.9889840465642745,3.061520014091994,5.509392385202777,53.727665654261315,27.85549312832501,245,Aurora Coffee Grinder
CLO-KIT-1132,KitchenMaster Elite Dress,Clothing,Kids Clothing,KitchenMaster,5.21,13.74,2022-12-20,,"Bentley, Byrd and Orr",6.63,52x70x40,54,50,2.6905648867611904,1.8261608959453874,2.620311286794203,1.6505798557652755,3.989002564911327,13.36746805998701,10.67064410091456,58,Nimbus Water Bottle 2025
CLO-STY-1133,StyleMax Ultra Jacket Series 151,Clothing,Shoes,StyleMax,17.79,45.92,2023-01-29,,"Carroll, Sullivan and Bass",20.96,25x46x41,369,50,3.848444023785275,2.933324813425374,3.826900752011311,2.8786365016777435,5.910799354063955,45.760862867975554,33.55272333456224,373,Canyon Flex Trail Shoes
CLO-FAS-1134,FashionForward Modern Jacket,Clothing,Womens Apparel,FashionForward,5.84,17.48,2022-04-03,,Mitchell-Jordan,25.32,35x32x42,180,16,2.916689066213538,1.922787731634459,2.8610573702273894,1.7647307968401356,5.192962406430334,17.91405150983427,9.221823735888583,184,Canyon Select Desk Lamp
ELE-FAS-1135,FashionForward Modern Tablet,Electronics,Tablets,FashionForward,257.22,768.07,2023-03-18,2024-06-10,"Lawson, Morris and Ramos",36.4,56x51x7,205,16,6.645181992671103,5.553811934746573,6.6438808748274765,5.549931749837941,5.323014857175291,767.8967388733804,409.63131673090686,208,Harbor Portable Speaker
BOO-AUT-1136,AutoCare Ultra Item,Books,Non-Fiction,AutoCare,9.93,21.59,2023-07-18,,"Lewis, Kennedy and Santana",49.46,92x83x12,65,22,3.1175073304799117,2.391511302188447,3.072230244526716,2.295560478057081,4.17440265439268,21.6084148093085,8.936829760919586,70,Canyon Edge Smart Thermostat 2023
SPO-AUT-1137,AutoCare Advanced Product System 511,Sports,Team Sports,AutoCare,15.03,33.82,2022-02-16,2023-07-22,"Jackson, Miller and Robertson",40.22,71x63x14,310,75,3.550191934340043,2.7744619666214616,3.5210523434704344,2.710048203764883,5.7365755232804405,34.01895857971727,16.859281638117437,311,Nimbus Yoga Mat 2025
CLO-KIT-1138,KitchenMaster Advanced Pants,Clothing,Kids Clothing,KitchenMaster,23.36,75.51,2022-11-03,,"Harvey, Davis and Crane",25.42,70x73x36,362,82,4.3374214512437606,3.192942442841696,4.324265097815334,3.151025157960026,5.891646974252895,75.37635701033172,31.634772386810525,358,Terra Portable Speaker
HOM-TEC-1139,TechPro Advanced Lamp,Home & Garden,Garden Tools,TechPro,6.63,19.7,2023-08-21,,Chambers and Sons,44.95,93x85x6,305,70,3.0301337002713233,2.0320878452963655,2.9806186357439426,1.891604804197771,5.720315055290561,20.16234644106654,10.463931160523066,308,Canyon Lite Coffee Grinder
HOM-KIT-1140,KitchenMaster Smart Pot Edition 274,Home & Garden,Home Decor,KitchenMaster,24.65,56.35,2024-01-09,,Hernandez Inc,42.07,23x92x20,16,83,4.04917284357538,3.2445435716167785,4.031582240485785,3.204776900488699,2.7726512202867375,56.80319834904327,38.67043118894793,14,Harbor Edge Coffee Grinder
BEA-SPO-1141,SportElite Premium Equipment,Beauty,Skincare,SportElite,65.13,112.49,2023-12-09,,Riggs PLC,25.14,83x65x8,361,27,4.731714727313047,4.191622501686571,4.722864328804734,4.17638527255831,5.888880728412147,112.24674664990886,85.0666494264554,363,Harbor Lite Water Bottle 2025
BOO-OUT-1142,OutdoorAdventure Advanced Accessory,Books,Non-Fiction,OutdoorAdventure,4.73,9.76,2022-06-27,,Gibson Ltd,26.7,74x50x48,395,97,2.3758355547336385,1.7457155307266483,2.278292400425001,1.5539252025038417,5.978888296543487,9.757303535774538,4.754445730152251,396,Canyon Water Bottle
BEA-KIT-1143,KitchenMaster Modern Product,Beauty,Hair Care,KitchenMaster,23.72,45.5,2022-11-02,,"Lee, Horton and Snyder",48.65,43x41x50,106,98,3.839452312593311,3.20761263258949,3.817712325956905,3.1663185741295248,4.663448528029832,45.30486074362044,24.570652284065197,107,Canyon Smart Thermostat 2023
BEA-AUT-1144,AutoCare Modern Gear,Beauty,Fragrances,AutoCare,25.38,73.64,2024-01-09,,Hernandez Ltd,6.18,91x74x29,458,60,4.312676556539088,3.2726061472891685,4.299188356364877,3.2339614622862416,6.126871367517915,73.42914368448992,57.32801189654794,460,Granite Edge Wireless Earbuds
AUT-HOM-1145,HomeComfort Ultra Item Kit 180,Automotive,Car Care,HomeComfort,40.59,81.98,2023-03-29,,Stafford Inc,37.39,32x30x39,138,81,4.418599614904722,3.7278597537548204,4.406475315076191,3.7035217308508064,4.927260931507761,81.52614920840745,53.47950816448605,133,Lumen Select Water Bottle
BEA-HOM-1146,HomeComfort Pro Tool,Beauty,Hair Care,HomeComfort,6.6,12.26,2022-02-21,,Robinson-Brock,26.6,86x34x8,51,62,2.5847519847577165,2.028148247292285,2.506341930508065,1.8870696490323797,3.9318452403752318,12.3673730473003,5.1606583379673365,50,Canyon Lite Yoga Mat 2023
HOM-STY-1147,StyleMax Elite Chair,Home & Garden,Garden Tools,StyleMax,6.12,18.16,2022-06-11,,"Holmes, Williams and Wright",46.76,65x66x46,102,46,2.9528247725427144,1.9629077254238845,2.8992213731731473,1.8115620965242347,4.624982617157782,18.162625442764284,10.894660921945627,98,Pulse Trail Shoes
HOM-TEC-1148,TechPro Pro Pot,Home & Garden,Bedding,TechPro,32.13,73.98,2024-01-11,,Bryant Group,1.96,27x58x16,478,14,4.317221411307766,3.5004392163118045,4.303794786404308,3.4697901731277674,6.169612824539477,73.540449176225,46.10312132716846,474,Vertex Prime Wireless Earbuds 2024
AUT-FAS-1149,FashionForward Elite Accessory,Automotive,Accessories,FashionForward,26.24,75.81,2022-02-08,2024-03-10,"Schmidt, Hansen and Stewart",30.18,47x41x34,328,79,4.341334840010591,3.3046864812813115,4.328230210068212,3.267284964075888,5.793016657159984,75.59307353495188,46.63489086407153,323,Nimbus Flex Wireless Earbuds 2022
BOO-HOM-1150,HomeComfort Modern Gear Series 438,Books,Children Books,HomeComfort,25.16,43.88,2023-04-15,,Salazar-Ball,35.96,6x99x26,404,47,3.803992261214441,3.264231526588998,3.7814586354070294,3.22525543183224,6.001417353205611,44.28010056824732,31.724341244230615,403,Lumen Ultra Desk Lamp
BOO-HOM-1151,HomeComfort Classic Equipment,Books,Non-Fiction,HomeComfort,27.43,44.72,2023-11-17,2024-10-05,"Simmons, Meadows and Griffin",23.92,36x5x21,196,40,3.8225358389266098,3.3474449256629084,3.8004208288468435,3.311637304949512,5.278119761258318,44.46477065285363,29.014024606056648,192,Vertex Ultra Smart Thermostat
SPO-AUT-1152,AutoCare Ultra Tool,Sports,Team Sports,AutoCare,10.89,16.52,2023-11-01,,Manning Group,11.89,90x20x34,157,30,2.8633430855082453,2.4756977107026907,2.804571768092832,2.387844936944869,5.056252174754775,16.1719969746494,10.545350036915574,155,Canyon Pro Smart Thermostat
SPO-STY-1153,StyleMax Ultra Gear,Sports,Team Sports,StyleMax,24.76,45.27,2022-05-17,,Green-Wright,22.8,82x52x31,359,80,3.8344938029189084,3.248822901236153,3.8126445614478675,3.2092294478163956,5.88332517399972,45.259663705072015,35.259902721274706,356,Harbor Classic Smart Thermostat
SPO-SPO-1154,SportElite Pro Tool,Sports,Outdoor Gear,SportElite,26.15,66.82,2022-03-21,,"Ramirez, Strickland and Washington",5.7,75x69x17,293,78,4.2168571366974925,3.3013770463799443,4.20200243692861,3.263849190510932,5.680176021980526,67.29593744502839,33.17507671059446,290,Nimbus Portable Speaker 2023
CLO-AUT-1155,AutoCare Modern Shirt,Clothing,Womens Apparel,AutoCare,6.88,23.62,2023-05-16,2025-04-17,Hill Inc,22.33,12x63x13,262,63,3.2035591207563074,2.064327903869788,3.1620938107692163,1.9286186519452522,5.568348320547706,23.367214166081272,14.800752028297037,258,Terra Lite Yoga Mat 2025
SPO-OUT-1156,OutdoorAdventure Modern Accessory,Sports,Fitness Equipment,OutdoorAdventure,107.68,278.35,2023-02-10,,"Mitchell, Nelson and Flores",0.25,32x79x9,23,64,5.632465475905158,4.688407784558147,5.628879314629517,4.679163865896418,3.135537693244867,278.5186928364578,131.21796732815145,23,Terra Portable Speaker 2025
HOM-OUT-1157,OutdoorAdventure Premium Chair,Home & Garden,Furniture,OutdoorAdventure,30.77,67.94,2022-10-21,,"Miller, Hernandez and Reyes",38.47,87x98x46,493,63,4.233236561088719,3.4585224482814247,4.218624962732438,3.4265401893339504,6.200511202438199,68.19638722302214,31.360845154939614,489,Canyon Edge Smart Thermostat
HOM-FAS-1158,FashionForward Classic Vase Kit 995,Home & Garden,Garden Tools,FashionForward,6.87,15.87,2023-11-01,,Mccarthy Inc,6.02,73x55x38,65,38,2.825536896557877,2.063058062429312,2.7644305345383176,1.927164106234258,4.17440265439268,15.612884793112551,11.166372333356062,67,Harbor Portable Speaker
AUT-TEC-1159,TechPro Ultra Equipment,Automotive,Car Parts,TechPro,36.27,84.02,2023-06-29,,Russell-Daniels,11.56,63x49x14,141,34,4.442886522930644,3.618188713491167,4.431054865741236,3.590990953294811,4.9487669825516,84.24365202163962,45.24377841445033,143,Nimbus Wireless Earbuds 2022
BEA-TEC-1160,TechPro Classic Tool,Beauty,Skincare,TechPro,8.35,23.61,2022-01-17,,Brown-Wall,3.46,81x9x33,306,96,3.2031528644029645,2.2353763433005955,3.1616703510974213,2.122261538862764,5.723588369920897,23.480427470064868,14.348590516819787,305,Vertex Classic Wireless Earbuds 2025
BEA-SPO-1161,SportElite Premium Equipment,Beauty,Skincare,SportElite,40.79,94.2,2024-02-12,,Stein-Silva,2.92,69x42x19,417,83,4.55597994179732,3.732657076459824,4.545420181582317,3.708436953329467,6.033088619877461,94.32965971398171,42.25377353794462,421,Canyon Ultra Portable Speaker 2024
HOM-KIT-1162,KitchenMaster Advanced Table,Home & Garden,Home Decor,KitchenMaster,56.98,97.72,2023-11-08,,"Smith, Gilmore and Johnston",20.74,40x12x40,485,85,4.592287560157078,4.06009812349351,4.5821062463895395,4.0427003290697625,6.184150952791027,97.85085911654568,69.8365229717153,486,Canyon Trail Shoes
BEA-SMA-1163,SmartLife Modern Item,Beauty,Makeup,SmartLife,9.6,27.95,2023-11-19,,Smith-Bell,26.27,94x58x31,76,48,3.3655702040190043,2.3608540011180215,3.3304171996011083,2.2617630984737906,4.330746498094504,27.98505919039326,14.800590340032022,74,Terra Select Wireless Earbuds 2023
SPO-OUT-1164,OutdoorAdventure Modern Product,Sports,Outdoor Gear,OutdoorAdventure,47.8,93.26,2023-12-26,2025-10-10,Castaneda-Ashley,45.75,76x57x31,285,77,4.546056921495585,3.8877303128591016,4.535391291380175,3.86702563949741,5.652492689034425,92.85848397465332,51.71281089781626,280,Harbor Pro Desk Lamp
CLO-SPO-1165,SportElite Ultra Pants,Clothing,Shoes,SportElite,16.95,36.58,2023-04-06,,Medina-Navarro,4.71,97x29x8,137,58,3.6264719939853194,2.8875901149342877,3.5995016429627196,2.830267833826459,4.919988225071559,36.90859644567745,25.167211930337544,142,Terra Portable Speaker
BEA-STY-1166,StyleMax Smart Tool,Beauty,Skincare,StyleMax,42.09,98.42,2023-05-06,,"Hurst, Freeman and Nelson",45.36,43x6x18,479,34,4.599353300666527,3.763290951627747,4.589244035437832,3.7398101827824792,6.171702685091408,98.2443644636723,73.22738398518872,475,Canyon Yoga Mat
BEA-FAS-1167,FashionForward Smart Accessory,Beauty,Skincare,FashionForward,110.73,200.07,2022-09-03,,Johnson-Rogers,38.8,53x64x39,332,55,5.303653106137556,4.716085246559246,5.298667305312325,4.707094805710017,5.805137980960145,199.76278814019184,107.74088034577446,336,Lumen Classic Water Bottle
HOM-AUT-1168,AutoCare Modern Vase Kit 580,Home & Garden,Bedding,AutoCare,16.11,42.56,2022-11-24,,"Yates, Ramsey and Pittman",18.6,57x10x41,442,38,3.77413929806476,2.839663087904102,3.750914845033389,2.779440197188883,6.091312144518578,42.10995963872367,21.247044050492402,446,Granite Coffee Grinder 2023
BEA-TEC-1169,TechPro Ultra Tool,Beauty,Makeup,TechPro,10.19,24.14,2023-03-04,,Hooper PLC,9.89,34x53x41,426,41,3.2244602031621015,2.4150205223238337,3.1838702156693857,2.321406847234633,6.054441693684455,24.229075084324478,16.324316623176344,424,Terra Portable Speaker
SPO-BEA-1170,BeautyGlow Modern Accessory,Sports,Team Sports,BeautyGlow,9.02,20.17,2022-06-22,,Meadows PLC,17.67,22x97x39,250,33,3.0525850851467737,2.3045830956567186,3.0041963519661206,2.199444334074532,5.521464917854247,20.34401307460544,11.027817288819621,245,Harbor Pro Portable Speaker
BOO-OUT-1171,OutdoorAdventure Premium Item,Books,Fiction,OutdoorAdventure,9.64,24.12,2024-02-22,2025-01-07,"Alvarado, Miller and Patterson",42.14,34x13x50,77,11,3.223664341599998,2.3646204839134985,3.1830413718589847,2.265921108622454,4.34381840878234,23.6462560723493,15.17965820848688,79,Canyon Edge Yoga Mat
CLO-FAS-1172,FashionForward Advanced Shirt,Clothing,Accessories,FashionForward,11.45,38.18,2023-09-24,,White-Green,33.0,7x5x39,282,62,3.6681664125163946,2.5217206229107165,3.6423118182976015,2.4379897300002487,5.641910617031117,38.191851197133296,19.658004494066258,285,Canyon Eco Trail Shoes
ELE-OUT-1173,OutdoorAdventure Ultra Monitor,Electronics,Smartphones,OutdoorAdventure,76.8,140.08,2023-12-16,,Lewis-Murphy,40.33,27x18x11,268,29,4.949327105367852,4.354141431184346,4.942213687977596,4.341204640153626,5.590990711847179,139.811965859694,100.70850100286845,266,Nimbus Prime Desk Lamp 2025
CLO-KIT-1174,KitchenMaster Ultra Dress Edition 180,Clothing,Womens Apparel,KitchenMaster,15.2,41.74,2023-02-20,,Ramirez-Bean,12.24,94x33x24,350,20,3.755135249891002,2.785011242238338,3.7314599016490546,2.7212954278522306,5.857936011622235,41.88226933460126,18.5921256652366,354,Lumen Flex Blender 2022
BEA-STY-1175,StyleMax Classic Equipment,Beauty,Skincare,StyleMax,42.29,93.62,2023-10-15,2024-10-04,King-Miller,4.23,60x87x26,289,22,4.549868870203002,3.7679216614538893,4.539244035871924,3.7445506514843974,5.666430148314058,93.3008791004249,63.91447607548513,286,Granite Water Bottle 2025
BOO-SPO-1176,SportElite Smart Accessory,Books,Fiction,SportElite,20.32,44.98,2022-02-17,,Curry Inc,34.25,40x74x41,336,14,3.828206519335035,3.0596455992976437,3.8062179465311696,3.011605622710281,5.817114136149251,45.167118983340416,29.48896179891732,332,Granite Flex Blender
CLO-TEC-1177,TechPro Smart Shoes Set 829,Clothing,Kids Clothing,TechPro,38.97,141.93,2022-03-20,,Walker-Jones,28.24,77x54x48,459,79,4.962354999921024,3.688129172723232,4.955333978311167,3.662792119350618,6.129052388707409,141.81900063937454,110.15978347580936,458,Canyon Smart Thermostat 2023
HOM-HOM-1178,HomeComfort Pro Tool,Home & Garden,Garden Tools,HomeComfort,15.83,31.95,2022-04-11,,"Williams, Johnson and Wright",41.95,48x82x44,488,86,3.4949912609485163,2.8231630082027146,3.4641721808235437,2.761906873892921,6.1903174550313755,32.377995388962,24.458179552629105,485,Harbor Smart Thermostat
SPO-TEC-1179,TechPro Ultra Equipment,Sports,Team Sports,TechPro,232.33,472.49,2023-01-20,,Howell and Sons,34.02,89x53x10,395,89,6.1601307930789355,5.452453760558967,6.158016582688672,5.4481587747871965,5.978888296543487,472.1347705252631,280.28527999628625,399,Aurora Portable Speaker
HOM-STY-1180,StyleMax Pro Lamp Kit 902,Home & Garden,Kitchen,StyleMax,35.27,86.45,2024-01-28,,Wells Inc,18.1,16x5x24,227,56,4.471067201464611,3.590990953294811,4.4595662121293,3.563032744247961,5.424954422758043,86.29424502402925,59.79871281434364,228,Harbor Eco Water Bottle 2022
AUT-STY-1181,StyleMax Elite Item Edition 670,Automotive,Car Care,StyleMax,9.29,21.66,2023-02-22,2023-11-20,"Gould, Marshall and Scott",17.76,16x81x43,401,51,3.12060125559986,2.331172549845958,3.0754672415728446,2.2289385528257473,5.993963921069046,21.281204050815777,9.912953174876115,406,Canyon Trail Shoes 2024
AUT-TEC-1182,TechPro Ultra Equipment,Automotive,Accessories,TechPro,7.66,12.47,2023-07-27,,Jackson-Lawson,48.91,78x71x15,350,58,2.6004649904222727,2.1587147225743437,2.523325759691945,2.0360119837525,5.857936011622235,12.886199745912991,10.233223020269566,350,Lumen Prime Yoga Mat
CLO-BEA-1183,BeautyGlow Ultra Dress,Clothing,Womens Apparel,BeautyGlow,17.92,38.11,2023-03-22,,"Higgins, Strickland and Martin",15.06,14x51x21,483,41,3.666378188767423,2.9402195636237325,3.640476714885769,2.8859174075467844,6.180018724043804,38.479792566313364,24.94884991064269,478,Solstice Smart Thermostat
BEA-KIT-1184,KitchenMaster Smart Equipment Model 106,Beauty,Fragrances,KitchenMaster,16.43,48.02,2022-12-07,,Rodriguez-Johnson,19.06,47x61x26,220,93,3.8922283780999667,2.8581928595319295,3.8716175907931074,2.799108932049177,5.393632091796577,47.782782795160855,31.778502640855752,222,Terra Water Bottle 2022
BOO-BEA-1185,BeautyGlow Advanced Tool,Books,Non-Fiction,BeautyGlow,38.19,68.79,2022-11-18,,Johnston-Odonnell,19.97,45x42x49,324,72,4.245490733029061,3.66842161221154,4.2310583855379225,3.6425737012374246,5.780746602207319,68.9467843651135,54.62439629162507,320,Harbor Select Action Camera 2022
BOO-AUT-1186,AutoCare Classic Gear,Books,Non-Fiction,AutoCare,30.75,64.25,2022-04-27,,Sanders-Espinoza,10.07,74x28x48,393,80,4.178226046202803,3.457892725338701,4.162781723775329,3.4258899942525267,5.973812156395286,64.56087775619719,48.43696900311539,392,Harbor Yoga Mat
ELE-FAS-1187,FashionForward Smart Speaker,Electronics,Gaming,FashionForward,50.76,150.45,2022-03-12,,Vargas Ltd,39.8,57x91x36,71,91,5.020255537473246,3.9466176501926453,5.013630803076055,3.927108642846187,4.262693961449172,150.50409679536747,95.50131056243438,74,Canyon Prime Desk Lamp
HOM-BEA-1188,BeautyGlow Elite Pot,Home & Garden,Kitchen,BeautyGlow,9.37,19.36,2023-04-05,,Garcia LLC,24.01,56x73x37,472,98,3.013572191682322,2.3389170222414357,2.963209081848431,2.2375130962503307,6.156981104227379,19.389057566788885,11.6887741332379,474,Lumen Flex Water Bottle
SPO-AUT-1189,AutoCare Pro Item,Sports,Fitness Equipment,AutoCare,5.14,12.77,2022-12-30,,"Burke, Martinez and Riggs",30.67,77x87x48,331,61,2.6224923127405635,1.814824742159051,2.547098670044448,1.6370530794670737,5.802121396520535,12.517015245082442,7.989411824138064,327,Solstice Eco Portable Speaker 2025
AUT-SMA-1190,SmartLife Pro Item Collection 622,Automotive,Car Care,SmartLife,13.44,35.21,2023-07-26,,Reed Group,28.8,62x52x30,237,96,3.58933532377755,2.67000213346468,3.5613301331669613,2.5982353350950036,5.468064360535513,34.81124071244978,20.455952839354765,240,Granite Action Camera
BOO-AUT-1191,AutoCare Premium Equipment Edition 187,Books,Non-Fiction,AutoCare,43.41,72.68,2024-01-18,2025-05-31,"Wood, Hunter and Peterson",17.22,31x71x35,178,70,4.299731391947051,3.7934646693040106,4.28606624352797,3.770689829311502,5.181789168253832,73.06927144279426,41.061081995080194,177,Vertex Smart Thermostat 2024
ELE-FAS-1192,FashionForward Advanced Phone,Electronics,Headphones,FashionForward,67.63,198.45,2022-04-28,2023-10-11,Short-Garcia,32.43,91x26x20,264,32,5.295563578351415,4.2287297569205435,5.290537179229075,4.214051671586849,5.57595289101793,198.84240969602004,158.28461715423558,268,Nimbus Prime Smart Thermostat 2023
BOO-AUT-1193,AutoCare Classic Equipment Edition 744,Books,Non-Fiction,AutoCare,6.55,11.63,2023-10-18,,Reid-Poole,19.84,99x83x17,230,85,2.5360749363624,2.0215475632609334,2.453587966530573,1.8794650496471605,5.43808365673983,11.760439428127803,7.225166337846145,230,Granite Max Desk Lamp
SPO-TEC-1194,TechPro Smart Product Kit 928,Sports,Athletic Wear,TechPro,23.47,63.24,2023-08-15,2025-08-13,"Hernandez, Thompson and Boyd",9.43,46x30x34,58,43,4.162626069638506,3.1974478774545805,4.146937012341271,3.1557230098629323,4.060460251777099,63.08224919522773,26.15391967094875,55,Granite Trail Shoes
BEA-OUT-1195,OutdoorAdventure Advanced Tool,Beauty,Fragrances,OutdoorAdventure,28.41,59.35,2022-04-27,,"Nelson, Morton and Medina",42.29,84x27x48,361,48,4.10016094754354,3.3813347525659037,4.083452121055677,3.3467411958660964,5.888880728412147,59.20222538312041,35.07063389475855,358,Lumen Action Camera
BOO-HOM-1196,HomeComfort Advanced Item Series 287,Books,Fiction,HomeComfort,9.07,18.68,2022-05-25,,Marshall-Petersen,20.97,22x78x29,216,33,2.9796028916241073,2.309560706730471,2.9274534328006965,2.2049722641270453,5.3752830373030775,18.901436565292833,9.998540376762238,220,Canyon Classic Water Bottle 2024
SPO-OUT-1197,OutdoorAdventure Elite Equipment Collection 422,Sports,Outdoor Gear,OutdoorAdventure,23.07,63.73,2023-09-27,2025-03-27,"Adams, Christian and Rivas",47.6,67x22x17,417,59,4.170224772557419,3.1809662517949806,4.154655409326203,3.138533072185662,6.033088619877461,64.11916805475352,43.296753997412246,419,Solstice Classic Trail Shoes
BOO-SMA-1198,SmartLife Modern Equipment,Books,Children Books,SmartLife,21.17,45.84,2022-06-21,2023-01-18,Ramirez Group,39.81,33x42x7,140,38,3.8467375387295166,3.09874002362822,3.8251570724064843,3.0525850851467737,4.941649565440937,46.21934469577982,22.66612603726218,145,Nimbus Max Smart Thermostat
BOO-HOM-1199,HomeComfort Modern Tool,Books,Educational,HomeComfort,7.18,19.02,2023-07-17,,Christensen PLC,28.68,39x74x28,277,15,2.9967317738870745,2.1016921506146558,2.9454910571172443,1.9712993830601329,5.624021116289125,19.294278034940472,9.470237639753991,281,Aurora Coffee Grinder 2024
AUT-OUT-1200,OutdoorAdventure Smart Equipment Set 769,Automotive,Accessories,OutdoorAdventure,27.72,72.81,2022-11-01,,"Barnett, Rogers and Snyder",1.71,38x49x10,224,25,4.301494223781961,3.3575937441800234,4.2878533084066195,3.3221541743217022,5.4116505161307895,72.9491910132312,43.148102828679264,228,Granite Eco Desk Lamp
AUT-SPO-1201,SportElite Advanced Accessory,Automotive,Tools,SportElite,33.27,71.28,2023-09-23,2024-10-18,White-Lewis,40.7,12x77x27,272,45,4.280547465724028,3.5342703358865175,4.266615783162554,3.5046560900303856,5.605805742759827,70.87245716569515,29.028966579163153,268,Vertex Edge Desk Lamp
BOO-AUT-1202,AutoCare Ultra Gear,Books,Non-Fiction,AutoCare,53.24,155.91,2023-06-11,,Peterson-Beard,34.0,17x22x31,470,17,5.055672392570977,3.99341864363214,5.0492789176884605,3.974809993526911,6.152734822361415,155.57839613981272,116.64955649273712,475,Terra Edge Wireless Earbuds 2025
HOM-HOM-1203,HomeComfort Smart Table,Home & Garden,Kitchen,HomeComfort,51.85,142.22,2024-02-19,,"Beard, Peters and Black",19.7,23x78x45,137,90,4.964381909578794,3.9674577123162464,4.957375154455372,3.948354934675536,4.919988225071559,142.61058310475653,113.12169993493836,133,Harbor Ultra Smart Thermostat
SPO-FAS-1204,FashionForward Pro Accessory,Sports,Athletic Wear,FashionForward,5.81,15.42,2023-02-17,,Miller Ltd,13.98,52x63x36,167,84,2.7985001040242823,1.918392120161421,2.7356653681351832,1.7595805708638197,5.117999800422779,15.524300478466397,7.636973384662914,166,Canyon Yoga Mat 2025
ELE-STY-1205,StyleMax Modern Camera,Electronics,Gaming,StyleMax,21.37,49.19,2022-03-06,,Freeman-Chang,19.95,59x32x36,137,51,3.9158158036668422,3.107720775502038,3.8956903508072482,3.0619880693310564,4.919988225071559,48.709013110584294,23.240910627752726,137,Pulse Eco Portable Speaker
AUT-AUT-1206,AutoCare Elite Tool,Automotive,Car Care,AutoCare,31.93,85.65,2023-11-30,,"Alvarez, Joseph and West",2.39,85x63x6,63,30,4.4618770161616155,3.494384096388273,4.450269224770129,3.4635460067266908,4.143150599281431,85.25944211200871,64.10803317254667,59,Canyon Eco Yoga Mat
SPO-TEC-1207,TechPro Classic Product,Sports,Athletic Wear,TechPro,31.89,91.35,2023-10-28,,Davis and Sons,43.73,40x16x46,184,42,4.5255857066452485,3.4931686602009657,4.514698282824016,3.4622924810219664,5.214941192376826,91.51023173372589,63.486766751564126,183,Nimbus Flex Wireless Earbuds
ELE-HOM-1208,HomeComfort Premium Speaker,Electronics,Tablets,HomeComfort,91.38,257.37,2024-02-13,,Holt-Torres,32.81,95x17x5,109,71,5.554392666097221,4.525910505002459,5.550514738252984,4.515026636135126,4.691357056498987,256.8849603521693,203.7043930147261,110,Harbor Blender
ELE-KIT-1209,KitchenMaster Smart Monitor,Electronics,Laptops,KitchenMaster,2572.75,4664.4,2023-12-14,,"Wood, Tran and Cooper",6.12,59x93x13,244,19,8.447928854514455,7.853119258341999,8.447714487646177,7.852730644716201,5.49717232364546,4664.067591890389,3184.0495991267017,248,Harbor Blender
CLO-STY-1210,StyleMax Pro Shirt,Clothing,Shoes,StyleMax,19.23,72.36,2022-05-21,,"Pierce, Bell and Chavez",40.69,22x87x48,73,18,4.295378827948209,3.007166651179654,4.281653660527095,2.9564715596006885,4.2904731396847025,72.40775911357926,35.533619063933635,77,Aurora Portable Speaker
BOO-KIT-1211,KitchenMaster Elite Equipment,Books,Fiction,KitchenMaster,55.81,101.56,2024-02-06,,King-Martinez,20.64,92x61x18,44,22,4.63044799317236,4.039712366569035,4.620649756836477,4.021953064800342,3.784212360932728,101.74805729373884,60.3178548551532,46,Harbor Wireless Earbuds
CLO-KIT-1212,KitchenMaster Classic Dress,Clothing,Mens Apparel,KitchenMaster,26.13,68.7,2022-05-24,,Stewart Ltd,32.27,36x75x43,307,87,4.244200317766478,3.3006401266708405,4.229749199228304,3.263084079532521,5.726851004910882,68.84892203431255,45.49273508563754,308,Solstice Pro Portable Speaker
HOM-BEA-1213,BeautyGlow Smart Tool,Home & Garden,Furniture,BeautyGlow,36.1,64.36,2023-02-06,,"Tapia, Vaughn and Lee",2.82,35x68x29,57,40,4.1799104505517475,3.6136169696133895,4.1644923221241825,3.586292865338835,4.043068811540308,64.08978392327134,41.7419507040827,59,Aurora Yoga Mat 2024
SPO-OUT-1214,OutdoorAdventure Premium Gear,Sports,Fitness Equipment,OutdoorAdventure,15.12,25.68,2023-08-06,,"Washington, Hardy and Bray",27.36,27x65x9,8,85,3.283914221047423,2.780060737078482,3.2457124788217606,2.716018370751387,2.079566533867987,25.887935636920584,20.696331479377058,11,Vertex Trail Shoes
ELE-BEA-1215,BeautyGlow Smart Phone,Electronics,Smartphones,BeautyGlow,116.63,364.82,2023-02-12,,"Carlson, Hooper and Wall",31.47,69x58x32,359,61,5.90214140914778,4.76754410497235,5.899404081258768,4.759006530702958,5.88332517399972,364.5625041057469,247.93159086003496,358,Granite Select Desk Lamp
ELE-OUT-1216,OutdoorAdventure Elite Tablet Series 623,Electronics,Gaming,OutdoorAdventure,25.21,77.88,2022-06-09,,Perez-White,19.6,86x88x48,329,18,4.36792771029438,3.266141017335315,4.3551691805039985,3.2272407411998283,5.7960607902744306,77.70889170419608,42.07287642528774,328,Pulse Water Bottle 2023
HOM-SPO-1217,SportElite Premium Table Edition 218,Home & Garden,Garden Tools,SportElite,16.23,35.38,2023-09-16,2026-01-25,Erickson and Sons,37.11,99x27x12,6,100,3.5940191730899764,2.8466520505398383,3.566146688731639,2.7868613815264998,1.7919261220073759,35.62156157701567,14.616318314256178,11,Harbor Smart Thermostat 2024
CLO-HOM-1218,HomeComfort Modern Dress,Clothing,Mens Apparel,HomeComfort,8.26,29.46,2024-01-09,,Williams-Brown,18.66,100x39x12,394,13,3.4164143474670157,2.225704048658088,3.3830334110344844,2.1114245875328868,5.976353447365779,29.60664024106627,13.653862126128057,398,Nimbus Smart Thermostat 2023
HOM-BEA-1219,BeautyGlow Pro Lamp,Home & Garden,Garden Tools,BeautyGlow,21.62,51.13,2022-03-20,,Terry-Martinez,25.59,12x68x41,85,57,3.9537405987800147,3.1188344706879745,3.934371409091908,3.073618812211062,4.442663021126995,51.4722389422843,40.69199689059967,83,Granite Eco Water Bottle 2022
CLO-STY-1220,StyleMax Pro Pants,Clothing,Kids Clothing,StyleMax,77.61,155.62,2022-01-13,,Garcia-Smith,23.64,54x24x16,476,14,5.053822489322791,4.3644989178056655,5.047417138188784,4.351696284866048,6.16541995506955,155.77446063445433,68.63045109132656,479,Canyon Coffee Grinder
BOO-SPO-1221,SportElite Advanced Product,Books,Children Books,SportElite,3.74,9.65,2022-10-05,,Harrison-Alexander,28.62,20x69x48,461,16,2.365559892155434,1.556037135706985,2.2669579153508947,1.3190856114264407,6.133400212191693,9.716942431268762,4.7294363873014955,460,Terra Action Camera
CLO-OUT-1222,OutdoorAdventure Premium Jacket Edition 986,Clothing,Womens Apparel,OutdoorAdventure,21.09,54.1,2022-11-15,,Sheppard LLC,27.7,6x52x17,149,82,4.009149716158869,3.095125017432026,3.9908341858524357,3.0487989944906833,5.003953017332334,53.701801272471535,26.198399615661035,145,Nimbus Edge Wireless Earbuds
AUT-KIT-1223,KitchenMaster Smart Equipment,Automotive,Car Care,KitchenMaster,4.7,13.92,2024-03-02,,Wilson-Jones,36.65,74x36x14,3,62,2.702702594775615,1.7404661748405044,2.6333266549062735,1.547562508716013,1.09894556645823,13.790361486998245,8.505918359130044,7,Lumen Coffee Grinder 2022
ELE-OUT-1224,OutdoorAdventure Advanced Camera,Electronics,Laptops,OutdoorAdventure,34.06,103.13,2022-12-10,2025-04-11,Jones-Soto,18.88,99x98x24,53,36,4.645640118541804,3.5570608794930885,4.635990328327978,3.5281236752345424,3.970310781298653,102.89989832032809,65.93803698587418,55,Canyon Yoga Mat 2022
BOO-SMA-1225,SmartLife Modern Item,Books,Non-Fiction,SmartLife,53.52,91.71,2022-10-14,2023-12-05,Hernandez PLC,44.87,71x57x49,458,57,4.529476341618891,3.998567606828332,4.518631424570852,3.9800554158199732,6.126871367517915,91.4591098505115,62.08552671288811,459,Aurora Yoga Mat 2023
SPO-KIT-1226,KitchenMaster Pro Tool Set 503,Sports,Fitness Equipment,KitchenMaster,21.28,34.31,2023-08-05,2025-12-10,Miller-Wright,48.21,35x42x21,435,50,3.564166209940295,3.1036894150590832,3.5354368568703585,3.0577676644734435,6.075348329936617,34.7735503436574,26.905062880858274,437,Lumen Flex Desk Lamp
AUT-AUT-1227,AutoCare Advanced Equipment Series 307,Automotive,Accessories,AutoCare,7.61,12.98,2024-02-28,,"Duran, Obrien and Gibbs",7.85,26x62x34,160,62,2.637627736805664,2.1529243184396396,2.563409711275944,2.0294631718735947,5.075180065214296,12.875235770173425,9.124754969709697,157,Lumen Action Camera
ELE-AUT-1228,AutoCare Smart Speaker,Electronics,Smart Home,AutoCare,26.7,57.97,2022-05-03,2024-10-01,Rowe Group,15.28,95x94x43,20,37,4.077028840012413,3.3214324131932926,4.059925635351641,3.2846635654062037,2.995782272304033,58.35420562407357,40.927220809998204,18,Granite Trail Shoes
AUT-HOM-1229,HomeComfort Pro Accessory Model 505,Automotive,Car Care,HomeComfort,37.03,84.06,2023-11-25,,Kerr-Evans,41.02,27x8x30,437,67,4.443356889825488,3.638375321940168,4.431530829576971,3.6117283949255214,6.079935483422491,84.18851585347733,51.049320659741,436,Harbor Blender 2025
BOO-STY-1230,StyleMax Modern Item,Books,Non-Fiction,StyleMax,10.41,17.8,2022-01-13,2023-02-24,"Branch, Torres and Oliver",6.62,56x52x48,322,92,2.9338568698359033,2.4344901638739844,2.8791984572980396,2.3427668826268775,5.774554651129648,18.088915077470816,9.062948703553387,322,Solstice Flex Coffee Grinder
ELE-KIT-1231,KitchenMaster Ultra Phone Series 302,Electronics,Smart Home,KitchenMaster,67.79,207.68,2023-03-31,,"Choi, Garcia and Farmer",4.69,47x20x7,482,69,5.340801978154192,4.2310583855379225,5.335998433515726,4.216414691442874,6.177946188737245,207.6825843512431,126.78524761991265,477,Pulse Lite Blender
ELE-KIT-1232,KitchenMaster Classic Camera,Electronics,Laptops,KitchenMaster,57.14,105.22,2023-12-01,,"Clark, Guerrero and Moore",17.76,28x40x22,228,29,4.665512414994253,4.06285389513073,4.656053396302661,4.045504396802627,5.429350014909735,105.29536580693383,81.79999165977127,226,Canyon Trail Shoes
ELE-KIT-1233,KitchenMaster Smart Camera Edition 663,Electronics,Smart Home,KitchenMaster,28.46,70.31,2022-03-31,,Arnold and Sons,6.95,30x87x38,127,90,4.267036570040212,3.3830334110344844,4.25291403621107,3.3484995926617063,4.84419496044334,70.30266733994249,29.30806276776862,132,Terra Flex Blender 2023
AUT-SMA-1234,SmartLife Advanced Equipment,Automotive,Car Parts,SmartLife,138.32,308.04,2023-08-03,,Ortiz Ltd,19.48,28x8x25,305,38,5.733470718358026,4.9367734454978,5.7302296446710494,4.929569841375035,5.720315055290561,307.7413381280421,130.1469731248859,309,Terra Select Wireless Earbuds 2023
ELE-TEC-1235,TechPro Modern Monitor,Electronics,Tablets,TechPro,102.92,269.39,2022-08-27,,"Harrison, Johnson and Roberts",5.1,89x35x22,273,17,5.599865361236428,4.643621372362344,5.596160143762447,4.6339519874135435,5.6094754581819135,269.60800307295625,131.0090485535613,272,Solstice Coffee Grinder
AUT-KIT-1236,KitchenMaster Classic Gear,Automotive,Tools,KitchenMaster,3.25,9.7,2022-06-27,,Warner-Gibson,29.67,99x94x27,467,85,2.3702437414678603,1.4469189829363254,2.272125885509337,1.1786549963416462,6.146331398994228,9.485156915192038,3.826965251855759,468,Terra Pro Blender
ELE-AUT-1237,AutoCare Elite Monitor,Electronics,Gaming,AutoCare,65.79,195.48,2023-05-20,,"Hall, Baker and Moody",8.86,9x16x8,119,87,5.280560644958777,4.201553368737545,5.275458072401954,4.186467851097906,4.7791318964375655,195.01382964710282,113.53842975985522,118,Lumen Yoga Mat 2022
CLO-OUT-1238,OutdoorAdventure Modern Shirt,Clothing,Mens Apparel,OutdoorAdventure,7.17,23.16,2022-05-14,,"Guerrero, Peck and Coleman",8.96,46x12x6,75,85,3.184698373066614,2.1004689088719113,3.1424266527047946,1.969905654611529,4.3175014467807555,23.302562849989023,9.668062283288988,70,Vertex Lite Blender
BEA-STY-1239,StyleMax Advanced Item,Beauty,Makeup,StyleMax,43.26,126.01,2023-02-10,,"Walker, Hernandez and Baker",16.89,46x22x15,374,65,4.844265823516229,3.7900813346229034,4.836361268881602,3.7672284205249125,5.924258471207748,125.69356846581891,96.7536278330061,379,Aurora Pro Desk Lamp
AUT-AUT-1240,AutoCare Elite Accessory,Automotive,Accessories,AutoCare,9.84,25.0,2023-09-21,,Jones and Sons,11.24,80x27x29,157,98,3.258096538021482,2.3832429960115,3.2188758248682006,2.286455711064162,5.056252174754775,25.431649412665855,16.625373695434877,158,Lumen Trail Shoes
HOM-HOM-1241,HomeComfort Premium Pot,Home & Garden,Kitchen,HomeComfort,18.11,37.81,2024-02-29,,Larson-Holloway,1.72,82x45x44,113,91,3.658677945380815,2.9502117582521814,3.6325736179028416,2.896464271895322,4.727396668230706,38.254850005462536,27.155109363714118,115,Pulse Water Bottle
BOO-FAS-1242,FashionForward Elite Gear,Books,Fiction,FashionForward,31.64,58.76,2022-11-24,,Gonzales-Harrison,44.28,16x95x47,327,52,4.090336540824562,3.4855385300959063,4.073461351305676,3.4544221428994533,5.789963228996553,59.16656710241604,42.69854515661148,328,Solstice Select Portable Speaker
SPO-BEA-1243,BeautyGlow Smart Product,Sports,Fitness Equipment,BeautyGlow,43.78,88.69,2022-04-21,,Lyons-Bender,2.5,61x98x31,496,31,4.496359280129912,3.8017616111706087,4.485147143388361,3.779177092094717,6.206577942851927,88.56275552625033,65.86224556493738,501,Aurora Blender
SPO-SMA-1244,SmartLife Advanced Tool,Sports,Athletic Wear,SmartLife,6.82,18.71,2023-08-15,,"Fernandez, Kim and George",34.39,25x62x9,409,14,2.9811261211646287,2.05668455455722,2.9290581402859983,1.9198594718553708,6.0137176010275875,18.23514748419829,10.04819616730548,407,Granite Prime Trail Shoes 2022
HOM-AUT-1245,AutoCare Ultra Chair Collection 484,Home & Garden,Furniture,AutoCare,14.86,25.88,2022-03-18,,Navarro-Munoz,44.92,16x48x43,314,71,3.2913825156549485,2.7638002162067017,3.2534704696327,2.698673039289613,5.749396170616558,26.29975219133597,12.820373277937227,316,Pulse Pro Portable Speaker 2024
BEA-SMA-1246,SmartLife Elite Tool,Beauty,Skincare,SmartLife,13.1,22.74,2022-04-14,,Davis Ltd,48.72,57x94x40,369,79,3.167161389181522,2.6461747973841225,3.12412548832239,2.5726122302071057,5.910799354063955,22.669620465350967,12.891774280048967,368,Granite Portable Speaker
HOM-BEA-1247,BeautyGlow Smart Chair System 662,Home & Garden,Bedding,BeautyGlow,11.16,30.79,2022-06-07,2022-12-07,"Matthews, Smith and Hubbard",21.44,42x89x45,307,71,3.459151774922711,2.498151876538021,3.427189961936409,2.412335956953165,5.726851004910882,31.247321722662797,23.16098095103542,311,Terra Classic Action Camera
CLO-TEC-1248,TechPro Smart Pants,Clothing,Mens Apparel,TechPro,50.02,197.77,2023-04-30,,Johnston-Hines,15.49,55x65x36,458,94,5.2921483774025075,3.9322177127136655,5.287104739333934,3.912422925449473,6.126871367517915,198.2243475775475,94.26568602215679,461,Lumen Lite Wireless Earbuds
HOM-OUT-1249,OutdoorAdventure Classic Table,Home & Garden,Furniture,OutdoorAdventure,28.92,59.92,2022-07-11,,Ruiz Ltd,13.24,64x38x19,428,44,4.109561528026961,3.3985271531062766,4.0930103392089645,3.3645333972905638,6.059125532027665,60.265949266358014,32.882193766034085,432,Canyon Classic Action Camera
BOO-HOM-1250,HomeComfort Pro Item,Books,Fiction,HomeComfort,6.46,17.51,2023-02-28,,Moon-White,29.53,75x12x29,419,76,2.9183111265854063,2.0095554142156695,2.8627721462977607,1.8656293177945105,6.037873306554134,17.308559914228194,11.159412178923438,418,Pulse Pro Yoga Mat
SPO-KIT-1251,KitchenMaster Smart Equipment Edition 974,Sports,Athletic Wear,KitchenMaster,45.88,117.98,2023-05-30,,"Graham, Olsen and Costa",25.89,78x91x44,75,25,4.7789554117597595,3.8475911452687575,4.770515118574929,3.82602929226117,4.3175014467807555,117.86739577402989,62.51072368033877,70,Canyon Classic Trail Shoes 2022
AUT-HOM-1252,HomeComfort Elite Product,Automotive,Accessories,HomeComfort,135.63,229.12,2023-03-10,2025-08-05,Bailey-Cook,21.83,85x23x43,132,50,5.438600911995093,4.917276542350397,5.434245883772281,4.909930589974623,4.88280949831525,229.4641139380865,159.71574484244786,135,Pulse Desk Lamp
BEA-STY-1253,StyleMax Classic Tool,Beauty,Skincare,StyleMax,50.87,101.18,2022-10-10,,"Garcia, Martin and Jenkins",45.87,6x94x44,300,76,4.626735963902652,3.9487405883633087,4.61690110886379,3.9292733588346738,5.703785807983979,101.00058356505316,66.85462105203263,299,Lumen Classic Water Bottle
AUT-STY-1254,StyleMax Classic Product System 696,Automotive,Accessories,StyleMax,5.12,13.5,2022-04-13,,Roberts-Landry,28.18,17x41x39,450,54,2.6741486494265287,1.8115620965242347,2.6026896854443837,1.6331544390514163,6.109249804984119,13.17610289175237,5.705327165068584,450,Granite Blender
SPO-SMA-1255,SmartLife Modern Tool,Sports,Team Sports,SmartLife,12.99,20.22,2022-10-10,,"Johnson, Miller and King",30.95,92x93x30,19,60,3.054944133185837,2.63834278867739,3.006672213592325,2.5641798306825083,2.944491609360395,20.275665237209182,13.864463347009483,17,Pulse Trail Shoes 2025
HOM-TEC-1256,TechPro Modern Lamp,Home & Garden,Kitchen,TechPro,62.82,96.13,2022-11-07,,Cordova Group,42.16,94x92x11,497,39,4.5760502874142395,4.156066620850098,4.565701442077724,4.140273494110501,6.208592038167039,96.55743167867756,59.09360130596607,497,Solstice Select Trail Shoes
CLO-FAS-1257,FashionForward Advanced Dress,Clothing,Kids Clothing,FashionForward,6.92,22.2,2022-04-02,,"Bryan, Smith and Booth",10.65,57x99x36,388,76,3.144152278672264,2.0693912058263346,3.100092288878234,1.9344157696295783,5.96100791693954,22.392109200741473,9.940832339535667,390,Harbor Eco Portable Speaker
AUT-TEC-1258,TechPro Elite Item,Automotive,Car Care,TechPro,29.95,67.69,2022-05-19,,Gutierrez-Lopez,26.26,77x8x16,98,35,4.2296036282257905,3.432372999130605,4.214938458520516,3.3995293245614584,4.584977682700143,67.75865994668757,35.025227833434876,95,Terra Portable Speaker
AUT-SPO-1259,SportElite Premium Equipment Model 821,Automotive,Car Parts,SportElite,40.33,72.55,2023-01-13,,Dean-Jimenez,25.31,86x20x48,15,40,4.297965447047447,3.721588628523641,4.2842759793301965,3.697095608885277,2.7081168655467533,72.15523296389534,55.928871061108275,14,Terra Max Yoga Mat
HOM-KIT-1260,KitchenMaster Modern Table,Home & Garden,Garden Tools,KitchenMaster,8.72,19.29,2023-07-19,,Wolf-Harris,8.26,38x100x49,46,46,3.0101281538377234,2.2741856184723477,2.9595868269176377,2.1656192379208883,3.828663135383238,19.402707082165186,14.378934537549721,42,Harbor Pro Coffee Grinder
ELE-TEC-1261,TechPro Elite Monitor,Electronics,Headphones,TechPro,51.44,108.03,2022-08-15,,"Anderson, Roberts and Gilmore",33.92,39x88x31,262,12,4.69162307371829,3.959669658895499,4.682408966328894,3.940416079929364,5.568348320547706,108.51025277310218,86.46784501976018,258,Terra Ultra Action Camera 2023
AUT-FAS-1262,FashionForward Elite Accessory Set 108,Automotive,Car Parts,FashionForward,1.09,1.99,2023-09-15,,Martinez-Dudley,15.34,95x87x22,216,58,1.095273387402595,0.7371640659767197,0.688134638736401,0.08617769624105241,5.3752830373030775,1.6372823349317935,0.896627027199134,217,Granite Pro Action Camera
AUT-FAS-1263,FashionForward Ultra Product,Automotive,Car Care,FashionForward,7.99,20.1,2023-10-01,,"Lloyd, Mckinney and Collins",5.21,70x89x28,287,92,3.0492730404820207,2.196112848483529,3.0007198150650303,2.0781907597781832,5.659485700074108,20.117963059316462,12.491859473435387,291,Pulse Portable Speaker
BOO-BEA-1264,BeautyGlow Pro Equipment Model 755,Books,Educational,BeautyGlow,16.0,31.81,2022-10-11,,Tran Inc,35.58,88x43x17,76,76,3.4907333469730104,2.833213344056216,3.4597807057610526,2.772588722239781,4.330746498094504,32.179825610489395,24.01548397402764,80,Vertex Desk Lamp 2022
AUT-TEC-1265,TechPro Classic Accessory,Automotive,Tools,TechPro,6.53,11.17,2022-01-27,,Gay Inc,49.87,38x58x30,198,14,2.498973906999436,2.018895041811802,2.413231613081109,1.8764069432883397,5.2882720811868325,11.40595324539912,4.754301877540887,203,Harbor Smart Thermostat
BOO-AUT-1266,AutoCare Smart Accessory,Books,Non-Fiction,AutoCare,87.28,233.69,2023-11-19,,Valentine-Holland,15.08,26x89x40,92,47,5.458265494365099,4.480513581388536,5.4539954507277155,4.469121341524815,4.5217994465551845,233.88307542617537,137.55508227462803,96,Canyon Select Action Camera 2025
ELE-HOM-1267,HomeComfort Ultra Camera,Electronics,Headphones,HomeComfort,13.06,37.47,2022-07-07,,Jimenez Ltd,44.99,88x16x19,181,38,3.6498787167642037,2.6433338863825186,3.623540612805596,2.569554123848285,5.198502556112442,37.66843440230737,26.490050849186133,181,Nimbus Yoga Mat
BEA-SMA-1268,SmartLife Advanced Gear Model 574,Beauty,Hair Care,SmartLife,13.52,37.53,2023-04-27,2025-08-03,Hicks-Hill,29.22,84x14x35,455,34,3.6514371586380663,2.67552700939665,3.6251406131469297,2.604170070614818,6.120299616750733,37.39230132819536,22.426353231121283,453,Lumen Eco Yoga Mat
BOO-SMA-1269,SmartLife Ultra Equipment Set 254,Books,Fiction,SmartLife,22.59,38.55,2022-07-25,,Baird-Sanchez,49.36,63x23x25,441,33,3.677565694213663,3.1608228934195837,3.6519561000093383,3.1175073304799117,6.089047143017972,38.3477200073792,20.253419913484237,440,Aurora Lite Blender
AUT-FAS-1270,FashionForward Advanced Accessory,Automotive,Car Parts,FashionForward,73.49,144.78,2022-03-01,2023-06-04,"Thomas, Lee and Greene",10.55,26x78x15,250,21,4.982098635954067,4.310664888188185,4.975215348864995,4.29714934254078,5.521464917854247,145.08317393236894,111.64212805720457,245,Harbor Ultra Yoga Mat
CLO-SMA-1271,SmartLife Classic Jacket,Clothing,Accessories,SmartLife,3.86,11.41,2022-01-05,2023-01-24,"Suarez, Shields and Hill",36.56,6x46x38,97,12,2.5185025992165158,1.5810384379124023,2.4344901638739844,1.3506671834767394,4.574721287728593,11.713911126785597,8.083986471164495,98,Granite Select Desk Lamp
BEA-SPO-1272,SportElite Smart Accessory,Beauty,Skincare,SportElite,57.22,112.61,2022-04-16,,Morgan-French,29.47,26x13x7,152,47,4.732771530581813,4.064228938317477,4.723930521708934,4.0469034876219645,5.023887099772003,112.9697308722085,53.910714966437055,154,Lumen Water Bottle
SPO-SMA-1273,SmartLife Elite Gear,Sports,Team Sports,SmartLife,20.27,45.31,2024-02-08,,Hoover-Campbell,47.41,56x7x19,114,26,3.835357920492661,3.0572976292121457,3.813527758679047,3.0091419604639085,4.736207220285847,45.71497574150534,28.166553233332333,117,Nimbus Action Camera 2022
CLO-KIT-1274,KitchenMaster Elite Shirt,Clothing,Mens Apparel,KitchenMaster,5.56,18.34,2022-02-08,,Monroe-Carpenter,32.05,73x84x8,304,16,2.9621754900251482,1.8809906029559977,2.9090844668283187,1.715598108262491,5.717030990874496,18.35111555088372,10.668772324344404,306,Canyon Trail Shoes
BEA-TEC-1275,TechPro Premium Accessory Edition 489,Beauty,Skincare,TechPro,30.44,51.31,2022-09-16,,"Burns, Hernandez and Ryan",7.74,93x92x45,4,48,3.95718755738252,3.448080967561006,3.9378856649538734,3.415757532993485,1.3865443298750981,51.311485968793455,32.16581588525858,3,Terra Action Camera
SPO-OUT-1276,OutdoorAdventure Ultra Tool,Sports,Fitness Equipment,OutdoorAdventure,24.03,40.98,2022-04-18,,Cook-Hines,30.92,41x19x11,254,35,3.7371933143924867,3.2200751054436827,3.7130841428107537,3.1793030497483774,5.537338204018661,41.272329275387435,32.29312226513685,251,Nimbus Flex Action Camera 2025
BOO-BEA-1277,BeautyGlow Smart Gear,Books,Non-Fiction,BeautyGlow,11.7,22.74,2022-02-10,,Gibson-Morris,45.53,93x66x26,120,10,3.167161389181522,2.5416019934645457,3.12412548832239,2.4595888418037104,4.787500076080657,22.88696465216221,16.792167980990737,124,Pulse Classic Trail Shoes 2025
ELE-STY-1278,StyleMax Pro Monitor,Electronics,Gaming,StyleMax,58.55,117.61,2022-04-03,,Pollard and Sons,3.84,97x17x21,329,39,4.775840800041184,4.0868162958013095,4.7673740658629455,4.069881090043726,5.7960607902744306,117.80792753971255,73.25100719463826,334,Lumen Max Trail Shoes
SPO-BEA-1279,BeautyGlow Modern Item Collection 995,Sports,Team Sports,BeautyGlow,14.2,22.14,2022-10-25,,"Reyes, Chase and Jenkins",33.87,59x99x12,48,15,3.1415627217655304,2.7212954278522306,3.0973859272804907,2.653241964607215,3.8712218440242134,22.42987681604738,16.06709976451496,51,Solstice Coffee Grinder 2022
ELE-HOM-1280,HomeComfort Advanced Tablet,Electronics,Laptops,HomeComfort,61.16,191.87,2022-10-02,,Garner-Thornton,4.74,48x28x12,205,61,5.262016386821705,4.129711706059392,5.256818059370008,4.113493381060861,5.323014857175291,192.25220523498123,149.95833279785475,205,Lumen Flex Water Bottle
SPO-SMA-1281,SmartLife Modern Equipment,Sports,Team Sports,SmartLife,36.45,98.24,2022-04-26,2022-12-22,Hughes-Alvarado,49.08,25x18x31,466,85,4.5975411588236,3.6230067099632284,4.587413464398832,3.5959414584546674,6.1441877800460905,98.0812352537145,45.36650773433795,465,Vertex Max Wireless Earbuds 2023
SPO-HOM-1282,HomeComfort Classic Gear,Sports,Athletic Wear,HomeComfort,83.71,233.89,2024-01-15,,"Pollard, Simpson and Johnson",6.62,67x19x31,225,15,5.459117319451744,4.4392336584434595,5.454850919362802,4.427358444671965,5.416104846638988,233.76807129358713,95.26586299072085,222,Nimbus Desk Lamp
ELE-AUT-1283,AutoCare Premium Camera,Electronics,Tablets,AutoCare,15.83,40.14,2024-02-01,,"Sanford, Rivera and Garcia",28.29,90x48x38,267,98,3.716980884224811,2.8231630082027146,3.692373343368192,2.761906873892921,5.587252403711588,39.74210230104405,19.185215745746238,267,Canyon Portable Speaker
BEA-SMA-1284,SmartLife Smart Equipment,Beauty,Skincare,SmartLife,136.97,344.39,2023-01-30,2025-02-19,Garcia-Lozano,44.61,83x11x5,329,30,5.844674213353683,4.927036270219942,5.841774736127377,4.91976192374673,5.7960607902744306,344.46671453817623,157.9331768698047,326,Terra Flex Portable Speaker 2022
BOO-FAS-1285,FashionForward Elite Item,Books,Children Books,FashionForward,3.47,6.87,2022-12-05,,Bowen Group,2.61,33x75x46,193,61,2.063058062429312,1.4973884086254774,1.927164106234258,1.244154593958768,5.262695370238613,6.415223428320807,4.5112438004455475,197,Canyon Smart Thermostat
AUT-STY-1286,StyleMax Modern Equipment,Automotive,Tools,StyleMax,17.52,38.06,2023-05-26,,"Booker, Jones and Harrington",6.02,68x100x46,9,23,3.665098925448533,2.918851229218033,3.6391638618680036,2.8633430855082453,2.1973356822749484,38.026286057769816,15.809398379945787,9,Terra Classic Blender
SPO-TEC-1287,TechPro Premium Item,Sports,Athletic Wear,TechPro,34.11,100.44,2023-10-15,,Morgan-Schwartz,25.47,31x88x47,233,53,4.6194674906889155,3.558485990180341,4.609560534289384,3.5295905964305545,5.451042745401984,100.48179174201343,72.47045434419528,231,Canyon Max Blender 2022
HOM-SPO-1288,SportElite Modern Lamp,Home & Garden,Furniture,SportElite,25.87,62.84,2023-04-30,,"Miller, Murphy and Craig",18.23,62x19x11,388,94,4.1563799531415535,3.2910104226273997,4.14059181338742,3.2530839961979376,5.96100791693954,62.63081042708572,26.269120306688563,384,Terra Portable Speaker
CLO-AUT-1289,AutoCare Advanced Hat,Clothing,Mens Apparel,AutoCare,7.4,19.13,2023-06-19,,"James, Stewart and Higgins",5.41,26x68x13,420,62,3.0022112396517002,2.128231705849268,2.9512577834521614,2.0014800002101243,6.040257092226961,19.21901659535763,7.7274338682406745,422,Lumen Edge Blender
ELE-KIT-1290,KitchenMaster Smart Laptop Set 502,Electronics,Tablets,KitchenMaster,44.34,93.19,2024-03-11,,Brennan-Johnson,16.96,58x10x45,428,96,4.545314018834726,3.814189645079383,4.534640419797564,3.7918872041881655,6.059125532027665,92.72989024494026,47.78472113129139,426,Pulse Pro Portable Speaker
BOO-FAS-1291,FashionForward Modern Accessory,Books,Fiction,FashionForward,12.89,29.08,2023-05-26,2024-01-10,Young Ltd,27.71,60x79x35,473,75,3.403860499081639,2.6311691567662523,3.3700506526653187,2.556451816951096,6.159097502654603,28.626601224974227,11.666556838224361,476,Canyon Trail Shoes
AUT-KIT-1292,KitchenMaster Elite Accessory,Automotive,Tools,KitchenMaster,11.82,19.56,2023-11-05,,Bright-Francis,44.15,69x54x31,311,98,3.0233474405869645,2.551006451492524,2.9734866646066713,2.469793011977952,5.739796127608148,19.876148549446462,11.372815934159272,312,Nimbus Water Bottle 2025
AUT-BEA-1293,BeautyGlow Classic Gear,Automotive,Tools,BeautyGlow,43.15,94.03,2022-05-17,2024-07-21,Good-Hodges,35.03,100x70x24,431,99,4.5541926312232235,3.787592927049969,4.543613880288985,3.764682417529437,6.0661104102866705,93.89298682858303,65.36672817117858,427,Canyon Water Bottle 2024
BOO-OUT-1294,OutdoorAdventure Smart Product Kit 397,Books,Educational,OutdoorAdventure,27.7,70.07,2023-11-20,2026-03-14,"Brennan, Wallace and Benson",48.76,27x69x39,355,91,4.263665306838804,3.3568971227655755,4.249494742382442,3.3214324131932926,5.872120606372857,69.70451930239884,43.579380182939815,353,Harbor Flex Action Camera
HOM-AUT-1295,AutoCare Modern Tool,Home & Garden,Furniture,AutoCare,10.77,26.92,2023-03-04,,Williams Inc,44.7,73x41x32,413,11,3.329343277894172,2.4655539212721855,3.2928695047765273,2.3767644911682972,6.023450014265608,26.94179839485371,15.156799093468551,412,Aurora Classic Coffee Grinder
BOO-TEC-1296,TechPro Classic Product Series 304,Books,Fiction,TechPro,45.13,85.78,2022-06-14,,Howard-Jordan,34.2,23x12x49,401,47,4.463376180370204,3.8314634975697293,4.451785879088734,3.80954721383891,5.993963921069046,86.04459368203663,66.32036562152409,398,Granite Edge Yoga Mat
CLO-TEC-1297,TechPro Advanced Jacket Set 791,Clothing,Accessories,TechPro,15.58,54.19,2022-08-18,,Schmidt PLC,28.11,35x70x49,147,98,4.01078177745141,2.8081971497071487,3.9924963895780228,2.7459880404426023,4.990439389476687,53.911504606946906,29.708618974551513,150,Pulse Trail Shoes 2024
BEA-SMA-1298,SmartLife Classic Equipment,Beauty,Skincare,SmartLife,41.74,123.72,2022-11-17,,"Sparks, Jackson and Miller",2.78,100x37x17,317,66,4.826071224749521,3.755135249891002,4.818020947816869,3.7314599016490546,5.758904928446437,123.84043266630262,50.46855100215033,316,Harbor Classic Action Camera
AUT-AUT-1299,AutoCare Smart Accessory,Automotive,Tools,AutoCare,35.4,68.72,2022-07-01,,Harvey-Allen,3.82,27x99x37,61,58,4.24448722065182,3.594568774642695,4.230040277676,3.5667118201397288,4.110890257481564,68.31364051569389,49.456134153911506,57,Granite Coffee Grinder
ELE-BEA-1300,BeautyGlow Ultra Laptop Set 361,Electronics,Headphones,BeautyGlow,23.83,43.08,2023-04-23,,"Thomas, Murray and King",7.82,24x46x43,26,90,3.7860061648446592,3.2120525995200753,3.7630588522881876,3.170945291110651,3.2581349988203177,42.64064808674524,20.593810697825845,31,Lumen Trail Shoes
BOO-FAS-1301,FashionForward Advanced Item,Books,Educational,FashionForward,12.13,23.98,2022-08-14,,Estrada-Nolan,26.08,69x25x31,278,78,3.2180755046974316,2.574899688314705,3.177220149599368,2.495681722955959,5.62762471080647,24.010727538936784,10.488857803000709,275,Pulse Pro Blender
SPO-AUT-1302,AutoCare Smart Product,Sports,Fitness Equipment,AutoCare,39.35,78.57,2022-10-28,,Santana-Byrd,37.66,72x65x40,421,93,4.3766371373894435,3.6975913947159578,4.36398994718773,3.6724959748634123,6.042635208976472,78.6098224191779,33.21417208402517,424,Pulse Pro Smart Thermostat 2024
ELE-AUT-1303,AutoCare Modern Laptop,Electronics,Smartphones,AutoCare,100.52,267.3,2023-09-29,,Jones LLC,2.09,46x53x12,197,42,5.592105757431579,4.620255823406132,5.588371623144873,4.610356712675391,5.283208804867237,267.43468130346827,111.23832129386118,198,Nimbus Water Bottle
BOO-TEC-1304,TechPro Advanced Tool,Books,Educational,TechPro,19.71,42.74,2022-02-14,,"Evans, Hayden and Vaughn",32.61,46x70x10,485,22,3.778263015248622,3.030616675407493,3.755135249891002,2.9811261211646287,6.184150952791027,42.96156950704821,25.40816580001746,481,Lumen Blender
CLO-OUT-1305,OutdoorAdventure Premium Hat Kit 744,Clothing,Accessories,OutdoorAdventure,13.38,47.47,2023-12-03,,Bruce-Gonzalez,5.29,73x94x32,331,19,3.8809450498572846,2.6658383522929006,3.8600979325632268,2.5937610547000824,5.802121396520535,47.936335037873285,19.609644305241126,334,Terra Desk Lamp 2023
BEA-TEC-1306,TechPro Modern Accessory,Beauty,Makeup,TechPro,63.43,103.47,2022-02-25,,Castaneda-Rodriguez,12.67,14x78x19,466,43,4.648899948849417,4.165579363150551,4.6392817156168595,4.149936935645806,6.1441877800460905,103.48597434133517,51.44038560748983,464,Terra Desk Lamp 2024
SPO-FAS-1307,FashionForward Classic Equipment,Sports,Athletic Wear,FashionForward,11.79,24.58,2022-05-02,,Armstrong-Andrews,32.11,84x13x42,23,99,3.2418107961506966,2.548663615590751,3.201933104137889,2.4672517145492794,3.135537693244867,24.40649734348242,17.946864483172178,26,Solstice Smart Thermostat
AUT-AUT-1308,AutoCare Pro Gear,Automotive,Car Parts,AutoCare,32.86,64.15,2022-03-30,,"Phillips, Spence and Barrett",46.34,53x55x47,15,70,4.176692303570854,3.522234376704989,4.161224091061645,3.492256112609122,2.7081168655467533,64.43928247087334,39.25898570826703,11,Canyon Wireless Earbuds
CLO-SPO-1309,SportElite Elite Hat,Clothing,Accessories,SportElite,10.36,37.25,2023-07-13,,Smith-Grimes,31.74,43x91x46,191,11,3.644143560272545,2.4300984132930052,3.6176519448255684,2.337952236831337,5.2522786636350185,37.025415606236834,18.98172836056345,195,Canyon Edge Wireless Earbuds
BOO-STY-1310,StyleMax Premium Item,Books,Non-Fiction,StyleMax,16.51,34.53,2023-07-15,,"Beltran, Lozano and Mcgee",15.3,100x99x27,108,62,3.5703774100329357,2.8627721462977607,3.541828511401901,2.8039662579320366,4.682140486340613,34.470191992291525,24.16580632434609,106,Canyon Yoga Mat
BEA-HOM-1311,HomeComfort Elite Product,Beauty,Makeup,HomeComfort,54.0,101.46,2022-04-28,,Parsons-Hall,40.0,11x75x34,330,80,4.629472478511056,4.007333185232471,4.6196646321385435,3.9889840465642745,5.7990956847589645,101.04688725371541,54.94464171293928,329,Granite Desk Lamp
ELE-STY-1312,StyleMax Ultra Phone System 598,Electronics,Tablets,StyleMax,124.64,390.39,2023-01-01,2025-05-01,Robinson-Lee,11.8,41x84x9,460,34,5.969704505325418,4.833420674670446,5.967146239456776,4.825429582122438,6.131228663393821,389.92484372854716,207.97023993418665,456,Vertex Prime Yoga Mat
HOM-FAS-1313,FashionForward Advanced Tool,Home & Garden,Garden Tools,FashionForward,41.77,106.1,2022-06-06,,Byrd-Le,18.29,45x59x15,2,50,4.673762977453703,3.7558369222388173,4.664382045619937,3.732178378509084,0.6936470556015963,106.55339544638436,78.30823230068367,6,Lumen Trail Shoes
CLO-SMA-1314,SmartLife Ultra Dress Kit 439,Clothing,Womens Apparel,SmartLife,34.62,130.02,2023-04-19,,"Becker, Taylor and Davis",38.76,67x75x11,89,92,4.87534998330373,3.5729072778615154,4.867688284776323,3.544431549748063,4.488647605624073,130.34926051810197,74.81602737133863,84,Nimbus Pro Yoga Mat 2023
BOO-BEA-1315,BeautyGlow Elite Tool Kit 741,Books,Fiction,BeautyGlow,20.47,33.05,2022-03-19,,"Lucas, Parker and Alexander",42.49,85x8x42,296,61,3.527830032595521,3.0666566118906897,3.498021566297695,3.018960399673198,5.690362832696732,33.24205472197182,16.333458177698674,297,Granite Trail Shoes 2025
AUT-TEC-1316,TechPro Ultra Tool,Automotive,Tools,TechPro,37.11,85.7,2023-11-01,,"Diaz, Anderson and Browning",18.35,33x80x23,68,69,4.462453883786496,3.640476714885769,4.450852825603734,3.613886475072506,4.219522410950329,85.61077388552599,51.404281536798486,72,Pulse Eco Blender
BOO-SMA-1317,SmartLife Advanced Tool Collection 968,Books,Fiction,SmartLife,15.19,44.76,2023-09-21,,Burgess-Thompson,37.88,22x62x15,91,82,3.8234103470715426,2.7843937676895436,3.8013148834437245,2.7206373166076814,4.5108704954674606,44.439828433669426,35.336718573718386,86,Solstice Action Camera
BOO-FAS-1318,FashionForward Advanced Item Edition 337,Books,Non-Fiction,FashionForward,26.89,42.87,2023-01-14,,Buchanan LLC,33.46,71x51x29,240,68,3.7812307151781224,3.3282682016393976,3.7581722806098856,3.2917544702807735,5.480643089999978,42.53330830181766,33.87287224468374,245,Aurora Coffee Grinder
ELE-AUT-1319,AutoCare Pro Camera,Electronics,Smartphones,AutoCare,47.94,128.8,2022-10-08,,"Shaw, Nelson and Martin",13.24,74x77x16,192,93,4.86599480426999,3.8905950580145254,4.858260813670253,3.869950229006238,5.257500580347552,128.55523804020132,84.48499351160032,197,Pulse Max Desk Lamp
SPO-KIT-1320,KitchenMaster Pro Tool Collection 628,Sports,Team Sports,KitchenMaster,21.92,46.22,2022-12-20,,Coffey-Phillips,24.16,82x5x37,451,27,3.8548175316573667,3.132009891846539,3.8334126048462345,3.087399462079815,6.111469556795121,46.268242131411995,19.873245137577893,453,Canyon Desk Lamp
SPO-SPO-1321,SportElite Pro Tool,Sports,Outdoor Gear,SportElite,34.32,62.36,2022-07-11,,Brock-Mcdonald,30.14,20x89x19,212,52,4.14883274750617,3.564449375735759,4.132924044189576,3.5357282746197614,5.35659099164202,62.57030400424606,44.33289295599294,209,Terra Blender 2023
BEA-FAS-1322,FashionForward Modern Equipment Collection 762,Beauty,Skincare,FashionForward,9.62,26.45,2022-01-23,,Taylor and Sons,6.48,80x25x13,322,75,3.3123661679555396,2.362739015813793,3.2752561583043085,2.263844264677615,5.774554651129648,26.606993429183376,14.534190542738099,326,Vertex Water Bottle
ELE-HOM-1323,HomeComfort Premium Laptop Collection 629,Electronics,Smart Home,HomeComfort,442.48,1390.05,2023-09-06,,"Ramsey, Whitney and Coffey",31.92,97x98x47,420,46,7.237814136640472,6.094652704904151,7.23709499670081,6.092395265686423,6.040257092226961,1389.834335219007,988.4080001299122,420,Granite Trail Shoes 2022
ELE-FAS-1324,FashionForward Modern Speaker Set 520,Electronics,Laptops,FashionForward,19.97,52.73,2023-08-20,,"Diaz, Gibbs and Smith",9.18,89x70x21,85,97,3.98397150474073,3.0430928449138284,3.9651845535423784,2.994231147427724,4.442663021126995,53.17576797504993,35.698594886170795,86,Aurora Edge Wireless Earbuds
HOM-KIT-1325,KitchenMaster Pro Table,Home & Garden,Garden Tools,KitchenMaster,6.73,11.44,2022-01-17,,"Martinez, Richardson and Curry",42.99,69x92x31,423,29,2.5209170873110334,2.0451088625993306,2.437115985951652,1.9065751436566365,6.047374543109678,11.673138978361852,5.3787859141220755,427,Nimbus Smart Thermostat 2023
BOO-HOM-1326,HomeComfort Modern Tool,Books,Fiction,HomeComfort,56.96,160.43,2023-06-29,,Richards-Carson,5.96,66x89x13,461,87,5.084071612169438,4.059753117452481,5.077857710362984,4.04234926710372,6.133400212191693,160.48326697146118,81.5985874071641,456,Vertex Edge Yoga Mat
BOO-SMA-1327,SmartLife Classic Gear,Books,Fiction,SmartLife,40.96,104.29,2023-03-16,,Rodriguez-Hall,40.13,53x49x42,411,99,4.656718447868668,3.7367167835280966,4.6471754801331215,3.7125959807312525,6.018595647583299,104.39948633130967,79.5357348458968,411,Terra Classic Action Camera
BOO-SMA-1328,SmartLife Elite Gear,Books,Fiction,SmartLife,35.22,65.12,2022-03-27,,Harvey PLC,43.85,57x37x17,2,100,4.191471272952824,3.589611452455267,4.176231721694285,3.56161410306806,0.6936470556015963,65.04120806117923,40.87964751165273,3,Pulse Trail Shoes
BEA-KIT-1329,KitchenMaster Pro Tool Kit 310,Beauty,Skincare,KitchenMaster,35.36,89.51,2022-11-20,,Herman-Walker,5.42,59x88x42,129,43,4.505460341839079,3.5934692693092782,4.494350350882848,3.5655812377694427,4.859820156269611,89.26277636971113,70.36871146015908,129,Lumen Prime Water Bottle 2025
AUT-KIT-1330,KitchenMaster Advanced Tool Kit 506,Automotive,Accessories,KitchenMaster,19.87,52.29,2023-02-28,,Reid Group,27.92,27x52x40,284,71,3.975748696308691,3.0383127210891097,3.956805148200039,2.9892110565637253,5.648977759281768,52.148853225078234,31.687934711027918,282,Pulse Yoga Mat
HOM-KIT-1331,KitchenMaster Advanced Pot,Home & Garden,Bedding,KitchenMaster,8.96,15.29,2023-11-07,2024-12-26,"Turner, Ortiz and Taylor",22.39,94x25x11,109,75,2.790551422613954,2.298577071596507,2.727199019940971,2.192770226986839,4.691357056498987,15.54268918825508,8.315748969964613,104,Nimbus Classic Coffee Grinder
SPO-OUT-1332,OutdoorAdventure Premium Product,Sports,Team Sports,OutdoorAdventure,21.5,52.77,2022-04-04,,Torres Group,23.64,81x60x10,32,43,3.9847156908215866,3.1135153092103742,3.9659428474175766,3.068052935133617,3.4657671523114555,52.29410561885717,39.356489009264365,37,Pulse Select Desk Lamp
CLO-STY-1333,StyleMax Premium Hat,Clothing,Kids Clothing,StyleMax,7.09,28.13,2023-09-21,,Davis PLC,14.39,81x12x16,327,73,3.3717685709713434,2.0906287310704004,3.3368366225017656,1.958685340544036,5.789963228996553,27.75375118769678,18.995944663614235,330,Vertex Smart Thermostat
SPO-SPO-1334,SportElite Ultra Product System 622,Sports,Fitness Equipment,SportElite,48.31,109.84,2022-08-26,,Price LLC,33.73,51x35x46,0,30,4.7080877199947775,3.8981269002360346,4.699024761459715,3.8776385785663154,-6.907755278982137,109.39508258918133,70.1075178698212,0,Vertex Prime Desk Lamp 2023
ELE-SMA-1335,SmartLife Advanced Camera,Electronics,Tablets,SmartLife,47.13,123.51,2023-06-15,2025-12-01,"Avery, Horton and Fernandez",3.52,16x75x23,371,81,4.824386033964322,3.873905683315018,4.816322124449923,3.8529097409356394,5.916204758021593,123.0599142262726,53.18496777199007,372,Aurora Wireless Earbuds
BOO-AUT-1336,AutoCare Ultra Product,Books,Educational,AutoCare,9.55,17.12,2023-02-18,,"Newton, Moore and Perry",13.13,57x69x11,286,19,2.8970163006148333,2.3561258599220753,2.840247370713596,2.256541154492639,5.655995307317236,17.468351372330787,7.034470053169361,287,Harbor Select Water Bottle
BOO-AUT-1337,AutoCare Pro Tool,Books,Educational,AutoCare,15.04,42.33,2023-08-12,,Bass PLC,22.19,53x77x35,394,41,3.768845235751818,2.7750856024383683,3.745496054532832,2.7107133185216936,5.976353447365779,42.52958470219242,33.259644203866124,390,Aurora Ultra Wireless Earbuds
AUT-FAS-1338,FashionForward Modern Tool,Automotive,Car Care,FashionForward,29.13,64.75,2022-09-22,2024-12-28,Crosby-Ramirez,39.45,33x91x49,117,50,4.185859671057874,3.40552135314221,4.1705337005796475,3.3717685709713434,4.762182481769778,64.72469035250558,32.077351400387464,112,Pulse Flex Yoga Mat
SPO-OUT-1339,OutdoorAdventure Premium Accessory,Sports,Team Sports,OutdoorAdventure,12.09,22.64,2022-04-06,,"Wood, Ramos and Sampson",37.46,48x14x40,476,32,3.1629401925378975,2.5718485799218085,3.119718253334982,2.492378664626701,6.16541995506955,22.245877477437983,14.488970767309768,478,Granite Smart Thermostat
SPO-AUT-1340,AutoCare Smart Tool Kit 799,Sports,Team Sports,AutoCare,9.58,27.75,2022-07-14,,Garcia-Jennings,10.06,99x35x21,105,39,3.3586377672433594,2.3589654264301534,3.3232358401924436,2.259677591982769,4.653969873921696,27.741783557614497,17.83843082297472,107,Vertex Smart Thermostat
CLO-KIT-1341,KitchenMaster Advanced Pants,Clothing,Womens Apparel,KitchenMaster,14.8,33.16,2022-03-22,,"Winters, Newman and Brown",33.2,83x5x39,490,15,3.531055368920369,2.760009940032921,3.501344330267094,2.6946271807700692,6.194407431918917,33.134002335364954,16.510474912946272,491,Lumen Yoga Mat
AUT-AUT-1342,AutoCare Advanced Equipment,Automotive,Accessories,AutoCare,25.04,70.65,2023-08-12,,Lopez-Martinez,24.59,70x40x30,113,83,4.271793154274181,3.2596338173403683,4.257738109130536,3.2204745462318978,4.727396668230706,70.32973783251182,30.426714189515135,115,Nimbus Action Camera
CLO-OUT-1343,OutdoorAdventure Classic Jacket,Clothing,Mens Apparel,OutdoorAdventure,8.12,16.77,2022-12-22,,Davis-Lewis,34.35,27x63x12,357,76,2.87751164216656,2.21046980408624,2.8195915758351173,2.0943301541735866,5.877738582896164,16.705174616253213,7.009968405501243,354,Lumen Classic Yoga Mat
SPO-TEC-1344,TechPro Premium Accessory System 203,Sports,Team Sports,TechPro,13.15,26.13,2023-09-20,,"Harper, Smith and Buchanan",9.44,38x35x22,241,88,3.3006401266708405,2.649714624089247,3.263084079532521,2.5764217586237734,5.48480108285964,26.030534639709426,14.815303924875865,246,Harbor Eco Yoga Mat 2025
HOM-HOM-1345,HomeComfort Modern Vase Kit 870,Home & Garden,Bedding,HomeComfort,24.75,50.95,2023-02-15,,Zhang PLC,9.08,21x78x48,117,22,3.9502817175452365,3.248434627109745,3.9308447596687337,3.2088254890146994,4.762182481769778,51.06353309609118,33.55647922197067,113,Pulse Flex Smart Thermostat
BEA-SPO-1346,SportElite Classic Equipment Set 856,Beauty,Hair Care,SportElite,5.46,9.41,2022-01-10,,Jones PLC,25.03,85x71x39,368,50,2.3427668826268775,1.8656293177945105,2.2417729535972883,1.6974487897568136,5.908085655556543,9.542391777850291,4.627872653659303,369,Granite Yoga Mat
AUT-BEA-1347,BeautyGlow Ultra Tool,Automotive,Accessories,BeautyGlow,5.66,8.89,2022-04-12,,Willis and Sons,3.1,37x65x45,49,67,2.2915241456346207,1.8961194845522977,2.1849270495258133,1.7334238922150915,3.8918407060656484,8.444397929576605,5.9076961192048705,51,Aurora Trail Shoes
BEA-BEA-1348,BeautyGlow Advanced Gear,Beauty,Hair Care,BeautyGlow,10.52,30.49,2022-09-21,,Schroeder-Kramer,20.65,49x91x43,101,83,3.4496700351129332,2.444084655267745,3.4173987610001633,2.3532782073095637,4.6151304177823445,30.36712036233394,17.44197471912553,96,Lumen Desk Lamp 2025
BOO-BEA-1349,BeautyGlow Advanced Gear,Books,Non-Fiction,BeautyGlow,16.58,36.98,2024-01-25,,"Smith, Garrison and Thomas",4.01,83x41x34,323,28,3.63705970538414,2.866761892257031,3.610377225958979,2.8081971497071487,5.777655419193096,37.10334271739995,24.360890354305806,327,Aurora Flex Desk Lamp
AUT-AUT-1350,AutoCare Classic Accessory,Automotive,Tools,AutoCare,26.57,55.99,2022-03-15,2023-08-28,Fernandez and Sons,11.49,45x88x23,363,44,4.0428758138469085,3.3167282250357055,4.025173103360802,3.279782759771722,5.894405589081993,55.99307353340849,30.087742028948362,366,Terra Blender
BOO-BEA-1351,BeautyGlow Modern Gear,Books,Children Books,BeautyGlow,75.78,172.88,2023-04-07,,Guerrero Inc,9.28,7x21x20,338,42,5.158365406120591,4.340944189572651,5.152597712198631,4.327834405590455,5.8230488540585235,173.22936004436454,121.92582810113039,343,Pulse Classic Coffee Grinder
BEA-SPO-1352,SportElite Elite Equipment Series 999,Beauty,Skincare,SportElite,43.46,96.04,2022-02-25,2023-10-04,Smith and Sons,26.25,15x18x21,316,29,4.575123264635795,3.7945899085360506,4.564764771353053,3.7718409748282835,5.755745378138867,96.19551975898658,69.58426260834251,314,Lumen Max Coffee Grinder 2022
ELE-SMA-1353,SmartLife Ultra Laptop Model 553,Electronics,Gaming,SmartLife,46.53,124.56,2022-05-15,,"Morris, Thompson and Williams",8.61,9x89x27,440,51,4.832783731973753,3.861361090625918,4.824787527525743,3.8400972658565573,6.086776999636997,124.2296757385398,53.75472299557485,438,Aurora Eco Desk Lamp
AUT-FAS-1354,FashionForward Ultra Tool,Automotive,Accessories,FashionForward,19.74,58.33,2023-12-16,,"Fisher, Wilson and Brown",29.58,63x85x45,449,82,4.083115080270552,3.032064202801381,4.066116540765546,2.9826470340053355,6.107025114911266,57.90915737245242,43.96917969915394,446,Nimbus Yoga Mat
SPO-AUT-1355,AutoCare Modern Tool Series 552,Sports,Team Sports,AutoCare,8.15,15.98,2023-02-27,,Strickland-Palmer,15.25,5x71x13,176,46,2.8320361808832013,2.21375387928743,2.7713379403381286,2.0980179272527715,5.170489676840192,16.11957089264219,9.633326969143292,176,Solstice Prime Portable Speaker 2023
SPO-FAS-1356,FashionForward Modern Gear Edition 917,Sports,Fitness Equipment,FashionForward,19.75,38.31,2022-08-25,,Hayes and Sons,27.46,29x57x40,223,60,3.671478939433769,3.0325462466767075,3.6457109587125576,2.9831534913471307,5.407176255754997,37.845981084330795,26.933428768888696,218,Nimbus Prime Smart Thermostat
CLO-SMA-1357,SmartLife Classic Pants Edition 740,Clothing,Womens Apparel,SmartLife,9.67,23.97,2024-02-22,,"Williams, Logan and Camacho",30.7,93x92x22,145,93,3.217675104291682,2.367436065313662,3.176803048446293,2.269028309465203,4.976740638948518,24.054060069647992,18.868678585180472,145,Pulse Coffee Grinder
BEA-SMA-1358,SmartLife Smart Item Model 213,Beauty,Hair Care,SmartLife,26.85,65.94,2023-09-25,,"Turner, Schneider and Johnson",35.05,67x29x25,9,29,4.203796695783181,3.326832966373293,4.188745237643585,3.2902658209548736,2.1973356822749484,66.37142563659646,52.14089238137817,5,Harbor Yoga Mat
ELE-TEC-1359,TechPro Elite Phone Collection 832,Electronics,Smart Home,TechPro,23.87,57.63,2022-01-09,,Boone-Simmons,7.62,68x32x26,215,49,4.071246510976124,3.2136622578153133,4.054043265448575,3.1726224403507386,5.370642679279637,57.703964694318366,42.118775374946466,218,Vertex Coffee Grinder 2023
AUT-AUT-1360,AutoCare Modern Accessory,Automotive,Accessories,AutoCare,32.05,63.96,2024-02-08,,Henry Group,2.9,55x14x39,240,33,4.173771695853422,3.498021566297695,4.158257887965753,3.467297183366679,5.480643089999978,63.850406527682395,28.94286942160532,236,Vertex Wireless Earbuds 2024
CLO-SMA-1361,SmartLife Premium Shirt,Clothing,Kids Clothing,SmartLife,41.52,142.39,2023-01-30,,Lam LLC,22.2,99x9x17,235,22,4.965568190726947,3.749974553473747,4.958569771792903,3.7261752388576332,5.459589769454254,142.5304224540735,97.91961207792211,236,Canyon Classic Water Bottle 2025
BOO-FAS-1362,FashionForward Classic Accessory,Books,Non-Fiction,FashionForward,18.21,52.9,2022-06-12,,"Hernandez, Martinez and Weber",2.21,75x71x12,129,71,3.9871304779149517,2.955430976780465,3.9684033388642534,2.9019708937395166,4.859820156269611,52.85908783268169,22.191108354618414,124,Canyon Eco Water Bottle
BEA-SPO-1363,SportElite Advanced Item,Beauty,Hair Care,SportElite,28.83,52.67,2022-04-26,,"Kelley, Nguyen and Vang",21.76,6x26x22,299,25,3.9828541861887374,3.395514598526657,3.964046033495298,3.3614165116503107,5.7004469178666985,52.71470445352962,29.907744651419875,300,Nimbus Desk Lamp
SPO-TEC-1364,TechPro Premium Tool,Sports,Outdoor Gear,TechPro,37.38,82.72,2023-09-03,,"Phillips, Wagner and Jordan",38.56,36x25x36,46,97,4.427477897577799,3.647536490579554,4.415461410760119,3.6211358020274167,3.828663135383238,83.152635512601,51.999860177492074,45,Canyon Smart Thermostat
BOO-TEC-1365,TechPro Premium Gear,Books,Educational,TechPro,14.0,35.72,2022-04-20,2023-06-12,"Wilson, Pena and Rich",15.91,76x87x27,412,66,3.6033215657522897,2.70805020110221,3.575710756008298,2.6390573296152584,6.021025776531046,35.608380585044756,20.224294868817786,414,Lumen Pro Portable Speaker
BEA-TEC-1366,TechPro Classic Gear,Beauty,Makeup,TechPro,24.57,46.1,2022-02-10,,"Le, Lewis and Hayes",21.93,42x74x49,250,34,3.8522730010223722,3.2414197893030954,3.8308129500026027,3.201526186533088,5.521464917854247,46.551966752547436,27.62024298197868,248,Aurora Trail Shoes
BOO-OUT-1367,OutdoorAdventure Advanced Gear,Books,Non-Fiction,OutdoorAdventure,20.31,38.86,2023-09-06,,Gutierrez Group,27.77,13x72x14,230,47,3.685373314784649,3.0591764461105257,3.659965443949294,3.011113375592293,5.43808365673983,39.25724362911694,19.490809201797568,234,Vertex Coffee Grinder 2024
AUT-OUT-1368,OutdoorAdventure Advanced Equipment Kit 618,Automotive,Car Care,OutdoorAdventure,21.93,45.37,2022-07-09,,Perry-Davis,31.02,51x84x20,164,18,3.8366526984033693,3.132446096869813,3.8148510936758724,3.0878555624297968,5.099872525366584,45.07187531209351,30.964449265000674,165,Nimbus Select Yoga Mat 2024
BEA-SPO-1369,SportElite Modern Tool Model 430,Beauty,Fragrances,SportElite,10.02,21.18,2022-11-26,2024-11-10,Edwards-Scott,32.98,10x21x16,447,14,3.099190981922221,2.3997118037247684,3.0530573401732606,2.3045830956567186,6.102560831747532,20.75797407485766,13.67493490950316,447,Terra Pro Water Bottle
CLO-FAS-1370,FashionForward Smart Shirt Kit 956,Clothing,Mens Apparel,FashionForward,12.42,34.5,2023-05-17,,Mcdaniel Group,35.1,37x11x28,113,87,3.56953269648137,2.5967461315435356,3.5409593240373143,2.519308076505333,4.727396668230706,34.10876244134988,15.088429886971479,112,Terra Edge Desk Lamp
BEA-TEC-1371,TechPro Smart Accessory,Beauty,Skincare,TechPro,31.44,89.13,2022-03-23,,Davis Inc,31.98,51x76x31,420,57,4.501253072568319,3.479392229247212,4.490095978142626,3.448080967561006,6.040257092226961,88.65785738913851,37.36196328414684,418,Terra Coffee Grinder
AUT-KIT-1372,KitchenMaster Ultra Tool Series 954,Automotive,Car Parts,KitchenMaster,74.15,145.02,2022-08-10,,Reynolds Ltd,4.95,97x34x39,197,34,4.98374359862794,4.319486116198983,4.976871663943447,4.306090068583941,5.283208804867237,144.62255410154083,64.06442306385745,198,Aurora Edge Trail Shoes 2023
CLO-SPO-1373,SportElite Elite Shoes,Clothing,Accessories,SportElite,26.24,74.28,2022-04-19,,"Watson, Anderson and Brown",28.87,91x63x49,340,64,4.3212144952771245,3.3046864812813115,4.307841736484505,3.267284964075888,5.828948558782352,74.45934663794803,47.074747878894605,339,Terra Action Camera 2024
ELE-HOM-1374,HomeComfort Classic Monitor,Electronics,Laptops,HomeComfort,470.21,950.51,2023-09-07,,"Hoffman, Santiago and Jenkins",17.68,45x75x25,432,57,6.85805019640247,6.1553038545230505,6.856998682651678,6.153179403425543,6.068427903056246,950.089764875491,463.5049009928918,431,Harbor Eco Smart Thermostat 2022
SPO-AUT-1375,AutoCare Smart Tool,Sports,Athletic Wear,AutoCare,10.07,20.77,2023-07-18,,"Pugh, Henderson and Moon",12.78,62x62x30,0,14,3.080532875246456,2.4042387467205457,3.033509637888021,2.309560706730471,-6.907755278982137,20.592596117687886,12.550481145233421,0,Aurora Prime Desk Lamp
HOM-TEC-1376,TechPro Elite Lamp Collection 319,Home & Garden,Home Decor,TechPro,44.04,122.59,2022-01-23,,Schmitt PLC,47.17,40x75x37,284,83,4.8169696356016445,3.807550983831435,4.808845454106903,3.785098311854479,5.648977759281768,122.92797780475007,73.87775508316219,280,Pulse Flex Portable Speaker
BOO-STY-1377,StyleMax Premium Equipment,Books,Non-Fiction,StyleMax,23.69,40.45,2023-01-11,,Bell-Lane,12.57,37x43x10,292,61,3.724487881581304,3.206398303357088,3.700066643504501,3.165053018170694,5.6767572269199515,39.98280649702111,28.71277111992626,291,Pulse Flex Action Camera
BOO-STY-1378,StyleMax Advanced Equipment Set 806,Books,Non-Fiction,StyleMax,144.15,368.19,2022-04-08,,Moore Group,15.09,98x78x29,40,17,5.91131141667141,4.977767690470639,5.908599109277526,4.970854424084411,3.6889044538014413,368.4981791129372,207.66636714265306,37,Nimbus Classic Coffee Grinder 2023
AUT-AUT-1379,AutoCare Classic Equipment,Automotive,Car Care,AutoCare,9.7,16.31,2024-02-28,,Boone LLC,32.67,82x6x45,398,90,2.851284369188118,2.3702437414678603,2.7917784166329223,2.272125885509337,5.986454517844095,16.09621767927793,11.678540572156061,394,Vertex Eco Trail Shoes
SPO-BEA-1380,BeautyGlow Premium Gear,Sports,Fitness Equipment,BeautyGlow,9.43,16.27,2023-05-30,,"Richardson, Farmer and Andrews",7.74,91x98x30,497,67,2.848970892158587,2.344686269012681,2.7893229212309465,2.2438960966453663,6.208592038167039,15.895801531069223,10.608446564423057,495,Granite Wireless Earbuds
AUT-SPO-1381,SportElite Classic Gear,Automotive,Car Parts,SportElite,11.71,20.17,2022-12-11,2025-01-14,Bruce-Villegas,37.29,75x56x21,43,61,3.0525850851467737,2.542389085201363,3.0041963519661206,2.460443177609626,3.7612233712371035,20.36280242205687,9.325917513454222,41,Pulse Portable Speaker 2023
BOO-HOM-1382,HomeComfort Elite Equipment,Books,Children Books,HomeComfort,2.97,6.63,2023-10-30,,"Austin, Day and Johnson",28.1,99x72x20,124,19,2.0320878452963655,1.3787660946990992,1.891604804197771,1.0885619528146082,4.820289630088648,6.756363989844286,4.845459375667393,122,Canyon Max Water Bottle
HOM-AUT-1383,AutoCare Pro Chair,Home & Garden,Garden Tools,AutoCare,12.51,26.72,2022-12-23,,"Gallegos, Adams and White",17.29,88x8x24,86,54,3.3221541743217022,2.6034301519721073,3.285412348668445,2.5265283244788197,4.454358924092881,27.089922573256512,20.90086908428761,84,Nimbus Action Camera
BOO-KIT-1384,KitchenMaster Elite Equipment Set 339,Books,Children Books,KitchenMaster,10.14,18.25,2023-01-18,,"Farmer, Dorsey and Bell",36.45,15x19x8,124,89,2.9575110607337933,2.410542234499138,2.9041650800285006,2.316487998163037,4.820289630088648,18.480369622927807,14.274181371032938,121,Solstice Ultra Portable Speaker 2025
CLO-TEC-1385,TechPro Advanced Hat,Clothing,Kids Clothing,TechPro,13.74,35.86,2023-04-28,2024-05-26,Kane PLC,37.03,32x31x39,267,43,3.607126952241677,2.6905648867611904,3.5796224681769866,2.620311286794203,5.587252403711588,36.15741131177715,15.319395903988157,268,Harbor Classic Water Bottle
BOO-KIT-1386,KitchenMaster Elite Accessory,Books,Children Books,KitchenMaster,27.32,41.73,2023-08-20,,"Morales, Thomas and Schultz",26.39,37x26x8,145,35,3.7549012496559335,3.343568268825519,3.731220294603461,3.307619034702589,4.976740638948518,41.516393881119875,24.79491167737057,148,Harbor Coffee Grinder
AUT-TEC-1387,TechPro Modern Accessory,Automotive,Car Care,TechPro,108.7,173.9,2023-11-08,,Davis PLC,42.62,89x51x11,9,47,5.164214382024556,4.697749367281185,5.158480421360237,4.688591794127164,2.1973356822749484,173.58389075290413,110.44017646344112,8,Granite Blender 2024
AUT-SPO-1388,SportElite Classic Tool,Automotive,Accessories,SportElite,47.25,77.93,2022-11-20,,Bennett Group,29.9,16x28x17,256,68,4.368561383720311,3.876395827784995,4.355810987855469,3.855452653939752,5.545181350721933,78.17560245660805,37.18411332950505,254,Nimbus Action Camera
BOO-TEC-1389,TechPro Smart Tool,Books,Fiction,TechPro,11.95,26.71,2024-02-02,,Moore-Collins,17.4,50x50x45,154,40,3.321793358874887,2.5610957881455465,3.2850380271218693,2.4807312783775197,5.03695909589904,27.01069804448192,12.57806173296959,159,Harbor Portable Speaker 2022
BOO-TEC-1390,TechPro Ultra Equipment,Books,Educational,TechPro,8.95,24.36,2022-01-31,,Frank-Bradley,47.46,33x24x26,459,60,3.233173129569025,2.2975725511705014,3.192942442841696,2.191653532286764,6.129052388707409,24.84069503916066,16.571813571981146,455,Granite Coffee Grinder
BEA-STY-1391,StyleMax Classic Tool,Beauty,Makeup,StyleMax,31.27,75.64,2023-10-03,,Ware and Sons,20.92,78x24x32,496,49,4.339119133662605,3.4741380060638702,4.325985243790257,3.44265917146975,6.206577942851927,75.5543653233732,39.48114341499312,492,Pulse Select Desk Lamp
BOO-FAS-1392,FashionForward Elite Product,Books,Educational,FashionForward,6.12,14.52,2023-12-02,,Webster Inc,43.14,44x93x50,460,77,2.7421295147550726,1.9629077254238845,2.67552700939665,1.8115620965242347,6.131228663393821,14.394577724076926,7.075667256225924,459,Aurora Flex Blender
CLO-HOM-1393,HomeComfort Elite Dress System 836,Clothing,Shoes,HomeComfort,52.73,117.94,2022-11-22,,"Miller, Ramos and Coleman",7.36,8x45x31,492,62,4.778619164278448,3.98397150474073,4.770176020572358,3.9651845535423784,6.198480749010567,118.21088470152715,63.61397301526696,493,Lumen Select Smart Thermostat 2024
HOM-BEA-1394,BeautyGlow Elite Table Collection 126,Home & Garden,Garden Tools,BeautyGlow,58.06,153.49,2023-09-19,,"Ramos, Nelson and Fischer",30.32,83x34x43,118,39,5.040129369323958,4.078553876315777,5.033635418325317,4.061476958596484,4.770693099006027,153.33398746944798,113.369319055627,122,Vertex Action Camera
BEA-AUT-1395,AutoCare Pro Accessory,Beauty,Skincare,AutoCare,13.17,22.4,2023-09-12,,Reed Inc,32.51,28x54x36,242,27,3.152736022363656,2.6511270537025893,3.109060958860994,2.5779415157551897,5.488941858379554,22.822142179091493,10.261902437558255,246,Harbor Select Portable Speaker
CLO-SPO-1396,SportElite Premium Jacket,Clothing,Womens Apparel,SportElite,3.09,6.28,2022-10-04,,Gregory-Watkins,11.21,90x30x18,33,32,1.9851308622085946,1.4085449700547104,1.8373699804801074,1.128171090909654,3.4965378640376557,6.6312444968061515,3.8750484830093885,36,Terra Ultra Yoga Mat
SPO-AUT-1397,AutoCare Modern Product,Sports,Athletic Wear,AutoCare,67.93,180.99,2023-09-15,,"Estrada, Williams and Foster",19.08,45x55x44,480,83,5.2039517405123155,4.23309149689756,5.19844178112078,4.218477763203211,6.1737881872331,180.92041414682754,124.29431997189391,481,Nimbus Action Camera
BOO-OUT-1398,OutdoorAdventure Pro Equipment,Books,Fiction,OutdoorAdventure,18.12,51.03,2022-09-09,,"Brown, Harris and Dougherty",19.84,99x10x40,198,76,3.9518204753022124,2.9507349076232554,3.93241369507588,2.8970163006148333,5.2882720811868325,51.27585364643567,32.29910763601149,197,Aurora Edge Portable Speaker
AUT-SPO-1399,SportElite Ultra Equipment,Automotive,Car Parts,SportElite,61.19,119.74,2022-10-20,,Duran LLC,21.18,83x11x49,264,28,4.79363947336828,4.1301942151157975,4.785322725497206,4.113983777474449,5.57595289101793,119.98945201660298,94.18830779382994,268,Aurora Select Portable Speaker
SPO-STY-1400,StyleMax Pro Product,Sports,Athletic Wear,StyleMax,4.78,13.9,2023-12-14,,Wilson-Jimenez,19.71,46x62x6,91,68,2.7013612129514133,1.7544036826842861,2.631888840136646,1.5644405465033646,4.5108704954674606,13.511061391459215,10.117802632669134,95,Terra Lite Action Camera 2022
BOO-FAS-1401,FashionForward Pro Gear,Books,Non-Fiction,FashionForward,11.71,28.96,2023-12-30,,Thompson-James,35.95,20x16x12,361,67,3.3998631586490187,2.542389085201363,3.365915567517516,2.460443177609626,5.888880728412147,29.354501848545976,14.4947040775703,365,Solstice Eco Blender 2023
BEA-STY-1402,StyleMax Classic Accessory,Beauty,Hair Care,StyleMax,20.18,45.76,2022-06-13,,"Hall, Hansen and Barnett",19.09,26x47x41,446,94,3.8450281366038674,3.05305734017326,3.8234103470715426,3.004692014925463,6.100321194170017,45.7651473249989,36.61190487348175,446,Granite Water Bottle
AUT-HOM-1403,HomeComfort Elite Product,Automotive,Tools,HomeComfort,20.95,33.04,2022-11-12,,Jones-Hensley,38.45,62x41x45,92,25,3.5275363037051735,3.08876713952118,3.497718948652777,3.0421386463681466,4.5217994465551845,33.359928316785584,21.129300182471802,97,Aurora Desk Lamp
CLO-TEC-1404,TechPro Ultra Shirt,Clothing,Womens Apparel,TechPro,8.5,31.54,2023-07-11,,Graham Group,30.44,68x35x18,301,94,3.482470101790892,2.2512917986064953,3.451256581534892,2.1400661634962708,5.707113587002493,31.36364860901,18.535788601528566,298,Canyon Pro Water Bottle
SPO-SMA-1405,SmartLife Modern Item,Sports,Athletic Wear,SmartLife,35.18,53.12,2023-07-15,,Atkins PLC,31.47,31x11x16,75,17,3.991203803302587,3.588506479967149,3.9725535051681784,3.560477739309412,4.3175014467807555,53.507612763926275,41.636747255543526,74,Lumen Coffee Grinder
BEA-TEC-1406,TechPro Elite Item,Beauty,Hair Care,TechPro,7.68,21.18,2022-11-02,,Berry-Mckinney,4.48,18x58x16,82,96,3.099190981922221,2.1610215286722587,3.0530573401732606,2.038619547159581,4.406731442311845,21.071417645159478,8.65547956677775,84,Harbor Lite Portable Speaker 2024
HOM-KIT-1407,KitchenMaster Elite Vase,Home & Garden,Home Decor,KitchenMaster,17.67,36.05,2022-02-06,2023-06-07,Roberts-Sullivan,16.21,53x13x32,431,80,3.6122683517420957,2.9269179575536315,3.584906863730958,2.871868286331605,6.0661104102866705,35.57062089845069,25.23912934539309,426,Solstice Yoga Mat
ELE-FAS-1408,FashionForward Elite Phone,Electronics,Tablets,FashionForward,61.58,134.5,2023-06-24,,Jackson-Meza,10.57,31x83x8,55,83,4.908971640319756,4.136445738240736,4.901564199041894,4.120337142496354,4.0073513668853655,134.8972743368909,91.50358821523017,50,Canyon Select Coffee Grinder
BEA-FAS-1409,FashionForward Ultra Equipment,Beauty,Skincare,FashionForward,31.91,63.02,2023-06-23,,Collier-Gillespie,31.2,21x83x41,254,76,4.159195534541717,3.4937765629552486,4.143452136329128,3.462919440290152,5.537338204018661,62.61946094325042,42.482482244541494,255,Harbor Select Yoga Mat
BEA-FAS-1410,FashionForward Elite Tool Model 298,Beauty,Fragrances,FashionForward,38.11,57.25,2022-01-25,,Kim Inc,39.86,99x31x44,212,62,4.06474409244581,3.666378188767423,4.047427642434349,3.640476714885769,5.35659099164202,57.072927364838606,40.39812052360205,211,Granite Coffee Grinder
ELE-AUT-1411,AutoCare Smart Phone,Electronics,Tablets,AutoCare,17.73,49.05,2022-09-18,,Graham Group,15.46,69x75x25,392,10,3.9130225057612296,2.930126516455997,3.892840186011372,2.8752581200861167,5.971264390807617,49.49106072770979,39.56367217481764,391,Harbor Classic Blender
ELE-AUT-1412,AutoCare Advanced Speaker,Electronics,Gaming,AutoCare,11.77,31.35,2022-01-30,,"Miller, Harrell and Reese",9.78,48x91x35,469,70,3.4766140209469096,2.547098670044448,3.4452142670789296,2.4655539212721855,6.150604900640168,31.791595003998808,16.15846227843085,464,Canyon Yoga Mat 2024
AUT-HOM-1413,HomeComfort Modern Product,Automotive,Car Parts,HomeComfort,63.43,180.01,2023-07-04,,Cook and Sons,23.18,57x100x8,427,76,5.198552278358462,4.165579363150551,5.193012404902613,4.149936935645806,6.056786355146257,180.08196913036082,74.42099872481539,430,Lumen Edge Yoga Mat
HOM-AUT-1414,AutoCare Premium Table,Home & Garden,Home Decor,AutoCare,27.09,54.11,2022-12-29,2023-11-26,Dixon Inc,14.09,8x48x29,320,78,4.009331187895144,3.335413641116152,3.991019011654644,3.2991646560970036,5.76832412078889,54.2392004679264,38.5251606929223,315,Solstice Select Wireless Earbuds 2023
AUT-KIT-1415,KitchenMaster Classic Product,Automotive,Tools,KitchenMaster,10.24,28.64,2024-02-09,,"Hicks, Bullock and Bailey",42.91,95x9x22,211,21,3.389124800427886,2.419478844465545,3.3548043420924447,2.3263016196113617,5.351862872801329,28.589476611538753,15.289112416266844,210,Aurora Prime Trail Shoes 2023
SPO-AUT-1416,AutoCare Modern Gear Model 279,Sports,Outdoor Gear,AutoCare,81.13,135.35,2022-02-08,,"Mullen, Brewer and Hernandez",45.68,61x69x6,409,71,4.9152251092915975,4.408303357752101,4.90786401606031,4.396052806406973,6.0137176010275875,135.1473465562641,68.01174924168771,413,Aurora Water Bottle 2025
BOO-SPO-1417,SportElite Advanced Equipment,Books,Non-Fiction,SportElite,22.29,50.94,2024-03-05,,Thomas and Sons,38.5,17x71x48,67,36,3.9500892062346025,3.1480240838962494,3.930648469551311,3.1041381473977774,4.2047075446527185,50.77209125446252,23.38714069565558,70,Canyon Wireless Earbuds 2024
BEA-FAS-1418,FashionForward Classic Accessory,Beauty,Skincare,FashionForward,58.05,97.17,2022-11-15,,Morrison Ltd,34.38,81x16x26,239,15,4.58670066970443,4.078384542643371,4.576462021851348,4.061304708143901,5.476467736023176,97.33906808695549,61.41592159610718,237,Aurora Trail Shoes 2022
ELE-BEA-1419,BeautyGlow Premium Monitor,Electronics,Smart Home,BeautyGlow,58.41,157.38,2022-08-03,,Thompson Ltd,9.71,40x73x25,395,66,5.064997208782266,4.08446256236765,5.058663263106837,4.067487108052218,5.978888296543487,157.62732703884893,107.00178605765569,397,Vertex Action Camera 2022
BEA-BEA-1420,BeautyGlow Elite Product Series 737,Beauty,Skincare,BeautyGlow,128.34,300.24,2022-04-15,,Marshall-Elliott,17.58,45x39x14,482,100,5.707907289233151,4.862444596018447,5.704582154826765,4.8546829923223696,6.177946188737245,300.5257474628513,201.31677265096113,482,Granite Max Smart Thermostat
AUT-KIT-1421,KitchenMaster Smart Product System 446,Automotive,Car Care,KitchenMaster,97.5,225.3,2022-02-21,2023-12-15,"Cole, Glass and Cunningham",45.17,11x18x29,27,21,5.421861552639491,4.590056548178043,5.4174328474381985,4.579852378003801,3.295873902355512,225.58382577993868,116.16472196284592,32,Aurora Yoga Mat 2024
SPO-HOM-1422,HomeComfort Modern Tool,Sports,Athletic Wear,HomeComfort,16.05,32.08,2022-07-22,,"Downs, Morris and Maddox",33.58,73x15x34,290,26,3.4989288701554906,2.8361502037295256,3.4682327829983137,2.775708849576025,5.669884371250436,31.679381980987714,14.99347809932641,287,Harbor Smart Thermostat
ELE-FAS-1423,FashionForward Pro Speaker,Electronics,Gaming,FashionForward,144.25,389.8,2024-02-24,,Hernandez-Jones,11.66,33x23x44,132,56,5.968195920168628,4.978456395732021,5.96563378707346,4.971547905388209,4.88280949831525,389.79453189860857,283.51877289971327,130,Canyon Desk Lamp
SPO-AUT-1424,AutoCare Advanced Equipment,Sports,Outdoor Gear,AutoCare,35.9,57.38,2022-04-26,,Welch-Hogan,23.12,26x41x27,309,83,4.0669733654259685,3.6082115510464816,4.049695810553219,3.580737295494233,5.733344513138463,56.94640758481631,37.107622931663144,305,Solstice Prime Trail Shoes
CLO-STY-1425,StyleMax Classic Hat,Clothing,Accessories,StyleMax,36.41,96.56,2023-10-28,2025-02-28,"Brown, Romero and Collins",26.68,56x80x31,122,89,4.58046757334772,3.6219380483600547,4.570164576789276,3.594843462187342,4.8040292414209755,96.60853830467727,42.432781025274444,117,Vertex Blender
CLO-HOM-1426,HomeComfort Modern Jacket Collection 933,Clothing,Accessories,HomeComfort,5.63,19.07,2023-03-18,,Johnson-Wood,21.82,48x74x49,120,32,2.9992261628082466,1.891604804197771,2.9481164196123277,1.728109442151599,4.787500076080657,19.01269989134591,9.07519119537688,122,Terra Eco Wireless Earbuds
BEA-KIT-1427,KitchenMaster Modern Item,Beauty,Skincare,KitchenMaster,37.24,81.72,2023-07-23,2025-04-18,Jones-Lin,8.89,56x13x43,55,97,4.415461410760119,3.643882088183201,4.403298769949421,3.617383452408866,4.0073513668853655,82.09995009910313,33.33722979068984,50,Lumen Classic Coffee Grinder 2023
AUT-AUT-1428,AutoCare Modern Accessory,Automotive,Accessories,AutoCare,52.07,85.18,2022-05-23,,Gilbert PLC,45.17,86x5x14,338,29,4.456438132187692,3.9716117968398037,4.444766664495067,3.952588967174808,5.8230488540585235,85.03389671230104,42.372449926145286,343,Canyon Coffee Grinder 2025
SPO-SMA-1429,SmartLife Modern Product Model 406,Sports,Team Sports,SmartLife,4.13,9.72,2023-11-27,,Ford-Spencer,47.17,60x96x27,45,84,2.372111155642656,1.635105659182678,2.2741856184723477,1.4182774069729414,3.806684711745632,9.344725676099054,6.006060024573421,40,Solstice Smart Thermostat
ELE-OUT-1430,OutdoorAdventure Classic Laptop,Electronics,Smart Home,OutdoorAdventure,16.72,31.56,2023-07-17,,"Huang, Cole and Pacheco",0.14,76x50x12,440,46,3.4830845411343394,2.8746939451769347,3.4518904959776733,2.8166056076565553,6.086776999636997,31.210131848411777,17.594551609276227,438,Harbor Portable Speaker 2024
AUT-SPO-1431,SportElite Classic Accessory,Automotive,Car Parts,SportElite,3.2,7.81,2023-12-30,,"Lopez, Jacobs and Mason",19.14,74x32x47,88,70,2.175887439948088,1.4350845252893227,2.0554049638515948,1.1631508098056809,4.477348178050004,8.066280419083123,4.320253800958502,92,Solstice Blender
CLO-OUT-1432,OutdoorAdventure Classic Dress,Clothing,Womens Apparel,OutdoorAdventure,9.82,22.67,2023-11-18,2024-05-27,Hayes LLC,3.68,7x23x36,336,65,3.1642084235258925,2.3813962734183356,3.1210424645194377,2.2844211223663744,5.817114136149251,22.785853702049938,17.513609860569197,340,Vertex Action Camera
CLO-HOM-1433,HomeComfort Classic Jacket,Clothing,Mens Apparel,HomeComfort,21.63,73.34,2023-03-12,,"Miller, Lucas and Williams",22.77,59x75x33,196,55,4.308649164869106,3.119276459645446,4.29510616264318,3.0740812399649675,5.278119761258318,72.94910022260034,42.47105488185268,196,Harbor Trail Shoes
CLO-SMA-1434,SmartLife Premium Shoes,Clothing,Womens Apparel,SmartLife,40.52,140.29,2023-12-31,,"Kim, Gonzales and Mills",20.6,74x78x28,17,14,4.950814515777717,3.7261752388576332,4.943711708730681,3.7017956793804827,2.833272165855592,139.8824246699927,72.21733279372351,20,Pulse Pro Portable Speaker
BOO-AUT-1435,AutoCare Pro Tool,Books,Children Books,AutoCare,21.47,54.44,2022-05-26,,Cox LLC,26.37,40x64x38,40,76,4.015301354881648,3.112181086197238,3.9970991777832654,3.0666566118906897,3.6889044538014413,54.636949748829934,40.052789527618096,35,Canyon Select Portable Speaker
BOO-SPO-1436,SportElite Modern Accessory,Books,Fiction,SportElite,86.99,255.79,2022-03-21,,Ortiz-Morgan,27.01,79x44x44,27,53,5.5482586302476244,4.477223171657469,5.544356795339151,4.46579316951945,3.295873902355512,255.3713077462369,124.55666917812736,28,Lumen Wireless Earbuds
BOO-FAS-1437,FashionForward Modern Tool,Books,Fiction,FashionForward,5.8,13.69,2022-12-06,,"Williams, Mccoy and Cook",48.03,42x42x15,18,98,2.6871669901857858,1.916922612182061,2.6166656393003573,1.7578579175523736,2.8904273119085677,14.005422858104549,7.933944428823002,22,Terra Trail Shoes
BOO-KIT-1438,KitchenMaster Ultra Item,Books,Educational,KitchenMaster,4.34,10.26,2023-08-10,2024-11-30,Davis-Gregory,40.46,84x8x23,248,20,2.421256622711544,1.6752256529721035,2.3282528397426234,1.4678743481123135,5.513432778414917,10.462117382613366,4.384791467590716,253,Pulse Trail Shoes 2023
CLO-STY-1439,StyleMax Ultra Dress Model 381,Clothing,Accessories,StyleMax,11.65,43.3,2022-01-15,,King-York,30.23,80x99x14,337,67,3.7909846770510898,2.537657215173529,3.768152635008444,2.4553061800117097,5.82008589770701,42.88972180502906,33.58398521665382,336,Terra Flex Water Bottle
HOM-BEA-1440,BeautyGlow Smart Vase System 982,Home & Garden,Kitchen,BeautyGlow,28.38,43.98,2022-03-28,,"Marks, Cook and Aguilar",29.82,24x68x31,394,59,3.8062179465311696,3.380314170745731,3.783734985126615,3.3456846717318967,5.976353447365779,43.57314095980348,30.234075491032954,396,Canyon Trail Shoes
CLO-HOM-1441,HomeComfort Smart Shoes,Clothing,Shoes,HomeComfort,11.87,31.93,2023-10-20,,Rangel LLC,40.99,11x26x34,204,70,3.494384096388273,2.554899021608035,3.4635460067266908,2.4740142086215764,5.3181248957929865,32.40690678693115,18.12772523203043,205,Canyon Trail Shoes
HOM-OUT-1442,OutdoorAdventure Smart Vase,Home & Garden,Garden Tools,OutdoorAdventure,3.12,6.52,2022-09-26,2024-06-12,"Hale, Myers and Larson",0.69,62x53x48,161,77,2.017566137961748,1.415853163361435,1.8748743759385615,1.1378330018213911,5.081410576145298,6.396785379840997,4.358616259614466,159,Aurora Eco Smart Thermostat
BEA-STY-1443,StyleMax Advanced Equipment,Beauty,Skincare,StyleMax,18.54,45.94,2022-10-07,,Collins Group,13.43,17x37x46,299,60,3.8488701904228773,2.972463646614637,3.8273361972609523,2.919930560137709,5.7004469178666985,45.81322930412555,23.558552223698825,297,Aurora Max Water Bottle
SPO-KIT-1444,KitchenMaster Smart Tool,Sports,Outdoor Gear,KitchenMaster,6.21,15.74,2022-07-04,,"Conner, Li and Santiago",0.63,6x13x5,210,22,2.8178010650613294,1.9754689512968577,2.756205242989257,1.8261608959453874,5.347112292610893,16.046543575912352,7.9654703245955485,210,Granite Yoga Mat
BOO-FAS-1445,FashionForward Advanced Product,Books,Fiction,FashionForward,36.7,68.91,2022-02-04,2022-11-05,"Osborn, Gaines and Davis",2.94,81x89x18,486,86,4.247208700523894,3.629660094453965,4.232801305369117,3.6027767550605247,6.186210681511546,69.34830360583618,52.6349196044582,486,Terra Flex Trail Shoes
BEA-STY-1446,StyleMax Pro Tool Kit 882,Beauty,Skincare,StyleMax,27.94,79.62,2023-08-03,,"Henderson, Cox and Cox",9.32,19x94x16,129,47,4.38974675768902,3.365224721203338,4.377265317572172,3.330059353828816,4.859820156269611,80.09628104254642,47.61389220200819,132,Lumen Blender 2025
SPO-FAS-1447,FashionForward Ultra Equipment,Sports,Fitness Equipment,FashionForward,8.62,21.56,2024-02-28,,Bean LLC,8.18,14x40x8,195,59,3.1161784266298582,2.263844264677615,3.070839746040796,2.1540850846756014,5.273004686755725,21.808310621553762,13.00743117376108,194,Aurora Pro Yoga Mat
HOM-BEA-1448,BeautyGlow Ultra Table,Home & Garden,Furniture,BeautyGlow,12.65,28.3,2022-07-25,,Lee-Cooke,9.0,67x18x14,276,65,3.3775875160230218,2.613739521630969,3.342861804649192,2.5376572151735295,5.620404488898992,28.1787343938203,18.38064161879659,278,Granite Coffee Grinder
CLO-STY-1449,StyleMax Modern Hat Series 174,Clothing,Accessories,StyleMax,5.22,11.18,2024-01-16,,Jones Inc,22.35,68x24x46,327,10,2.4997952622817508,1.827769906751088,2.414126467726953,1.6524974018945473,5.789963228996553,10.771830702364696,4.597741090840813,326,Granite Select Action Camera 2024
ELE-SMA-1450,SmartLife Ultra Laptop,Electronics,Gaming,SmartLife,51.28,157.25,2023-08-12,2025-06-24,"Wise, Conley and Stephenson",23.96,56x98x9,276,38,5.064176061024286,3.956613888756021,5.05783689558055,3.9373008126124147,5.620404488898992,157.5216039776089,73.87723405887188,272,Nimbus Desk Lamp
ELE-FAS-1451,FashionForward Pro Monitor,Electronics,Headphones,FashionForward,141.9,452.42,2022-12-08,,Stanley PLC,20.09,85x87x10,187,78,6.116818848260683,4.9621450849358215,6.11461095192969,4.955122584165997,5.231113964433871,452.4772361647411,235.7932392699529,187,Vertex Wireless Earbuds
AUT-STY-1452,StyleMax Modern Gear,Automotive,Car Care,StyleMax,8.27,14.6,2022-02-10,,Harper and Sons,33.07,43x94x29,458,23,2.747270914255491,2.2267833795777636,2.681021528714291,2.1126345090356,6.126871367517915,14.525737569062036,7.4701415555386115,461,Harbor Smart Thermostat
BEA-FAS-1453,FashionForward Pro Accessory,Beauty,Hair Care,FashionForward,31.62,56.41,2022-02-06,,White Ltd,36.01,80x35x36,199,18,4.050218504179545,3.4849255971928677,4.032646447751885,3.453789831781326,5.293309849837494,56.80822729739284,34.954871580069714,196,Lumen Action Camera 2024
AUT-FAS-1454,FashionForward Modern Item Series 445,Automotive,Car Care,FashionForward,12.46,33.42,2022-02-13,,"Lamb, Martin and Kim",10.66,88x90x38,234,96,3.5386377907833935,2.599722324216582,3.509154523167248,2.522523513359307,5.4553253888528435,33.03897353266003,14.259693383634158,229,Vertex Classic Yoga Mat 2025
AUT-KIT-1455,KitchenMaster Smart Item Collection 600,Automotive,Tools,KitchenMaster,9.84,24.41,2023-04-28,,Diaz-Ball,30.96,36x94x46,66,11,3.2351427973320726,2.3832429960115,3.1949928844048685,2.286455711064162,4.189669893426794,24.402772602205044,12.742196377046682,61,Terra Classic Blender 2022
CLO-BEA-1456,BeautyGlow Pro Jacket,Clothing,Mens Apparel,BeautyGlow,11.18,41.05,2022-03-07,,Bishop-Goodwin,5.41,68x81x44,112,18,3.738859386418957,2.4997952622817508,3.714790835898437,2.414126467726953,4.718507799826663,40.57112657187207,20.626668089123335,109,Canyon Portable Speaker
AUT-SMA-1457,SmartLife Advanced Accessory,Automotive,Tools,SmartLife,7.91,15.71,2023-12-02,,Young-Allen,6.95,32x10x42,88,52,2.8160073426073025,2.187174241482718,2.75429745226753,2.0681277817795625,4.477348178050004,15.679287429154245,7.139150201095602,92,Solstice Lite Blender
ELE-BEA-1458,BeautyGlow Elite Speaker Model 666,Electronics,Smartphones,BeautyGlow,31.39,63.74,2022-09-07,,Mckee-Lee,2.13,17x85x44,192,30,4.170379248498098,3.477849733183238,4.15481230898919,3.4464893708538624,5.257500580347552,63.3051772101682,43.704081555502626,191,Aurora Desk Lamp 2024
ELE-STY-1459,StyleMax Premium Phone Series 823,Electronics,Headphones,StyleMax,16.48,44.7,2022-10-18,,"Valentine, Joyce and Murray",40.39,65x93x13,105,28,3.822098297900159,2.8610573702273894,3.7999735016195233,2.8021475244813256,4.653969873921696,44.326441557942715,21.15132074500881,102,Terra Portable Speaker
BEA-OUT-1460,OutdoorAdventure Modern Equipment Collection 725,Beauty,Hair Care,OutdoorAdventure,117.71,298.7,2023-09-03,,Strickland-Shaw,25.04,16x85x24,178,63,5.702781974322617,4.776683544065443,5.699439725222064,4.768223972424389,5.181789168253832,298.32517572184156,215.36206570345973,181,Solstice Yoga Mat
ELE-SPO-1461,SportElite Smart Phone,Electronics,Smart Home,SportElite,56.56,179.15,2023-09-26,,Burch-Montoya,38.08,74x69x19,237,90,5.193789837194102,4.052827882019167,5.188223443750963,4.0353020215883175,5.468064360535513,179.29622609607375,118.66957737679543,239,Lumen Max Wireless Earbuds 2023
BEA-BEA-1462,BeautyGlow Premium Product Collection 801,Beauty,Makeup,BeautyGlow,10.7,29.59,2023-05-01,,"Taylor, Wright and Davidson",8.07,10x11x46,186,46,3.420673158162812,2.4595888418037104,3.3874364664121184,2.3702437414678603,5.225752050042835,29.831123981680115,19.860244356995427,183,Granite Flex Water Bottle
CLO-BEA-1463,BeautyGlow Advanced Shoes,Clothing,Shoes,BeautyGlow,14.46,50.84,2022-02-14,2022-10-05,Spencer-Garcia,46.25,27x25x6,248,75,3.9481620520440193,2.738256043159276,3.928683446321253,2.671386216730619,5.513432778414917,50.92170138979522,20.80608843038765,251,Granite Eco Water Bottle
ELE-SPO-1464,SportElite Modern Monitor,Electronics,Smartphones,SportElite,48.8,116.46,2024-02-05,,"Rosales, Mitchell and Hines",16.35,19x46x19,50,40,4.766097850094374,3.9080149840306073,4.757547866408974,3.8877303128591016,3.9120430052281487,116.91292909750504,53.474232994237965,50,Harbor Select Action Camera
BEA-SPO-1465,SportElite Classic Product System 596,Beauty,Fragrances,SportElite,16.46,26.04,2023-03-23,2025-06-04,Cole-Palmer,22.8,54x52x13,234,34,3.2973172511747633,2.8599125504114564,3.2596338173403683,2.800933195248924,5.4553253888528435,25.917373167933228,13.464906151569442,235,Solstice Yoga Mat 2025
BEA-BEA-1466,BeautyGlow Smart Gear Kit 682,Beauty,Hair Care,BeautyGlow,34.91,55.49,2022-05-20,2024-03-06,Davis-Lozano,22.98,26x48x19,453,47,4.034063631337171,3.5810158082379915,4.01620282433781,3.5527733211169448,6.115894332986116,55.27999784455623,28.14731978965747,451,Aurora Eco Water Bottle
BOO-KIT-1467,KitchenMaster Elite Tool,Books,Non-Fiction,KitchenMaster,39.72,110.51,2022-03-30,,Wilkerson-Arias,26.14,32x80x35,428,69,4.7141142729772705,3.7067193722422673,4.705106014600691,3.681854839176972,6.059125532027665,110.87122714562568,63.76990153226694,426,Vertex Lite Action Camera
HOM-SMA-1468,SmartLife Smart Table,Home & Garden,Furniture,SmartLife,12.46,29.52,2023-08-29,,Brown-Shaw,45.7,5x58x7,20,70,3.4183822064162563,2.599722324216582,3.385067999732272,2.522523513359307,2.995782272304033,29.249123921749064,12.318670222443625,16,Nimbus Smart Thermostat 2023
BEA-SMA-1469,SmartLife Classic Equipment,Beauty,Skincare,SmartLife,11.96,30.44,2022-04-11,,Hughes Inc,12.1,76x6x49,374,62,3.448080967561006,2.561867690924129,3.415757532993485,2.481567748522486,5.924258471207748,30.8939580886518,18.582607625851725,373,Aurora Edge Yoga Mat
CLO-AUT-1470,AutoCare Ultra Pants,Clothing,Womens Apparel,AutoCare,9.78,21.33,2023-05-07,,Walker-Flores,8.17,63x78x42,12,68,3.1059310658520665,2.377692565480851,3.0601145324832593,2.280339484046726,2.4849899796493045,20.85191138519602,13.507720481474907,14,Nimbus Wireless Earbuds
SPO-SMA-1471,SmartLife Elite Gear,Sports,Outdoor Gear,SmartLife,2.53,6.47,2022-01-02,,Combs Ltd,3.63,93x47x38,16,47,2.010894999144726,1.2612978709452054,1.8671761085128091,0.9282193027394288,2.7726512202867375,6.930481250173486,5.092419661850745,17,Lumen Flex Wireless Earbuds
SPO-KIT-1472,KitchenMaster Smart Accessory Model 853,Sports,Team Sports,KitchenMaster,5.14,14.89,2023-06-12,,Moody-Taylor,33.77,11x19x29,187,69,2.7656899805486246,1.814824742159051,2.7006898466959175,1.6370530794670737,5.231113964433871,14.442296713711565,7.0119912477887185,188,Aurora Wireless Earbuds
BOO-AUT-1473,AutoCare Advanced Product,Books,Fiction,AutoCare,68.73,175.76,2023-07-29,,Lowery-Kennedy,10.32,47x35x39,58,93,5.174792880262539,4.244630641232919,5.169119428076355,4.230185785133514,4.060460251777099,176.14332025142411,89.16769910741688,58,Nimbus Smart Thermostat
SPO-SPO-1474,SportElite Advanced Gear,Sports,Outdoor Gear,SportElite,88.28,199.09,2023-03-10,,Blake Group,3.26,49x62x36,256,77,5.298767265328402,4.491777498633001,5.293756983791705,4.480513581388536,5.545181350721933,199.11714708690457,128.68104617376244,253,Solstice Action Camera
AUT-FAS-1475,FashionForward Ultra Equipment,Automotive,Car Parts,FashionForward,16.05,43.34,2023-12-11,,Gilbert-Bullock,47.05,13x29x34,44,20,3.7918872041881655,2.8361502037295256,3.769075996108213,2.775708849576025,3.784212360932728,43.82310550019692,34.616862945019356,43,Harbor Flex Action Camera
SPO-BEA-1476,BeautyGlow Pro Item Series 813,Sports,Outdoor Gear,BeautyGlow,33.75,58.11,2022-06-04,,Scott and Sons,26.08,85x7x23,213,97,4.079400114836278,3.548179572010801,4.062337766087015,3.518980417318539,5.361296860534085,57.69232063344069,26.792375370229596,208,Pulse Water Bottle
BOO-FAS-1477,FashionForward Advanced Equipment,Books,Non-Fiction,FashionForward,26.58,65.57,2022-10-26,,"Bentley, Lynch and Henderson",1.2,34x71x46,171,62,4.198254025612612,3.3170908723651555,4.183118274275528,3.2801590532850993,5.141669404438777,65.6227771987133,52.19850984526453,172,Canyon Coffee Grinder
BOO-AUT-1478,AutoCare Modern Tool,Books,Educational,AutoCare,320.86,736.44,2023-07-16,,Young-Martinez,15.27,21x44x15,404,43,6.603184728972198,5.774116668390349,6.601827766189006,5.77100489092293,6.001417353205611,736.8999164849067,382.0974096522874,407,Granite Blender 2023
CLO-AUT-1479,AutoCare Ultra Shirt Model 566,Clothing,Shoes,AutoCare,29.83,116.72,2023-09-26,,Barnes PLC,35.62,41x28x16,429,100,4.768308923365272,3.428488241898059,4.7597779042145305,3.395514598526657,6.061459249927631,116.74263588728674,48.085959718709276,424,Aurora Yoga Mat
BEA-HOM-1480,HomeComfort Smart Item Model 688,Beauty,Makeup,HomeComfort,17.9,30.25,2022-09-24,,Brown-Copeland,10.34,95x9x47,162,54,3.4420193761824107,2.9391619220655967,3.4094961844768505,2.884800712846709,5.087602508052838,30.376810665372556,18.983546412012657,158,Granite Flex Yoga Mat 2023
CLO-FAS-1481,FashionForward Elite Shoes,Clothing,Kids Clothing,FashionForward,5.67,21.79,2023-02-19,,Carlson-Smith,38.45,63x45x14,2,79,3.126321843257593,1.8976198599275325,3.0814511489565284,1.7351891177396608,0.6936470556015963,21.981833715204925,15.519408445717325,0,Canyon Water Bottle
BOO-BEA-1482,BeautyGlow Modern Gear,Books,Educational,BeautyGlow,4.73,12.45,2023-08-11,,"Andrews, Higgins and Carter",40.0,98x61x26,352,24,2.598979106047848,1.7457155307266483,2.5217206229107165,1.5539252025038417,5.863634016503153,12.405450243472417,6.426663297514206,349,Harbor Smart Thermostat
BEA-TEC-1483,TechPro Elite Accessory,Beauty,Fragrances,TechPro,24.12,47.33,2023-02-16,,Mendez and Sons,11.1,50x16x25,28,87,3.8780524858569927,3.223664341599998,3.8571443439181565,3.1830413718589847,3.3322402238231783,47.45500691848238,22.45327688173141,30,Canyon Flex Smart Thermostat 2025
BEA-KIT-1484,KitchenMaster Smart Gear Series 651,Beauty,Makeup,KitchenMaster,10.17,28.21,2023-11-25,,"Butler, Beck and Miller",4.46,70x55x17,251,50,3.3745111163996495,2.413231613081109,3.339676525013905,2.3194422100604686,5.525456923187592,28.29262802568464,16.450122550648583,252,Vertex Water Bottle
BOO-AUT-1485,AutoCare Classic Product,Books,Fiction,AutoCare,5.58,11.96,2023-01-31,,Jones-Fox,14.3,49x44x33,447,81,2.561867690924129,1.884034745337226,2.481567748522486,1.7191887763932197,6.102560831747532,12.35313485028117,5.10414101613776,447,Lumen Blender 2022
ELE-FAS-1486,FashionForward Classic Speaker Set 845,Electronics,Laptops,FashionForward,28.6,90.34,2023-03-11,,"Hartman, Romero and Smith",20.77,80x81x10,73,36,4.514588807756853,3.3877743613300146,4.503580330226458,3.353406717825807,4.2904731396847025,89.89453745273464,70.0577356285011,77,Aurora Lite Action Camera 2023
HOM-OUT-1487,OutdoorAdventure Advanced Chair,Home & Garden,Garden Tools,OutdoorAdventure,7.59,18.11,2023-01-20,2024-09-10,Williams-Hughes,31.98,39x58x16,284,69,2.9502117582521814,2.150598735996164,2.896464271895322,2.0268315914075385,5.648977759281768,17.895343925800386,10.702878803084426,288,Aurora Wireless Earbuds
BEA-SPO-1488,SportElite Elite Equipment Edition 143,Beauty,Makeup,SportElite,91.69,250.7,2022-11-06,,King-Smith,15.27,76x99x34,114,13,5.52823790214127,4.529260591887741,5.524257005164247,4.518413322061809,4.736207220285847,251.14140325439502,128.73970960181825,119,Terra Portable Speaker
AUT-HOM-1489,HomeComfort Ultra Gear,Automotive,Car Parts,HomeComfort,44.41,122.19,2023-04-29,2025-09-06,Cooper Ltd,44.65,58x27x36,464,98,4.813727878973883,3.8157323451098595,4.805577210328431,3.7934646693040106,6.139886707396347,122.57245850821309,55.763581463595216,462,Aurora Blender
BEA-TEC-1490,TechPro Pro Gear,Beauty,Makeup,TechPro,19.94,58.95,2023-09-06,,"Fuller, Ingram and Moss",29.1,77x60x21,321,97,4.093510881473524,3.041661205442391,4.07668962698338,2.9927277645336923,5.771444238389961,58.90654361773,42.901503485556354,324,Aurora Water Bottle
SPO-AUT-1491,AutoCare Premium Gear Series 249,Sports,Fitness Equipment,AutoCare,76.09,150.63,2023-12-11,2024-11-22,Anderson-Bell,2.74,51x58x45,466,55,5.021443342812848,4.344973570471171,5.014826498714724,4.331916850188431,6.1441877800460905,150.7477299458455,72.35870042681736,461,Harbor Blender
ELE-BEA-1492,BeautyGlow Pro Monitor Kit 287,Electronics,Tablets,BeautyGlow,58.99,169.33,2023-09-06,,Li-Thompson,27.23,45x92x24,138,97,5.137737731872486,4.094177881665002,5.131849473677249,4.077367938014984,4.927260931507761,169.11183355932152,97.90174404906764,143,Granite Classic Desk Lamp
BEA-STY-1493,StyleMax Advanced Product System 388,Beauty,Hair Care,StyleMax,9.25,19.05,2023-05-12,,"Marshall, Dominguez and Welch",46.05,25x18x18,79,74,2.998229153752578,2.327277705584417,2.94706710157271,2.224623551524334,4.369460510614755,18.744358736529286,12.022229199818858,75,Solstice Wireless Earbuds 2024
CLO-OUT-1494,OutdoorAdventure Pro Jacket,Clothing,Womens Apparel,OutdoorAdventure,41.2,88.7,2022-05-15,,Brown Group,24.03,44x93x28,71,66,4.49647076906475,3.742420221041966,4.485259889315534,3.7184382563554808,4.262693961449172,88.66442443684119,66.26016467001399,69,Harbor Eco Action Camera
BOO-HOM-1495,HomeComfort Ultra Item,Books,Educational,HomeComfort,32.62,54.74,2022-05-12,,Carter Inc,7.2,34x44x13,107,26,4.020698022053802,3.5151211279804695,4.002594703612533,3.4849255971928677,4.672838180212627,54.59628518346553,24.78025453819874,104,Solstice Classic Wireless Earbuds
ELE-STY-1496,StyleMax Pro Phone,Electronics,Headphones,StyleMax,19.35,55.35,2022-02-13,,Blackwell LLC,1.74,89x70x42,30,70,4.031582240485785,3.013080911888604,4.013676659154646,2.962692419475791,3.4012307144399454,55.43198298961386,40.858400071475096,25,Aurora Eco Trail Shoes
ELE-TEC-1497,TechPro Pro Tablet,Electronics,Tablets,TechPro,45.14,128.92,2022-05-07,,Robertson-Hays,10.35,30x28x47,179,13,4.866918876413368,3.8316802527456075,4.859192056947237,3.8097687713893897,5.187391392417329,128.50617994422566,86.88108220335614,178,Aurora Blender 2025
ELE-BEA-1498,BeautyGlow Advanced Tablet System 899,Electronics,Laptops,BeautyGlow,22.75,64.14,2022-09-05,,"Kennedy, Johnson and Lucas",3.51,79x6x38,111,34,4.176538799848087,3.16758253048065,4.161068194265009,3.1245651453969594,4.709539210280762,64.60490691151284,44.18857969219689,112,Pulse Portable Speaker
HOM-OUT-1499,OutdoorAdventure Premium Pot Collection 616,Home & Garden,Kitchen,OutdoorAdventure,5.79,16.07,2023-05-02,,Kelly-Norman,29.51,61x91x11,92,55,2.837322536806349,1.9154509415706047,2.776954179749421,1.7561322915849038,4.5217994465551845,16.546486529590013,7.469652992298146,88,Lumen Edge Blender
SPO-SPO-1500,SportElite Smart Equipment Model 226,Sports,Athletic Wear,SportElite,46.23,101.65,2023-06-17,2024-12-17,"Rivera, Martinez and Richardson",35.27,76x97x7,42,51,4.6313251434649425,3.8550292839080256,4.621535540074356,3.833628938000134,3.7376934275237357,101.84419847973936,54.07099987974111,41,Aurora Trail Shoes 2022
SPO-SMA-1501,SmartLife Ultra Equipment,Sports,Fitness Equipment,SmartLife,112.0,220.41,2023-03-31,,Paul-Kline,20.42,59x29x9,458,70,5.400016186372871,4.727387818712341,5.395489448300296,4.718498871295094,6.126871367517915,220.44537443901723,106.10640798623321,458,Vertex Lite Coffee Grinder
BEA-HOM-1502,HomeComfort Premium Accessory,Beauty,Hair Care,HomeComfort,5.7,9.46,2023-03-25,,Morgan-Lopez,33.86,20x23x30,205,98,2.347558458636777,1.9021075263969205,2.247072383063787,1.7404661748405046,5.323014857175291,9.273337063960602,6.489600351486556,210,Granite Edge Trail Shoes 2025
BOO-HOM-1503,HomeComfort Pro Gear,Books,Fiction,HomeComfort,33.34,66.94,2023-09-02,,"Jimenez, Glass and Stone",20.27,34x59x36,142,84,4.218624962732438,3.5363108554693294,4.203796695783181,3.506757877322648,4.9558340998299855,67.24751911931281,36.989522111256235,143,Lumen Pro Coffee Grinder
BOO-SMA-1504,SmartLife Advanced Equipment,Books,Educational,SmartLife,11.18,32.71,2023-05-12,,Acosta Inc,7.45,63x18x12,128,72,3.5177945292459696,2.4997952622817508,3.4876808415502927,2.414126467726953,4.8520380763891,32.8910365491028,18.790702027928738,123,Nimbus Water Bottle
SPO-HOM-1505,HomeComfort Premium Item,Sports,Outdoor Gear,HomeComfort,12.96,35.57,2023-05-26,,Morrison-Short,48.61,53x82x48,167,29,3.59922823216129,2.6361960973342264,3.571502585960364,2.561867690924129,5.117999800422779,35.23936460055799,16.452126361221605,168,Nimbus Classic Action Camera
HOM-KIT-1506,KitchenMaster Pro Chair,Home & Garden,Home Decor,KitchenMaster,11.79,26.87,2023-05-20,,"Carter, Garcia and Murphy",10.18,89x68x36,258,43,3.327550841493857,2.548663615590751,3.2910104226273997,2.4672517145492794,5.552963460883098,27.272708640803966,11.933587551159999,256,Terra Flex Portable Speaker 2024
BOO-OUT-1507,OutdoorAdventure Premium Item,Books,Educational,OutdoorAdventure,9.23,26.03,2022-05-02,,Parker-Morrison,15.8,53x61x34,18,14,3.2969473602883563,2.325324579963535,3.259249719006474,2.222459048514761,2.8904273119085677,26.346086498064707,20.94875585729959,20,Canyon Select Smart Thermostat
CLO-BEA-1508,BeautyGlow Elite Jacket,Clothing,Accessories,BeautyGlow,12.66,33.24,2023-02-03,,Jackson-Wallace,5.56,91x67x47,283,97,3.5333945512735414,2.614471854142644,3.5037539699872475,2.5384474167160302,5.645450431205899,33.68080391502609,17.864030040564494,281,Granite Desk Lamp
BOO-FAS-1509,FashionForward Elite Tool Model 606,Books,Children Books,FashionForward,9.51,22.69,2023-01-22,,Williams-Berg,17.7,41x46x8,14,85,3.165053018170694,2.3523271848888596,3.1219242987917504,2.252343876557299,2.639128755635788,22.911205118220593,17.85391584413688,14,Nimbus Lite Portable Speaker
ELE-AUT-1510,AutoCare Advanced Camera,Electronics,Laptops,AutoCare,71.55,205.45,2023-10-03,,Mendez-Graham,4.96,49x50x31,179,17,5.330058252332099,4.2842759793301965,5.325202695329419,4.27039650600246,5.187391392417329,205.56114689201706,119.31931084364454,182,Nimbus Pro Yoga Mat
BEA-SPO-1511,SportElite Smart Accessory,Beauty,Makeup,SportElite,19.2,31.24,2023-12-06,2025-04-11,"Whitney, Gould and Jones",5.81,26x7x39,166,14,3.4732079176384274,3.005682604407159,3.441699324971485,2.954910279033736,5.111993812434784,31.159878175564806,21.342862221929344,165,Pulse Ultra Coffee Grinder
SPO-KIT-1512,KitchenMaster Classic Gear Edition 702,Sports,Athletic Wear,KitchenMaster,16.2,24.84,2022-11-21,,"Sullivan, Palmer and Brady",19.58,78x17x36,51,98,3.2519236789144013,2.8449093838194073,3.212455257065278,2.785011242238338,3.9318452403752318,25.264073913686932,17.11108845682278,49,Canyon Coffee Grinder 2022
BEA-AUT-1513,AutoCare Modern Tool,Beauty,Makeup,AutoCare,8.87,22.2,2022-06-20,,Cisneros and Sons,18.23,60x30x36,325,19,3.144152278672264,2.28949985344539,3.100092288878234,2.182674796321488,5.7838282592480805,22.5587426117104,14.862074076569836,327,Vertex Select Action Camera
AUT-BEA-1514,BeautyGlow Ultra Item System 511,Automotive,Tools,BeautyGlow,11.95,32.35,2023-10-02,,"Gregory, Kim and Martinez",4.69,79x17x42,172,44,3.507057772361633,2.5610957881455465,3.4766140209469096,2.4807312783775197,5.147500290750041,31.90431429670407,17.594687611504153,175,Nimbus Select Blender 2024
ELE-OUT-1515,OutdoorAdventure Modern Speaker Set 178,Electronics,Smart Home,OutdoorAdventure,116.21,315.18,2022-11-06,,Osborne LLC,15.07,89x74x25,102,63,5.756311671668041,4.763967197735089,5.753143904193926,4.755398899234782,4.624982617157782,314.71583963500734,209.72034553780904,100,Granite Eco Blender
SPO-KIT-1516,KitchenMaster Modern Accessory,Sports,Team Sports,KitchenMaster,31.53,55.83,2022-01-20,,Reyes-Bradley,25.86,28x78x36,109,94,4.04006435530903,3.48216274048526,4.022311359322269,3.4509394735569696,4.691357056498987,55.708934099540485,28.23999402998047,106,Lumen Wireless Earbuds 2025
AUT-BEA-1517,BeautyGlow Classic Tool,Automotive,Accessories,BeautyGlow,8.33,13.25,2022-07-25,,"Hernandez, Cole and Watson",7.47,24x100x48,391,48,2.6567569067146595,2.2332350148592526,2.583997552432231,2.1198634561787513,5.968710117526852,13.554342264166197,8.650232755614335,393,Vertex Max Desk Lamp
AUT-SMA-1518,SmartLife Advanced Item,Automotive,Accessories,SmartLife,21.96,60.82,2022-10-01,,Hines-Berry,32.34,37x92x43,120,61,4.124226936703971,3.133753571451366,4.107918682249219,3.08922261664133,4.787500076080657,61.29753060672864,47.362071530155895,119,Nimbus Eco Desk Lamp 2022
CLO-HOM-1519,HomeComfort Smart Shirt Set 417,Clothing,Mens Apparel,HomeComfort,22.22,65.07,2023-07-28,,"Richardson, Edwards and Ramirez",21.16,9x30x15,139,27,4.190714786041794,3.1450139762697455,4.175463613506893,3.100992784211484,4.934481127349418,64.72740855328145,31.489629429775427,135,Pulse Yoga Mat
ELE-BEA-1520,BeautyGlow Elite Camera,Electronics,Tablets,BeautyGlow,10.28,32.39,2023-05-13,,Johnson and Sons,2.86,15x45x43,152,18,3.508256453955563,2.423031246069913,3.477849733183238,2.330200260027019,5.023887099772003,32.482248101045094,22.272969362292375,156,Canyon Portable Speaker
SPO-STY-1521,StyleMax Classic Accessory,Sports,Team Sports,StyleMax,32.75,60.73,2023-08-08,,Holmes-Mcintyre,46.65,71x90x42,486,77,4.122770036405805,3.518980417318539,4.106437809909484,3.488902962081261,6.186210681511546,60.613273039498395,37.99805161735798,489,Vertex Eco Yoga Mat
HOM-STY-1522,StyleMax Smart Tool Set 420,Home & Garden,Garden Tools,StyleMax,11.06,22.06,2023-08-22,,Green LLC,40.31,100x35x32,111,28,3.138099514840913,2.4898941912990393,3.0937660138253564,2.403334996094189,4.709539210280762,22.52051610985831,11.841792882085578,108,Terra Action Camera
ELE-SPO-1523,SportElite Ultra Speaker,Electronics,Laptops,SportElite,96.6,290.58,2022-02-27,,"Griffin, Davies and Mitchell",18.8,19x45x39,216,70,5.675314410676676,4.580877493419047,5.671878925643193,4.570578741218473,5.3752830373030775,290.91527654467296,194.04559127737963,212,Pulse Action Camera
BEA-BEA-1524,BeautyGlow Elite Gear,Beauty,Makeup,BeautyGlow,10.11,20.73,2022-11-12,2025-01-20,Gonzalez-Taylor,1.84,99x89x8,353,95,3.078693794268338,2.4078456036515385,3.0315819264476884,2.3135250330323798,5.866470889790474,21.061562130616917,16.372536779439223,348,Terra Edge Desk Lamp
CLO-OUT-1525,OutdoorAdventure Classic Dress,Clothing,Kids Clothing,OutdoorAdventure,2.88,9.78,2023-12-03,2025-01-28,Hayes Ltd,42.9,54x6x30,474,42,2.377692565480851,1.355835153635182,2.280339484046726,1.0577902941478545,6.161209431397492,9.74931929659907,6.341265165660635,476,Solstice Eco Smart Thermostat
HOM-SPO-1526,SportElite Ultra Table,Home & Garden,Furniture,SportElite,4.64,8.08,2023-03-26,,Osborn-Cochran,43.99,87x57x7,140,20,2.206074192613202,1.7298840655099674,2.089391872533004,1.534714366238164,4.941649565440937,7.996523112290912,3.3762965218785737,145,Harbor Smart Thermostat
AUT-FAS-1527,FashionForward Classic Gear,Automotive,Accessories,FashionForward,20.97,59.04,2022-04-13,,Contreras-Mckinney,34.95,69x13x27,215,87,4.095011006765262,3.089677886396519,4.078215180292217,3.0430928449138284,5.370642679279637,58.81793893049209,31.956153308432572,212,Pulse Eco Action Camera
BEA-FAS-1528,FashionForward Premium Item,Beauty,Hair Care,FashionForward,25.37,45.06,2023-03-31,,"Daniels, Vance and York",6.89,56x30x45,156,50,3.829944894392539,3.2722270003651954,3.8079949350040985,3.2335673736111907,5.049862417485402,44.62524798671791,23.714228978500596,157,Terra Wireless Earbuds
BOO-STY-1529,StyleMax Elite Product,Books,Fiction,StyleMax,8.9,26.3,2023-10-27,,"Mckinney, Graves and Thompson",42.36,92x57x25,231,71,3.306886702190914,2.2925347571405443,3.269568939183719,2.186051276738094,5.442422039516752,26.657427928729952,14.583935966496945,226,Lumen Blender
AUT-BEA-1530,BeautyGlow Elite Accessory,Automotive,Tools,BeautyGlow,35.69,71.06,2022-10-16,,Hicks-Martinez,20.78,28x55x29,483,83,4.277499105319947,3.6025042383671906,4.263524590592881,3.574870537502069,6.180018724043804,71.36664298894748,51.41275401566792,478,Solstice Smart Thermostat
CLO-TEC-1531,TechPro Smart Shirt,Clothing,Mens Apparel,TechPro,3.22,7.73,2023-12-20,,Conner and Sons,2.58,84x59x43,133,29,2.166765369851511,1.4398351280479205,2.0451088625993306,1.169381359556317,4.8903566469904804,8.219723319820408,5.200343208563489,136,Nimbus Action Camera 2024
ELE-HOM-1532,HomeComfort Pro Phone,Electronics,Tablets,HomeComfort,51.11,123.13,2023-04-10,,Johnson-Spencer,24.76,33x96x18,97,44,4.821329403527856,3.9533568689211234,4.81324070780478,3.933980172780188,4.574721287728593,123.61670410033243,61.761882139689305,99,Solstice Yoga Mat
HOM-SMA-1533,SmartLife Elite Vase,Home & Garden,Garden Tools,SmartLife,6.75,16.21,2022-10-17,,Mcdonald-Bird,9.55,28x57x14,14,47,2.845490610223448,2.0476928433652555,2.785628335747585,1.9095425048844386,2.639128755635788,16.264323071490576,12.351953834593383,11,Granite Edge Trail Shoes
HOM-KIT-1534,KitchenMaster Modern Table,Home & Garden,Kitchen,KitchenMaster,11.17,28.22,2023-04-15,2025-02-03,Salazar Inc,6.75,46x93x30,351,37,3.3748534063225533,2.498973906999436,3.340030946424668,2.413231613081109,5.860789072464656,28.4836076668769,19.621186348184736,351,Granite Water Bottle
BEA-SMA-1535,SmartLife Ultra Item Series 153,Beauty,Fragrances,SmartLife,20.96,41.91,2022-08-29,,Parker Ltd,17.78,82x90x43,363,15,3.7591048990034333,3.08922261664133,3.73552446193698,3.0426158594528414,5.894405589081993,42.34587041528478,29.196307068083,368,Granite Flex Water Bottle
ELE-OUT-1536,OutdoorAdventure Classic Tablet,Electronics,Tablets,OutdoorAdventure,23.09,63.27,2022-05-16,,"Mendoza, Jenkins and Ortiz",28.02,79x27x21,86,74,4.163092959383195,3.18179681662678,4.147411283158793,3.139399623366404,4.454358924092881,63.612654442863864,39.89737525275272,83,Lumen Portable Speaker 2023
SPO-FAS-1537,FashionForward Elite Item,Sports,Team Sports,FashionForward,14.21,32.62,2022-05-26,,"Jones, Compton and Day",15.73,21x68x22,382,56,3.5151211279804695,2.7219531062712017,3.4849255971928677,2.6539459421090092,5.945423226404196,32.37240113970833,13.203164853122178,380,Pulse Desk Lamp 2025
SPO-BEA-1538,BeautyGlow Ultra Tool,Sports,Team Sports,BeautyGlow,49.68,141.05,2022-11-20,,Owens-Holmes,24.61,24x76x47,325,66,4.956179108300197,3.9255313554529385,4.949114437448006,3.905602437625223,5.7838282592480805,141.0015332526039,108.99404156973338,320,Pulse Classic Action Camera 2023
ELE-HOM-1539,HomeComfort Premium Laptop Edition 366,Electronics,Laptops,HomeComfort,30.66,62.22,2023-04-24,,Humphrey PLC,49.76,68x10x33,182,100,4.146620706787472,3.4550540544528663,4.130676491469491,3.422958873443668,5.204012181567196,61.85657622684846,36.651233942340625,181,Canyon Edge Coffee Grinder
BOO-FAS-1540,FashionForward Modern Item,Books,Children Books,FashionForward,42.61,119.33,2022-05-07,,"Matthews, Saunders and Anderson",10.27,41x28x15,383,75,4.7902379684500715,3.775286481854675,4.781892764381564,3.7520889675118205,5.948037600143294,119.77497000671354,87.22661624206035,378,Vertex Coffee Grinder
AUT-KIT-1541,KitchenMaster Smart Tool,Automotive,Car Care,KitchenMaster,7.27,10.94,2024-02-25,,"Bartlett, Brown and Martinez",20.88,14x36x36,346,22,2.479894107964456,2.1126345090356,2.392425796993835,1.9837562915454279,5.846441665226958,11.044051141761862,4.547160349563911,341,Harbor Action Camera 2023
HOM-BEA-1542,BeautyGlow Pro Vase,Home & Garden,Furniture,BeautyGlow,32.36,93.63,2022-04-19,,Torres and Sons,7.77,15x63x50,337,71,4.549974550520141,3.507357577490546,4.539350844950798,3.4769230921902907,5.82008589770701,93.36406994939338,70.45986542316014,341,Pulse Lite Yoga Mat
SPO-KIT-1543,KitchenMaster Premium Gear,Sports,Team Sports,KitchenMaster,73.51,182.62,2023-04-09,,Donovan-Perez,36.6,98x77x13,108,16,5.212868404715554,4.310933344565636,5.207407491188194,4.297421451385996,4.682140486340613,182.78826667071775,116.7212022772784,113,Pulse Prime Smart Thermostat
AUT-AUT-1544,AutoCare Premium Accessory System 490,Automotive,Car Care,AutoCare,2.17,3.56,2022-09-19,,"Jacobson, Singleton and King",48.26,56x16x6,436,36,1.5173226235262947,1.1537315878891892,1.269760544863939,0.7747271675523681,6.077644536924386,3.675765675648738,1.8556956205863362,441,Harbor Blender 2024
CLO-SMA-1545,SmartLife Ultra Hat,Clothing,Shoes,SmartLife,6.44,21.3,2022-05-04,,"Huber, Hill and Weber",40.07,99x44x48,308,26,3.104586678466073,2.0068708488450007,3.0587070727153796,1.8625285401162623,5.73010302972155,21.160999463672184,10.965169221491097,309,Nimbus Desk Lamp
HOM-AUT-1546,AutoCare Smart Vase,Home & Garden,Furniture,AutoCare,33.76,70.3,2022-10-02,,"Ferguson, Shaw and Jackson",21.21,59x52x44,95,65,4.26689632742025,3.548467300397191,4.252771798816619,3.5192766697277564,4.553887417860929,69.92128644035563,44.113937109563814,95,Lumen Desk Lamp
BEA-STY-1547,StyleMax Premium Tool,Beauty,Fragrances,StyleMax,16.73,36.73,2022-08-18,,"Moore, Hopkins and Le",35.71,68x72x45,331,77,3.6304555339762192,2.8752581200861167,3.6035938598315758,2.8172035149987327,5.802121396520535,36.89814173168094,24.404074240315865,327,Granite Eco Smart Thermostat
ELE-FAS-1548,FashionForward Classic Phone,Electronics,Tablets,FashionForward,79.13,195.36,2022-06-02,,"Morgan, Bradshaw and Williams",34.25,43x36x38,218,47,5.279949709189852,4.383650315789979,5.274844010362394,4.371092069621102,5.384499649934531,195.37990154688572,125.22973428731541,223,Vertex Edge Action Camera
BOO-OUT-1549,OutdoorAdventure Pro Item,Books,Fiction,OutdoorAdventure,11.66,26.43,2023-02-27,2025-07-02,Miller Ltd,36.04,37x50x21,299,20,3.311637304949512,2.5384474167160302,3.2744997286161976,2.4561641809223462,5.7004469178666985,26.696872023900927,18.53535778852036,295,Canyon Ultra Portable Speaker
AUT-STY-1550,StyleMax Modern Product,Automotive,Car Parts,StyleMax,21.71,60.02,2022-02-16,2023-06-15,"Baker, Clark and Armstrong",15.77,97x63x47,230,89,4.1112016792885235,3.122805356117467,4.0946778400122215,3.0777729838902004,5.43808365673983,60.03976023108976,43.10055202187129,235,Solstice Yoga Mat
AUT-AUT-1551,AutoCare Elite Product Kit 718,Automotive,Car Care,AutoCare,17.46,32.98,2023-11-21,2025-11-17,"Fowler, Jimenez and Burton",0.99,55x19x5,87,93,3.525772116243786,2.9156062290747062,3.4959013171314526,2.859912550411456,4.4659196128413985,33.32513787031217,20.22116448905617,88,Nimbus Select Portable Speaker 2024
SPO-SMA-1552,SmartLife Modern Gear,Sports,Athletic Wear,SmartLife,57.46,170.12,2023-01-05,,May-Turner,48.16,91x55x24,44,26,5.14236506477415,4.0683427596831,5.136504070385433,4.051089053551143,3.784212360932728,170.170868701999,117.85804594326504,39,Solstice Prime Smart Thermostat
CLO-SPO-1553,SportElite Pro Shirt,Clothing,Mens Apparel,SportElite,14.93,35.49,2022-01-28,,Ballard Ltd,32.47,88x35x32,431,90,3.5970382504483562,2.768204123921957,3.569250966658405,2.703372611551099,6.0661104102866705,35.549719212104684,24.3521027811472,427,Pulse Eco Portable Speaker
AUT-STY-1554,StyleMax Ultra Equipment Edition 122,Automotive,Tools,StyleMax,27.22,45.58,2022-06-06,,Evans-Jones,22.32,67x65x6,440,67,3.841171264456195,3.340030946424668,3.819469023817538,3.30395199722332,6.086776999636997,45.94912053060518,24.68835101656486,442,Pulse Coffee Grinder
BOO-SPO-1555,SportElite Ultra Tool,Books,Non-Fiction,SportElite,13.86,28.94,2022-12-08,2025-03-12,Moore Group,42.4,60x58x36,377,84,3.3991953789914824,2.698673039289613,3.365224721203338,2.6290069937617573,5.932247839964386,28.84541320888815,11.901186750663577,377,Harbor Portable Speaker
BOO-TEC-1556,TechPro Modern Equipment,Books,Educational,TechPro,12.95,30.91,2023-09-19,,Marshall-Peterson,45.26,67x34x50,31,77,3.462919440290152,2.6354795082673745,3.431079756144025,2.5610957881455465,3.434019462029382,30.55133492388163,17.064299024383793,27,Pulse Classic Trail Shoes 2023
ELE-KIT-1557,KitchenMaster Advanced Monitor Kit 527,Electronics,Headphones,KitchenMaster,35.43,107.86,2022-04-30,,Edwards Ltd,46.95,49x62x49,223,12,4.690062653006054,3.5953926110204724,4.680834089909081,3.5675589188773804,5.407176255754997,107.39820702278708,82.61158292209083,224,Lumen Pro Action Camera
CLO-SPO-1558,SportElite Modern Dress,Clothing,Kids Clothing,SportElite,16.7,50.36,2023-08-25,,Gross-Valencia,17.02,82x96x47,239,26,3.9388596593817056,2.8735646395797834,3.9191972091761462,2.8154087194227095,5.476467736023176,50.61003451056015,38.957911886213246,237,Granite Select Desk Lamp
HOM-SMA-1559,SmartLife Advanced Vase,Home & Garden,Garden Tools,SmartLife,13.75,38.05,2023-09-29,,Anderson-Wood,34.57,16x90x35,66,32,3.664842876285695,2.691243082785829,3.6389010843076948,2.6210388241125804,4.189669893426794,38.16790336032639,16.008790869059503,62,Vertex Max Water Bottle 2024
CLO-KIT-1560,KitchenMaster Modern Shirt,Clothing,Womens Apparel,KitchenMaster,15.36,59.69,2023-05-21,,"Rodriguez, Allen and Martinez",10.55,11x7x27,451,43,4.105778939847764,2.794839331174601,4.089164502180559,2.731766727719526,6.111469556795121,59.889998172737236,40.79010058287866,451,Canyon Flex Portable Speaker
HOM-HOM-1561,HomeComfort Premium Chair,Home & Garden,Kitchen,HomeComfort,130.04,217.29,2022-08-21,2023-10-04,Wright-Davis,24.37,48x50x7,394,81,5.385824453986271,4.8755026201047595,5.381232866875345,4.867842095435704,5.976353447365779,217.00870487827873,165.61522893790118,399,Canyon Eco Desk Lamp
HOM-OUT-1562,OutdoorAdventure Pro Pot Edition 918,Home & Garden,Kitchen,OutdoorAdventure,43.99,96.15,2024-02-13,2024-11-27,Dougherty-Lin,39.1,83x18x40,21,74,4.576256175823449,3.806440242853081,4.565909472034789,3.7839623353606284,3.0445700556372914,95.79364404607504,53.681049657175386,24,Lumen Prime Smart Thermostat
ELE-STY-1563,StyleMax Smart Tablet Model 825,Electronics,Laptops,StyleMax,39.41,95.29,2023-06-03,,Wright-Grimes,43.54,24x87x28,171,27,4.567364471252192,3.6990772790903823,4.556924873360097,3.6740195912069122,5.141669404438777,94.81425377235453,52.19908560603077,176,Canyon Edge Smart Thermostat 2023
ELE-FAS-1564,FashionForward Classic Phone Set 585,Electronics,Laptops,FashionForward,181.49,413.41,2023-06-02,,Li PLC,13.37,96x58x28,322,95,6.02685582192825,5.206695377000724,6.0244398366019345,5.20120055576831,5.774554651129648,413.2635758076305,223.40949228981108,325,Harbor Select Blender 2025
CLO-OUT-1565,OutdoorAdventure Classic Pants Edition 523,Clothing,Womens Apparel,OutdoorAdventure,8.79,33.72,2023-04-15,,"Edwards, Hines and Jimenez",25.86,92x51x6,226,28,3.5473158897921495,2.281361456542419,3.518091133133655,2.1736147116970854,5.420539424041258,33.80811933311754,23.43035159940388,228,Terra Smart Thermostat 2022
AUT-OUT-1566,OutdoorAdventure Pro Item,Automotive,Car Parts,OutdoorAdventure,3.21,6.75,2024-03-01,,"Owens, Koch and Jimenez",3.17,9x89x46,77,83,2.0476928433652555,1.43746264769429,1.9095425048844386,1.1662709371419244,4.34381840878234,6.644399164197738,5.275358764332145,74,Harbor Water Bottle
ELE-OUT-1567,OutdoorAdventure Ultra Speaker,Electronics,Gaming,OutdoorAdventure,19.92,54.85,2023-07-21,,Landry PLC,36.11,45x49x5,423,45,4.02266952551521,3.040705639196722,4.00460218672124,2.991724252156452,6.047374543109678,54.78872542358326,22.68219549623508,420,Aurora Smart Thermostat
BOO-SMA-1568,SmartLife Modern Accessory System 739,Books,Non-Fiction,SmartLife,3.73,10.0,2023-10-30,,Levy-Lewis,17.33,88x56x17,451,48,2.3978952727983707,1.5539252025038417,2.302585092994046,1.3164082336557241,6.111469556795121,10.396075520603873,7.27353919624349,447,Nimbus Ultra Wireless Earbuds
ELE-OUT-1569,OutdoorAdventure Advanced Speaker,Electronics,Smartphones,OutdoorAdventure,38.42,108.95,2022-05-10,,Williams-Campbell,27.09,32x16x37,282,49,4.70002571700077,3.674273301724574,4.690889061390629,3.6485781573404106,5.641910617031117,108.80129035768283,57.62001930381357,281,Pulse Classic Trail Shoes
BOO-HOM-1570,HomeComfort Premium Item,Books,Educational,HomeComfort,20.42,47.17,2022-09-22,,"Khan, Pena and Ruiz",38.73,97x59x37,56,17,3.8747364206421295,3.064325065019603,3.8537580972961702,3.01651481273652,4.02536954771857,47.183709699376614,24.41040030139517,54,Solstice Wireless Earbuds
AUT-BEA-1571,BeautyGlow Advanced Item Kit 227,Automotive,Car Care,BeautyGlow,90.81,197.34,2023-08-10,,"Smith, Rodriguez and Anderson",22.71,35x100x42,289,90,5.289982729757979,4.519721224155608,5.28492812942902,4.508769411701737,5.666430148314058,197.61797995248634,109.87501055427636,290,Pulse Portable Speaker 2023
BEA-AUT-1572,AutoCare Ultra Gear,Beauty,Makeup,AutoCare,26.96,73.39,2023-08-10,,Luna-Gallagher,35.75,71x99x20,53,51,4.30932152420325,3.3307749173656096,4.295787686556971,3.2943542860441064,3.970310781298653,73.28861192667485,49.45787010793542,51,Solstice Wireless Earbuds
BOO-AUT-1573,AutoCare Modern Item Edition 948,Books,Non-Fiction,AutoCare,16.49,34.93,2022-04-05,2023-02-12,Williams-Williams,23.87,62x14x28,346,77,3.581572601125427,2.8616292890305104,3.5533460588187404,2.8027541365715076,5.846441665226958,35.04964496622332,24.23898499453718,349,Lumen Yoga Mat 2024
SPO-BEA-1574,BeautyGlow Modern Accessory,Sports,Athletic Wear,BeautyGlow,42.37,91.53,2023-05-17,,"Lee, Tran and Jones",20.9,25x23x37,65,72,4.527532916260939,3.7697679578472747,4.516666787396688,3.7464405646384678,4.17440265439268,91.88511643457181,51.541365249502064,61,Harbor Select Portable Speaker
BEA-HOM-1575,HomeComfort Pro Accessory Edition 133,Beauty,Fragrances,HomeComfort,2.75,7.19,2023-07-27,,"Cole, Pierce and Bryan",47.6,82x57x12,61,57,2.102913897864978,1.3217558399823195,1.9726911717329554,1.0116009116784799,4.110890257481564,7.63053021118449,3.460916609727998,66,Nimbus Desk Lamp
BOO-TEC-1576,TechPro Elite Item,Books,Educational,TechPro,24.83,74.16,2022-11-07,,"Becker, Wilson and Hester",1.5,23x23x42,215,16,4.319619174545265,3.251536607107749,4.306224921257599,3.2120525995200753,5.370642679279637,73.81413201131045,31.09837423052367,215,Aurora Yoga Mat 2023
HOM-SPO-1577,SportElite Elite Pot,Home & Garden,Bedding,SportElite,40.2,67.67,2022-12-24,2023-08-06,Brooks-Hatfield,20.94,78x44x41,231,53,4.229312422632585,3.7184382563554808,4.2146429502441345,3.6938669956249757,5.442422039516752,68.08805587265826,51.58607656713386,232,Solstice Desk Lamp
AUT-FAS-1578,FashionForward Elite Product,Automotive,Accessories,FashionForward,5.31,11.63,2023-04-06,,"Mcmillan, Fischer and Gonzalez",7.53,98x46x10,409,89,2.5360749363624,1.8421356765531218,2.453587966530573,1.6695918352538475,6.0137176010275875,11.622273967217948,8.578034952344378,407,Granite Max Smart Thermostat
BEA-SMA-1579,SmartLife Smart Equipment,Beauty,Fragrances,SmartLife,56.23,88.2,2023-11-18,,"Morales, Williams and Williams",36.82,87x16x15,362,13,4.490881039585964,4.047078236421011,4.4796069630127455,4.0294504223041105,5.891646974252895,87.96307950053298,37.129699345077526,362,Granite Classic Smart Thermostat
BOO-OUT-1580,OutdoorAdventure Pro Accessory,Books,Educational,OutdoorAdventure,27.24,48.72,2023-09-26,,"Cook, Wells and Bryant",37.9,77x71x17,384,70,3.9064072666425105,3.3407394126250414,3.8860896234016415,3.3046864812813115,5.950645156751003,48.67995304111349,24.602162301505395,385,Harbor Prime Coffee Grinder
BOO-STY-1581,StyleMax Elite Item Collection 351,Books,Fiction,StyleMax,13.82,37.93,2023-08-17,,"Barry, Taylor and Velazquez",40.37,82x46x30,301,15,3.6617651616223643,2.695977619867941,3.6357423557008075,2.626116818339524,5.707113587002493,38.40043192377977,17.15740783522637,299,Aurora Trail Shoes
SPO-AUT-1582,AutoCare Classic Product,Sports,Fitness Equipment,AutoCare,35.5,99.02,2022-11-21,,Martin-Ewing,4.64,17x74x15,146,28,4.605370165990758,3.597312260588446,4.595321849933277,3.56953269648137,4.9836134709999484,99.01276573211301,71.18492557236092,148,Pulse Trail Shoes
CLO-STY-1583,StyleMax Elite Dress,Clothing,Kids Clothing,StyleMax,74.93,251.56,2022-03-02,,"Kirby, Wheeler and Romero",16.33,8x96x8,152,59,5.5316488442497365,4.329811863225142,5.527681529675303,4.316554344376219,5.023887099772003,251.39217657808177,142.02794483657712,155,Granite Flex Wireless Earbuds
ELE-HOM-1584,HomeComfort Classic Tablet Set 223,Electronics,Tablets,HomeComfort,65.49,122.63,2022-09-03,,"Patel, Erickson and Evans",29.34,68x70x37,197,24,4.817293234018836,4.197051560414364,4.809171691773934,4.181897459229962,5.283208804867237,122.76073283723039,63.779622097029296,192,Pulse Water Bottle
HOM-AUT-1585,AutoCare Modern Tool,Home & Garden,Furniture,AutoCare,25.11,55.91,2023-02-22,,Richardson Ltd,45.7,7x39x40,493,85,4.041471072615033,3.2623183827110376,4.0237432550385535,3.2232661731694936,6.200511202438199,55.65534270640263,29.383530139822536,494,Canyon Coffee Grinder
BEA-SPO-1586,SportElite Elite Gear,Beauty,Skincare,SportElite,13.28,28.81,2023-10-14,,Whitney PLC,39.17,23x52x39,86,41,3.39484390768998,2.658859956911438,3.360722549096437,2.5862591440482876,4.454358924092881,28.39434606154649,18.079796706807443,89,Aurora Trail Shoes
BOO-OUT-1587,OutdoorAdventure Modern Item Edition 949,Books,Children Books,OutdoorAdventure,9.35,22.73,2023-10-31,,Robles-Swanson,0.13,66x39x43,128,97,3.166740070447672,2.336986519711378,3.123685637864452,2.2353763433005955,4.8520380763891,22.366302127472437,17.75531098246294,132,Aurora Trail Shoes 2025
SPO-SPO-1588,SportElite Ultra Item System 676,Sports,Team Sports,SportElite,42.41,68.06,2022-04-02,,"Soto, Carlson and Baker",6.24,22x97x40,143,65,4.234975691961846,3.770689829311502,4.22038966907276,3.747384183486499,4.962851623242449,67.69548492217862,38.37180310208768,142,Aurora Pro Action Camera
CLO-OUT-1589,OutdoorAdventure Advanced Hat,Clothing,Accessories,OutdoorAdventure,6.14,20.09,2024-02-10,,"Patton, Parsons and Lane",13.72,89x46x26,107,68,3.0487989944906833,1.965712776351493,3.000222178826843,1.814824742159051,4.672838180212627,19.748864639642047,13.799704496776378,103,Harbor Desk Lamp
BOO-TEC-1590,TechPro Elite Accessory,Books,Educational,TechPro,21.42,51.69,2022-01-05,,"Williams, Castillo and Warren",33.67,57x76x49,360,72,3.9644256842211942,3.109953417644014,3.945264339207948,3.064325065019603,5.886106809224075,51.33605062919642,31.823130592956304,364,Nimbus Flex Coffee Grinder
AUT-OUT-1591,OutdoorAdventure Pro Accessory,Automotive,Accessories,OutdoorAdventure,13.07,30.16,2023-11-19,,"Harvey, Randall and Hernandez",6.26,53x81x27,198,32,3.4391352210025476,2.644044871126298,3.4065165431397553,2.570319527636131,5.2882720811868325,30.29805724990715,12.633308033352241,198,Vertex Max Blender
AUT-STY-1592,StyleMax Modern Gear,Automotive,Car Parts,StyleMax,30.91,66.98,2022-08-15,,"Allen, Armstrong and Graves",37.95,92x95x27,98,21,4.21921354426797,3.462919440290152,4.204394067366058,3.431079756144025,4.584977682700143,66.66824248271116,42.693400659868324,99,Solstice Action Camera
AUT-SPO-1593,SportElite Smart Equipment,Automotive,Car Care,SportElite,27.12,42.18,2023-05-20,,Smith LLC,35.38,31x5x17,420,91,3.7653774250866614,3.336481066942464,3.7419461750506287,3.3002714630721948,6.040257092226961,42.028753937657385,19.5046771169465,416,Aurora Pro Wireless Earbuds
SPO-BEA-1594,BeautyGlow Modern Product,Sports,Fitness Equipment,BeautyGlow,51.1,127.23,2023-08-03,,Hernandez-Vaughn,30.19,27x13x42,65,18,4.853825526471025,3.9531649487593215,4.845996472154609,3.933784497209659,4.17440265439268,127.61885264170789,92.4705478005295,61,Lumen Flex Smart Thermostat
CLO-KIT-1595,KitchenMaster Smart Shoes,Clothing,Kids Clothing,KitchenMaster,8.1,20.65,2023-11-26,2026-05-03,Shaw-Carr,33.92,83x37x48,286,68,3.075005454448499,2.2082744135228043,3.027715319407042,2.0918640616783932,5.655995307317236,20.624482407457613,10.951926041475135,290,Granite Lite Desk Lamp
ELE-TEC-1596,TechPro Advanced Speaker,Electronics,Headphones,TechPro,41.68,98.78,2022-05-05,,Salas-Fitzgerald,23.38,51x71x7,452,38,4.6029677624328915,3.7537304264335525,4.592895155112479,3.7300213974451113,6.113684392219164,98.94420658375061,40.487694093493346,456,Nimbus Max Trail Shoes 2023
ELE-SMA-1597,SmartLife Modern Tablet Collection 442,Electronics,Tablets,SmartLife,20.52,39.28,2023-08-09,,Thornton PLC,49.51,33x93x32,490,19,3.6958550678503617,3.0689827352935835,3.670715483486265,3.021400020302569,6.194407431918917,38.9588734737776,29.579242609118243,485,Vertex Trail Shoes 2023
CLO-HOM-1598,HomeComfort Advanced Dress Kit 199,Clothing,Womens Apparel,HomeComfort,8.54,17.55,2023-03-19,,Hoffman Ltd,29.67,85x47x21,126,23,2.920469789053444,2.255493485460195,2.865053949911875,2.1447610078004784,4.83628984342792,17.248443238432497,13.741352170244895,124,Canyon Coffee Grinder
SPO-AUT-1599,AutoCare Premium Gear,Sports,Outdoor Gear,AutoCare,28.21,52.33,2022-03-16,,Fox-Edwards,31.02,17x85x33,296,25,3.9764990246125107,3.3745111163996495,3.9575698203841165,3.339676525013905,5.690362832696732,51.880051243941146,32.50632199504446,297,Vertex Action Camera
ELE-TEC-1600,TechPro Classic Tablet,Electronics,Smartphones,TechPro,116.39,322.5,2022-05-11,2024-02-02,Stevens PLC,2.83,83x85x32,33,23,5.7791991139409555,4.765501724890431,5.776103136235827,4.756946620953885,3.4965378640376557,322.1755563618107,245.8037784753063,36,Solstice Trail Shoes 2022
BEA-OUT-1601,OutdoorAdventure Premium Gear,Beauty,Skincare,OutdoorAdventure,8.76,18.42,2023-09-25,,Payne-Lowe,11.73,81x89x44,5,68,2.966303462863179,2.278292400425001,2.913437030827161,2.1701959049483,1.6096378924367667,18.20301853225132,9.113273151239738,2,Terra Eco Action Camera
SPO-SMA-1602,SmartLife Pro Gear,Sports,Athletic Wear,SmartLife,43.93,110.43,2022-01-27,,"Becker, Lara and Baker",16.48,29x18x11,6,86,4.713396591058963,3.8051057230820686,4.7043818360590395,3.782597457987688,1.7919261220073759,110.11347027459122,47.80912537513082,11,Vertex Classic Wireless Earbuds 2024
BEA-KIT-1603,KitchenMaster Smart Tool System 362,Beauty,Skincare,KitchenMaster,68.04,138.33,2023-05-08,,Lee-Wright,22.29,36x22x7,30,26,4.936845220125501,4.234686046775173,4.929642134886724,4.220095767527661,3.4012307144399454,137.92692848308192,86.39627092128208,31,Aurora Edge Yoga Mat
HOM-SMA-1604,SmartLife Advanced Lamp,Home & Garden,Home Decor,SmartLife,29.14,67.36,2022-05-30,2023-10-08,"Evans, David and Hendrix",30.21,42x52x5,265,85,4.224787858247391,3.4058531931983493,4.210051369934071,3.3721118007670587,5.579733599564007,66.98822315367859,46.658325236077545,266,Granite Yoga Mat
BEA-TEC-1605,TechPro Smart Tool,Beauty,Makeup,TechPro,108.76,254.4,2022-02-25,,Bush-Vaughn,9.85,30x86x17,402,18,5.542830943598439,4.6982961639775755,5.538907831465967,4.68914361976427,5.996454576178116,254.36156319267207,159.29104764269516,403,Solstice Lite Smart Thermostat
HOM-FAS-1606,FashionForward Modern Tool,Home & Garden,Kitchen,FashionForward,10.01,27.81,2023-08-03,,Stewart-Bailey,30.84,58x47x15,53,68,3.360722549096437,2.3988039507345884,3.3253956682458736,2.303584593327129,3.970310781298653,27.522207044037675,14.05341338386015,49,Terra Trail Shoes
AUT-FAS-1607,FashionForward Smart Item,Automotive,Car Parts,FashionForward,6.55,16.64,2023-04-23,,"Hill, Martinez and Rhodes",12.03,99x47x29,105,61,2.8701690505786455,2.0215475632609334,2.8118094353930627,1.8794650496471605,4.653969873921696,16.506984463827113,13.145804809245625,105,Pulse Edge Coffee Grinder
CLO-AUT-1608,AutoCare Premium Shirt,Clothing,Mens Apparel,AutoCare,2.94,9.13,2022-05-26,,Huang-Foster,9.8,79x51x7,499,13,2.315501318260592,1.3711807233098425,2.211565694606877,1.0784095813505903,6.212608099757527,9.13334892543776,5.153203555768184,495,Lumen Desk Lamp
CLO-BEA-1609,BeautyGlow Elite Pants,Clothing,Womens Apparel,BeautyGlow,40.32,138.61,2022-12-14,,Blevins-Ballard,12.37,30x7x16,431,43,4.938852821000557,3.7213466442514376,4.931664234225262,3.696847623763113,6.0661104102866705,138.79658693205678,76.98815248317395,431,Nimbus Blender 2023
ELE-HOM-1610,HomeComfort Classic Camera,Electronics,Smartphones,HomeComfort,105.04,205.4,2022-08-04,,Williams-Moses,12.08,52x89x15,481,77,5.329816033607408,4.663816381420824,5.324959297494458,4.65434122999454,6.175869349105679,204.94852589704428,111.68151424435847,485,Aurora Blender
AUT-STY-1611,StyleMax Pro Product,Automotive,Accessories,StyleMax,19.11,32.41,2022-07-14,,Reed Group,18.97,52x45x43,219,91,3.508855256368665,3.001217203784561,3.4784670171534557,2.950211758252182,5.389076296016121,32.70342219093086,22.996757648287943,216,Harbor Water Bottle
CLO-KIT-1612,KitchenMaster Smart Shoes Collection 435,Clothing,Mens Apparel,KitchenMaster,15.24,38.02,2023-10-07,,"Scott, Mendoza and Harris",43.66,70x79x36,107,20,3.6640743351949654,2.787477334733532,3.6381123370602833,2.7239235502585,4.672838180212627,38.14534238170109,19.621159660622975,103,Granite Trail Shoes
AUT-KIT-1613,KitchenMaster Pro Product,Automotive,Accessories,KitchenMaster,7.29,19.16,2023-10-23,,"Nelson, Hoffman and Nelson",18.78,71x64x16,164,57,3.0037004432031678,2.115049969147204,2.9528247725427144,1.986503546020567,5.099872525366584,18.750123851309894,14.314658405977474,164,Vertex Classic Yoga Mat
BOO-FAS-1614,FashionForward Modern Gear,Books,Children Books,FashionForward,181.49,445.94,2023-08-21,,Gilbert PLC,10.44,30x62x20,202,37,6.10242435741624,5.206695377000724,6.100184413822224,5.20120055576831,5.308272647884,446.3061070516246,321.4706583935536,198,Solstice Desk Lamp
HOM-SMA-1615,SmartLife Elite Lamp Series 237,Home & Garden,Garden Tools,SmartLife,22.56,59.28,2022-10-30,,Sanchez Ltd,17.64,79x10x34,262,89,4.099000373758295,3.159550358783386,4.082271980987832,3.1161784266298582,5.568348320547706,59.692454952521175,26.80262746917321,261,Nimbus Yoga Mat
HOM-FAS-1616,FashionForward Modern Vase,Home & Garden,Garden Tools,FashionForward,22.16,59.99,2022-11-21,,"Perez, Hall and Garcia",1.33,61x34x21,330,19,4.110709916308365,3.1424266527047946,4.094177881665002,3.098288861879083,5.7990956847589645,59.55985640065777,30.04858720967992,326,Solstice Eco Blender 2022
HOM-BEA-1617,BeautyGlow Pro Lamp,Home & Garden,Furniture,BeautyGlow,38.6,63.59,2022-03-15,,Love-Garcia,27.35,47x30x48,168,42,4.168059600044382,3.6788291182604347,4.152456225279317,3.653252276470785,5.123969931766496,63.371340095184266,50.34864240492754,165,Harbor Pro Desk Lamp
HOM-SPO-1618,SportElite Elite Pot,Home & Garden,Bedding,SportElite,30.97,88.83,2022-01-09,,Smith PLC,14.16,49x56x30,420,84,4.497918995241116,3.4647979630717503,4.486724430781609,3.4330189939851112,6.040257092226961,89.1300772541972,62.44894369341021,417,Vertex Smart Thermostat
AUT-FAS-1619,FashionForward Elite Equipment Kit 867,Automotive,Car Parts,FashionForward,24.57,44.59,2022-08-28,,Russell Group,39.32,64x97x34,174,20,3.8196883942253503,3.2414197893030954,3.7975096186393853,3.201526186533088,5.159061046324451,44.83329449657599,32.021615999657726,174,Harbor Max Desk Lamp
HOM-SMA-1620,SmartLife Classic Table,Home & Garden,Kitchen,SmartLife,9.86,27.41,2022-01-31,,Santos-Avila,28.92,21x44x5,255,94,3.3467411958660964,2.3850863145057892,3.3109079103146946,2.288486168614544,5.541267466719364,27.10083059896925,18.745033910671843,255,Nimbus Eco Blender 2022
AUT-AUT-1621,AutoCare Smart Equipment,Automotive,Car Care,AutoCare,30.7,80.71,2024-02-21,,Morris-Brewer,26.93,46x80x6,290,14,4.403176393396616,3.456316680883235,4.390862483336281,3.4242626545931514,5.669884371250436,80.42516233686997,56.37611598436074,294,Harbor Portable Speaker
CLO-AUT-1622,AutoCare Classic Jacket Edition 165,Clothing,Womens Apparel,AutoCare,54.91,168.5,2022-07-12,,Pearson and Sons,16.51,62x86x24,47,31,5.1328529268205045,4.0237432550385535,5.126935749792416,4.005695481290781,3.85016887807946,168.37306266073554,130.4873525641669,44,Lumen Edge Coffee Grinder 2023
ELE-OUT-1623,OutdoorAdventure Elite Phone,Electronics,Gaming,OutdoorAdventure,209.65,554.45,2022-01-28,,"Rodgers, Jefferson and Johnson",3.57,54x41x18,119,47,6.3197785960277315,5.350197988425026,6.317976631399225,5.345439473616771,4.7791318964375655,554.4348325254872,341.7668226369823,116,Harbor Trail Shoes
BEA-FAS-1624,FashionForward Premium Gear,Beauty,Skincare,FashionForward,84.26,148.1,2023-02-25,,Butler and Sons,49.48,21x73x31,244,18,5.004617221770693,4.445705411337064,4.997887721273753,4.433907256550871,5.49717232364546,148.2158896760997,75.13161419652319,239,Nimbus Wireless Earbuds 2022
SPO-HOM-1625,HomeComfort Smart Gear,Sports,Outdoor Gear,HomeComfort,12.68,32.51,2023-05-02,,Osborn Group,28.8,44x80x17,257,97,3.511843901749219,2.615934912194404,3.481547734315814,2.5400259490090797,5.549079975938233,32.38153536677837,18.046466372589055,258,Solstice Eco Blender
SPO-SPO-1626,SportElite Premium Product,Sports,Team Sports,SportElite,8.24,22.56,2023-09-12,,Lopez-Curry,26.34,77x67x34,236,83,3.159550358783386,2.2235418856535927,3.1161784266298582,2.1090003439213802,5.463836042304768,22.523284021810483,11.95651533662275,238,Vertex Blender
ELE-STY-1627,StyleMax Ultra Camera,Electronics,Gaming,StyleMax,48.14,117.42,2023-12-19,,Mcdowell-Smith,39.64,55x83x16,212,41,4.77423762710363,3.894673367093033,4.76575725063604,3.874113432354926,5.35659099164202,117.66252151937108,90.31073042917706,208,Granite Eco Wireless Earbuds
CLO-SMA-1628,SmartLife Modern Jacket,Clothing,Accessories,SmartLife,12.74,30.15,2023-08-06,2026-01-17,"Morrison, Hebert and Rogers",47.29,35x25x22,451,90,3.4388142452334622,2.620311286794203,3.4061849231731944,2.5447466501440172,6.111469556795121,29.695949538832785,12.454591584635011,449,Pulse Yoga Mat
BOO-STY-1629,StyleMax Smart Equipment,Books,Educational,StyleMax,53.77,142.11,2022-05-05,,Hays-Daniels,3.92,18x69x25,209,67,4.963613565322785,4.00314259879563,4.95660140560377,3.9847156908215866,5.342339036642359,141.86738820545716,65.9120519648001,213,Nimbus Water Bottle 2023
CLO-SPO-1630,SportElite Premium Jacket Kit 811,Clothing,Kids Clothing,SportElite,3.15,10.54,2023-04-18,,Small-Anderson,37.32,29x55x7,5,42,2.4458192610799534,1.423108334242607,2.355177543113216,1.1474024528375417,1.6096378924367667,10.749082594166861,5.137673143623897,6,Lumen Blender 2025
ELE-HOM-1631,HomeComfort Advanced Camera,Electronics,Gaming,HomeComfort,252.03,624.7,2022-03-11,2024-07-10,"Mcdonald, Lee and Rodriguez",12.19,61x22x35,420,45,6.438871023004318,5.533508058772913,6.437271534499525,5.5295481280448655,6.040257092226961,625.0873027009335,294.29515141670305,422,Harbor Select Yoga Mat
AUT-HOM-1632,HomeComfort Premium Tool Model 227,Automotive,Tools,HomeComfort,17.42,40.11,2023-02-05,,Simon Ltd,33.6,6x91x22,78,66,3.716251400909787,2.913437030827161,3.6916256797819615,2.857618971424357,4.356721647120231,40.12144389327335,17.128478186332657,73,Pulse Max Wireless Earbuds
HOM-SPO-1633,SportElite Premium Pot,Home & Garden,Kitchen,SportElite,13.68,29.59,2022-02-18,,Higgins-Smith,40.59,87x89x50,337,23,3.420673158162812,2.6864860231863696,3.3874364664121184,2.615934912194404,5.82008589770701,29.62147121556001,17.2485356959715,335,Solstice Prime Smart Thermostat
SPO-FAS-1634,FashionForward Premium Tool Set 486,Sports,Team Sports,FashionForward,8.08,21.41,2022-09-13,,Gibbs-Bradley,12.0,16x7x31,14,11,3.1095072878128356,2.206074192613202,3.0638581026015914,2.089391872533004,2.639128755635788,21.02502857111298,15.135648797711587,14,Solstice Water Bottle 2022
HOM-STY-1635,StyleMax Smart Chair,Home & Garden,Kitchen,StyleMax,4.53,12.44,2022-06-21,,Thompson Ltd,2.3,70x18x25,165,81,2.5982353350950036,1.7101878155342436,2.5209170873110334,1.5107219394949427,5.105951534488276,12.388464119486985,6.854370657442013,162,Granite Flex Blender
BEA-KIT-1636,KitchenMaster Smart Tool,Beauty,Makeup,KitchenMaster,42.13,90.24,2022-08-26,,Wilcox-Robertson,17.89,27x6x30,334,50,4.5134933974161875,3.764218810659752,4.502472787749749,3.7407600759909254,5.811143986984194,90.27196492112591,45.39302308212241,333,Aurora Eco Coffee Grinder
ELE-SPO-1637,SportElite Modern Laptop Set 385,Electronics,Headphones,SportElite,58.75,159.21,2023-01-13,2024-02-20,Morales Inc,20.61,81x68x11,364,78,5.076485454658623,4.09016919081162,5.070224085507913,4.073291153024268,5.897156614885714,158.95762109356204,80.24705951040237,368,Harbor Lite Trail Shoes
AUT-BEA-1638,BeautyGlow Pro Tool,Automotive,Tools,BeautyGlow,6.29,15.39,2023-02-02,,Holden Group,48.62,93x22x26,89,91,2.7966713927557385,1.986503546020567,2.733717947850788,1.8389610707123492,4.488647605624073,15.163858366330395,8.96821503397321,92,Aurora Desk Lamp 2023
AUT-FAS-1639,FashionForward Pro Gear System 559,Automotive,Car Care,FashionForward,6.26,12.98,2023-10-18,,Boyle-Smith,25.22,95x6x19,10,88,2.637627736805664,1.9823798288367047,2.563409711275944,1.8341801851120072,2.3026850879943788,12.85973847984253,9.935646292956124,15,Lumen Action Camera
AUT-BEA-1640,BeautyGlow Smart Accessory,Automotive,Car Parts,BeautyGlow,14.85,27.69,2022-03-23,2023-10-07,Young-Molina,24.99,30x24x29,104,92,3.3565486299932736,2.7631695003232895,3.3210713371828704,2.6979998652487085,4.64440051447976,27.219669773822172,17.735107165913387,101,Nimbus Pro Portable Speaker
ELE-KIT-1641,KitchenMaster Modern Camera,Electronics,Laptops,KitchenMaster,289.75,576.02,2022-11-22,,Turner-Sharp,38.05,71x58x46,416,46,6.357876927952446,5.672463791398774,6.356142382315311,5.669018482219861,6.030687664104528,575.8456375822715,248.58873617979808,415,Granite Trail Shoes 2023
AUT-SPO-1642,SportElite Advanced Gear System 155,Automotive,Car Parts,SportElite,15.9,45.48,2023-11-12,,Green LLC,40.09,94x97x19,311,58,3.8390221125436557,2.827313621929028,3.8172726688823353,2.766319109226186,5.739796127608148,45.19721904685661,25.59158907908412,313,Solstice Flex Yoga Mat
BOO-HOM-1643,HomeComfort Modern Accessory Set 603,Books,Educational,HomeComfort,5.19,8.33,2022-07-17,2023-06-06,"Young, Contreras and Marshall",46.92,21x16x16,303,80,2.2332350148592526,1.8229350866965048,2.1198634561787513,1.6467336971777973,5.713736105833956,8.160947405134356,4.771438453942025,303,Granite Max Coffee Grinder 2023
AUT-SPO-1644,SportElite Pro Equipment,Automotive,Tools,SportElite,16.1,31.67,2024-01-09,,Sullivan PLC,21.26,82x36x24,146,83,3.4864572256129787,2.8390784635086144,3.4553698605505483,2.7788192719904172,4.9836134709999484,31.297366889182868,21.67213067972001,144,Vertex Classic Portable Speaker 2025
SPO-BEA-1645,BeautyGlow Modern Item,Sports,Outdoor Gear,BeautyGlow,15.71,32.05,2023-01-22,,"Carrillo, Vaughn and Fowler",22.12,69x83x32,389,29,3.498021566297695,2.8160073426073025,3.467297183366679,2.75429745226753,5.96358191430923,32.4327167351251,21.1662536076932,391,Pulse Flex Action Camera
AUT-TEC-1646,TechPro Classic Equipment,Automotive,Accessories,TechPro,1.77,4.68,2022-11-04,,Richardson-Walker,7.72,98x27x21,194,69,1.7369512327330598,1.0188473201992472,1.5432981099295553,0.5709795465857378,5.267863313689218,4.771720604482967,2.108439930884205,199,Solstice Max Smart Thermostat
HOM-BEA-1647,BeautyGlow Classic Tool,Home & Garden,Garden Tools,BeautyGlow,19.13,30.76,2022-05-20,,Mendoza Group,9.87,29x5x5,441,74,3.458207636378935,3.0022112396517002,3.4262151446374434,2.9512577834521614,6.089047143017972,30.9355202727616,16.50146377108412,438,Nimbus Desk Lamp
BEA-FAS-1648,FashionForward Classic Equipment,Beauty,Hair Care,FashionForward,16.32,48.23,2023-01-18,,"Zhang, Brooks and Miles",15.46,80x14x31,453,14,3.8965031937701093,2.851861903134289,3.8759812340808804,2.792391349535961,6.115894332986116,48.51338781383519,23.53118537570073,450,Terra Flex Blender 2023
ELE-KIT-1649,KitchenMaster Elite Laptop,Electronics,Headphones,KitchenMaster,109.53,343.92,2024-02-29,,Todd-Pham,36.14,70x95x36,325,98,5.843312506084124,4.705286977322864,5.840409072188026,4.696198484335655,5.7838282592480805,343.9184733549505,212.63166497306557,323,Pulse Action Camera
HOM-SMA-1650,SmartLife Classic Pot Edition 135,Home & Garden,Furniture,SmartLife,106.07,305.7,2023-01-06,,Gill Ltd,33.85,94x90x46,75,43,5.725870071120206,4.673482826170178,5.722604228896789,4.664099253517379,4.3175014467807555,305.29518188232566,167.27156970798143,78,Harbor Eco Desk Lamp
BOO-HOM-1651,HomeComfort Ultra Product,Books,Children Books,HomeComfort,55.36,162.08,2022-06-15,2023-03-16,"Marks, Miller and Griffin",32.26,54x55x50,300,20,5.094240877951052,4.03175968703048,5.088090040500373,4.0138573113094145,5.703785807983979,162.1163644109822,113.58627247729429,299,Lumen Prime Water Bottle 2023
BOO-SMA-1652,SmartLife Elite Equipment Model 612,Books,Non-Fiction,SmartLife,15.77,46.54,2023-11-06,,"Cox, Stark and Rodriguez",29.35,98x57x10,55,91,3.861571461932048,2.8195915758351173,3.8403121578741457,2.758109400974947,4.0073513668853655,46.62510429566046,24.14320952114006,57,Nimbus Lite Blender 2025
BOO-HOM-1653,HomeComfort Ultra Accessory Kit 507,Books,Educational,HomeComfort,7.42,18.91,2022-01-07,,"Leach, Harris and Herrera",40.84,5x17x9,396,99,2.991222118076105,2.130609828254235,2.9396908826703663,2.004179057179289,5.981416736503817,19.150530684700644,12.044907562998644,396,Pulse Trail Shoes 2022
SPO-BEA-1654,BeautyGlow Classic Product Collection 820,Sports,Athletic Wear,BeautyGlow,203.57,346.38,2023-05-14,,Murphy PLC,47.43,62x77x18,95,35,5.850419281625866,5.320910215200671,5.847536438300897,5.316009926078955,4.553887417860929,346.31302635530506,215.74671047005964,92,Aurora Prime Trail Shoes
ELE-HOM-1655,HomeComfort Smart Tablet,Electronics,Gaming,HomeComfort,57.93,174.96,2023-03-28,,Wilson-Harris,31.26,86x26x10,150,20,5.170256696480519,4.076350298849822,5.164557376368513,4.059235385108533,5.0106419607407,174.59502869673966,94.328643000218,152,Nimbus Prime Coffee Grinder 2025
SPO-BEA-1656,BeautyGlow Pro Gear Collection 589,Sports,Fitness Equipment,BeautyGlow,20.34,45.31,2024-02-18,2024-10-17,"Burns, Nolan and Griffin",13.38,5x90x42,404,15,3.835357920492661,3.060583245873607,3.813527758679047,3.012589390620414,6.001417353205611,45.098100387682756,19.188689326927143,407,Granite Eco Smart Thermostat 2023
ELE-OUT-1657,OutdoorAdventure Premium Speaker,Electronics,Laptops,OutdoorAdventure,53.3,169.57,2024-02-19,,Chavez PLC,24.35,48x82x32,172,57,5.139145769652782,3.9945242269398897,5.133265820919036,3.975936331171799,5.147500290750041,169.43582065047065,131.21066937458846,174,Vertex Pro Yoga Mat 2023
BEA-AUT-1658,AutoCare Smart Gear,Beauty,Hair Care,AutoCare,24.01,49.63,2022-02-28,,Bryant-Brown,43.67,17x5x34,445,99,3.924544285981818,3.219275744889528,3.9045954895993495,3.178470410233162,6.098076529354726,49.77299889650497,23.398421420254962,443,Harbor Select Smart Thermostat
SPO-TEC-1659,TechPro Pro Tool Kit 869,Sports,Outdoor Gear,TechPro,17.64,48.02,2023-01-13,,Chambers-Parker,34.34,65x70x31,338,34,3.8922283780999667,2.925309809257445,3.8716175907931074,2.8701690505786455,5.8230488540585235,48.08936273857554,32.847283208762455,343,Nimbus Eco Yoga Mat 2023
ELE-AUT-1660,AutoCare Premium Camera,Electronics,Gaming,AutoCare,30.76,57.35,2024-01-24,,Foster Inc,22.27,82x67x30,378,88,4.066459358732565,3.458207636378935,4.04917284357538,3.4262151446374434,5.934896841118734,57.20897479137989,35.60870908020052,378,Lumen Blender
AUT-AUT-1661,AutoCare Classic Equipment,Automotive,Car Parts,AutoCare,12.28,34.2,2022-04-13,,"Robinson, Jones and Henderson",14.76,29x96x14,445,76,3.5610460826040513,2.5862591440482876,3.5322256440685598,2.5079719227189963,6.098076529354726,34.676784943817125,27.437474439320045,440,Pulse Smart Thermostat
BOO-HOM-1662,HomeComfort Modern Item,Books,Fiction,HomeComfort,19.5,48.94,2023-07-16,,"Brown, Mcknight and Michael",23.39,62x19x35,339,79,3.910822284851627,3.0204248861443626,3.8905950580145254,2.970414465569701,5.826003057228607,49.043659322969745,33.32916694564688,337,Terra Max Water Bottle 2024
CLO-SPO-1663,SportElite Elite Hat,Clothing,Womens Apparel,SportElite,7.89,17.44,2024-01-03,2025-05-31,Andersen Group,45.14,40x33x21,340,70,2.914522218128448,2.1849270495258133,2.8587664184808337,2.065596134857783,5.828948558782352,17.182482255901277,10.291404841619492,342,Terra Max Wireless Earbuds 2025
BEA-HOM-1664,HomeComfort Modern Item,Beauty,Skincare,HomeComfort,10.57,21.14,2022-08-18,,Mitchell and Sons,38.34,81x13x46,175,58,3.0973859272804907,2.448415541205585,3.051166980442092,2.3580197998821464,5.164791688192902,20.749746823167996,16.133541705543173,170,Lumen Coffee Grinder
BEA-OUT-1665,OutdoorAdventure Classic Product Series 397,Beauty,Fragrances,OutdoorAdventure,22.1,36.06,2022-04-02,,Cannon Ltd,29.65,29x100x12,293,57,3.6125382208572137,3.139832617527748,3.585184217775171,3.095577608523707,5.680176021980526,35.719801956400644,21.5591046870402,290,Vertex Lite Trail Shoes 2022
CLO-SMA-1666,SmartLife Premium Dress System 294,Clothing,Kids Clothing,SmartLife,9.93,36.7,2023-03-10,,"Stuart, Brooks and Vance",18.31,91x21x38,339,87,3.629660094453965,2.391511302188447,3.6027767550605247,2.295560478057081,5.826003057228607,36.451038573816824,15.643172741167817,334,Solstice Portable Speaker
BOO-STY-1667,StyleMax Classic Item,Books,Non-Fiction,StyleMax,77.76,170.36,2022-05-29,,Kane-Knox,14.91,33x68x48,233,28,5.1437666066994385,4.366405253770925,5.137913845055013,4.353627160152183,5.451042745401984,170.02746774579438,128.85407739965538,236,Pulse Edge Desk Lamp
BOO-HOM-1668,HomeComfort Premium Tool,Books,Educational,HomeComfort,1.85,4.16,2023-12-07,2026-01-12,Miller-Brandt,23.97,32x68x23,360,58,1.6409365794934714,1.0473189942805592,1.425515074273172,0.6151856390902335,5.886106809224075,3.8528356835702797,1.9041627408147246,356,Pulse Flex Portable Speaker
ELE-HOM-1669,HomeComfort Smart Camera,Electronics,Tablets,HomeComfort,162.63,343.99,2024-01-24,2025-01-21,"Anderson, Dalton and Wilson",42.85,98x55x24,417,94,5.843515431104025,5.0976077814408045,5.840612587183423,5.091477681940357,6.033088619877461,343.77939326532,218.68892814507066,420,Terra Desk Lamp 2025
AUT-TEC-1670,TechPro Classic Gear,Automotive,Tools,TechPro,61.65,136.26,2022-12-23,,"Long, Anderson and Irwin",19.61,72x98x23,144,99,4.921876937480489,4.137563681342077,4.914564825345522,4.121473229610353,4.969820243996333,135.93990612338885,73.1262235999309,142,Lumen Ultra Yoga Mat 2023
CLO-SMA-1671,SmartLife Pro Pants,Clothing,Accessories,SmartLife,2.32,8.31,2022-02-25,,Avila LLC,35.51,63x88x15,295,27,2.231089091288976,1.199964782928397,2.1174596088673567,0.8415671856782185,5.686978746164582,8.698830116133896,6.05356251055746,291,Terra Prime Wireless Earbuds 2023
SPO-BEA-1672,BeautyGlow Elite Product Kit 300,Sports,Athletic Wear,BeautyGlow,14.75,38.41,2022-01-10,,Nunez-Stephens,42.82,18x91x14,192,64,3.6740195912069122,2.7568403652716422,3.6483178423578133,2.691243082785829,5.257500580347552,37.99862907074841,27.974708327013328,190,Vertex Coffee Grinder
BEA-TEC-1673,TechPro Pro Gear,Beauty,Makeup,TechPro,14.38,25.44,2022-02-23,2024-01-31,"Gray, Hall and Murray",32.54,80x60x14,321,61,3.2748780149834857,2.733067964077498,3.2363227384719213,2.6658383522929006,5.771444238389961,25.464021161778852,18.736807567232336,326,Pulse Edge Blender
CLO-STY-1674,StyleMax Smart Jacket,Clothing,Mens Apparel,StyleMax,3.95,13.34,2022-06-26,,Hill Ltd,18.83,93x90x47,45,69,2.663052835171474,1.599387576580599,2.590767040487478,1.3737155789130306,3.806684711745632,13.252188890449869,10.228082080792584,50,Vertex Trail Shoes
AUT-BEA-1675,BeautyGlow Modern Gear Series 184,Automotive,Accessories,BeautyGlow,9.97,16.79,2023-10-19,,Johnson Ltd,25.54,7x80x41,293,71,2.8786365016777435,2.395164274287139,2.8207834710894493,2.299580583973747,5.680176021980526,17.262731044570433,12.52827718124799,297,Nimbus Coffee Grinder
HOM-KIT-1676,KitchenMaster Elite Vase,Home & Garden,Furniture,KitchenMaster,7.39,18.24,2023-03-21,,Mendez-Mayer,6.35,46x13x50,465,78,2.9569914452375605,2.127040520479115,2.9036169846461855,2.0001277349601105,6.142039556122678,17.85979812412469,9.54270884888646,465,Terra Flex Trail Shoes 2023
CLO-TEC-1677,TechPro Classic Shoes,Clothing,Shoes,TechPro,49.49,176.54,2023-06-27,,Allen Inc,25.99,79x73x50,419,93,5.179195935640173,3.921775296870824,5.173547479592087,3.901770628963795,6.037873306554134,176.43989848706482,78.92575796938522,424,Granite Smart Thermostat 2024
ELE-STY-1678,StyleMax Elite Monitor,Electronics,Laptops,StyleMax,139.17,251.54,2023-04-03,,Wheeler Group,6.24,21x78x18,334,30,5.531569652010535,4.942855971674966,5.52760202261901,4.935696207431762,5.811143986984194,252.00008102460984,119.53616932641235,335,Solstice Portable Speaker
ELE-BEA-1679,BeautyGlow Premium Phone,Electronics,Smart Home,BeautyGlow,194.72,488.47,2023-01-08,,"Powers, Brennan and Sanchez",8.66,89x5x20,153,15,6.19332317306486,5.276685066420923,6.191278057109808,5.2715626292392175,5.030444457318788,488.82819698337613,257.0973698317434,150,Harbor Ultra Desk Lamp
BOO-OUT-1680,OutdoorAdventure Modern Product,Books,Educational,OutdoorAdventure,38.46,97.78,2023-06-20,,Morales and Sons,49.84,82x73x37,107,98,4.592895155112479,3.6752875005944694,4.5827200571505,3.6496187401606335,4.672838180212627,98.0907306295303,74.139647636914,104,Terra Action Camera
ELE-TEC-1681,TechPro Smart Phone Model 976,Electronics,Gaming,TechPro,17.65,52.36,2022-05-18,,"Robinson, Shields and Brown",10.88,50x40x13,373,89,3.977061401607368,2.9258461460898246,3.9581429410416993,2.8707357833793057,5.921581100605369,52.12274477050404,35.66889843475618,377,Terra Flex Blender
SPO-OUT-1682,OutdoorAdventure Ultra Gear,Sports,Fitness Equipment,OutdoorAdventure,12.53,35.77,2023-02-14,,"Holder, Young and Hendricks",47.24,91x59x49,73,78,3.6046822953131805,2.604909442182697,3.5771095532709265,2.528125768907977,4.2904731396847025,35.447469835642266,23.96522792136669,75,Terra Wireless Earbuds 2025
CLO-BEA-1683,BeautyGlow Smart Hat,Clothing,Mens Apparel,BeautyGlow,18.02,59.73,2023-06-08,,"Flores, Harper and Chambers",21.04,24x45x32,194,13,4.106437809909484,2.9454910571172443,4.089834406744215,2.8914822521801917,5.267863313689218,59.89527035552594,41.927720731729856,193,Vertex Coffee Grinder 2024
BOO-STY-1684,StyleMax Ultra Item,Books,Non-Fiction,StyleMax,6.69,16.89,2023-02-21,2025-06-05,Young-Walter,4.54,47x39x14,444,38,2.884241897520628,2.0399207835175526,2.826721730819709,1.900613874140137,6.09582681468194,17.310788469345034,10.282569161175823,442,Vertex Trail Shoes
HOM-STY-1685,StyleMax Classic Table,Home & Garden,Furniture,StyleMax,38.16,63.24,2022-05-07,,"Boyd, Gutierrez and Hill",36.44,44x80x36,48,77,4.162626069638506,3.6676558176623097,4.146937012341271,3.6417878465800855,3.8712218440242134,63.29562763515365,37.077216170039016,49,Pulse Lite Smart Thermostat 2022
HOM-BEA-1686,BeautyGlow Ultra Tool Series 274,Home & Garden,Home Decor,BeautyGlow,16.18,31.99,2024-02-09,,"Fry, Hobbs and Buck",17.32,99x91x39,282,86,3.49620448524049,2.8437459165561094,3.4654233539614268,2.7837759116303458,5.641910617031117,32.0601804356805,21.071412844964566,283,Pulse Yoga Mat
AUT-FAS-1687,FashionForward Elite Gear System 830,Automotive,Accessories,FashionForward,14.33,24.84,2022-05-10,2024-06-09,"Shelton, Peters and Williams",36.8,11x97x45,498,57,3.2519236789144013,2.7298116928837226,3.212455257065278,2.6623552418400807,6.210602085054766,24.62437951178708,16.21476820467691,501,Aurora Eco Action Camera
BEA-KIT-1688,KitchenMaster Classic Accessory,Beauty,Makeup,KitchenMaster,38.09,82.21,2022-12-29,,David-Powers,25.16,40x59x38,482,39,4.421367532912338,3.6658666798048634,4.409276949164042,3.6399517804905126,6.177946188737245,82.47410307452809,38.645530545749104,485,Granite Smart Thermostat
HOM-BEA-1689,BeautyGlow Classic Lamp,Home & Garden,Furniture,BeautyGlow,29.96,73.46,2022-03-20,,"Flores, Butler and Hernandez",47.25,26x78x8,43,46,4.310262068444571,3.4326960487215263,4.296741040391521,3.3998631586490187,3.7612233712371035,73.15330287358637,35.426890783234846,42,Granite Trail Shoes
BOO-TEC-1690,TechPro Classic Accessory,Books,Children Books,TechPro,14.51,37.68,2023-05-07,,White-Medina,34.29,91x73x49,63,61,3.6553226705850936,2.7414849771884473,3.629129449708162,2.6748380668960965,4.143150599281431,37.50720565167616,25.387939898309554,65,Terra Classic Wireless Earbuds
ELE-SPO-1691,SportElite Premium Camera,Electronics,Smart Home,SportElite,174.05,443.48,2022-12-20,,Atkinson LLC,36.98,72x92x43,21,87,6.096905059565979,5.165071647400675,6.094652704904151,5.159342614257448,3.0445700556372914,443.4069277098441,192.65349157803482,25,Aurora Max Yoga Mat
SPO-OUT-1692,OutdoorAdventure Smart Product Set 236,Sports,Outdoor Gear,OutdoorAdventure,7.59,17.24,2022-02-22,,"Thomas, Ford and Brown",19.02,52x19x26,467,96,2.9036169846461855,2.150598735996164,2.847232265235547,2.0268315914075385,6.146331398994228,17.247458171110765,7.224511676665845,462,Nimbus Eco Coffee Grinder 2022
CLO-STY-1693,StyleMax Ultra Dress,Clothing,Accessories,StyleMax,19.94,50.44,2022-01-03,,Faulkner-Grant,28.49,32x44x46,263,14,3.940416079929364,3.041661205442391,3.9207845110967185,2.9927277645336923,5.572157834451905,50.187561537766776,33.59068465615781,266,Lumen Edge Trail Shoes
SPO-TEC-1694,TechPro Advanced Item,Sports,Athletic Wear,TechPro,34.25,68.26,2022-12-29,2024-06-19,Price LLC,44.52,28x56x27,4,22,4.237867538974276,3.5624655292582776,4.223323943478561,3.5336865647082343,1.3865443298750981,67.88254008824443,44.68232575270813,6,Aurora Action Camera 2025
SPO-SPO-1695,SportElite Pro Tool,Sports,Athletic Wear,SportElite,15.2,26.31,2022-05-07,,Rivera Inc,0.44,89x37x19,240,60,3.3072529354856135,2.785011242238338,3.269949095052201,2.7212954278522306,5.480643089999978,26.4184076415928,15.791506440229048,240,Vertex Lite Blender
HOM-AUT-1696,AutoCare Classic Table,Home & Garden,Bedding,AutoCare,26.94,51.3,2023-03-26,,Boone-Davis,22.02,22x50x32,2,55,3.9569963710708773,3.330059353828816,3.937690752176724,3.293612170982218,0.6936470556015963,51.09285794217545,21.64046556125728,0,Granite Water Bottle
AUT-STY-1697,StyleMax Smart Gear Edition 531,Automotive,Tools,StyleMax,6.51,17.04,2022-02-02,,"Calderon, Williams and Bennett",10.03,66x90x22,60,63,2.8925915146344776,2.0162354657760435,2.8355635214011694,1.873339456220478,4.09436122874988,17.11961345699416,7.694790781495883,57,Harbor Classic Yoga Mat 2025
SPO-HOM-1698,HomeComfort Advanced Equipment,Sports,Athletic Wear,HomeComfort,46.14,133.12,2023-02-03,2023-11-20,"Morrison, Russo and Lopez",39.66,21x24x27,256,11,4.898734921598028,3.853121897507985,4.8912509770728985,3.8316802527456075,5.545181350721933,132.78127546096871,100.77737841146218,258,Vertex Eco Blender 2025
AUT-TEC-1699,TechPro Advanced Equipment,Automotive,Tools,TechPro,17.01,44.32,2023-03-21,,"Ramsey, Hansen and Mendoza",14.18,15x59x20,316,29,3.8137484361598055,2.8909271591878647,3.7914360424390283,2.8338014064077703,5.755745378138867,44.301517299817725,28.48178671297061,315,Solstice Pro Trail Shoes
BEA-SPO-1700,SportElite Ultra Item,Beauty,Makeup,SportElite,12.55,37.54,2022-09-11,,Turner-Stout,21.52,65x95x11,358,74,3.6516966629862204,2.6063865473257097,3.6254070311583626,2.529720665577793,5.880535779692888,37.571937643900554,21.741058981036648,362,Nimbus Smart Thermostat
BOO-SPO-1701,SportElite Elite Product Edition 139,Books,Non-Fiction,SportElite,51.63,98.65,2022-07-16,,Giles Ltd,21.37,83x30x10,442,16,4.6016640466588035,3.9632862993656874,4.591578232468624,3.9441028988915576,6.091312144518578,98.21078706608598,58.803415201751726,447,Granite Max Smart Thermostat 2025
SPO-OUT-1702,OutdoorAdventure Ultra Accessory,Sports,Athletic Wear,OutdoorAdventure,10.66,19.68,2022-12-11,,Burgess Group,3.16,59x87x8,155,24,3.0291670496402285,2.4561641809223462,2.9796028916241073,2.3664984187376983,5.0434315685113384,19.519872192630043,14.102224830504314,156,Vertex Coffee Grinder
HOM-BEA-1703,BeautyGlow Advanced Pot,Home & Garden,Bedding,BeautyGlow,5.65,11.19,2022-02-18,,Dominguez Ltd,0.13,89x100x25,108,46,2.5006159434931803,1.8946168546677629,2.4150205223238337,1.7316555451583497,4.682140486340613,10.831726383400195,4.9443937952126875,107,Canyon Prime Blender 2024
SPO-KIT-1704,KitchenMaster Pro Equipment Edition 472,Sports,Team Sports,KitchenMaster,4.95,9.9,2022-04-25,2022-11-04,Sanders and Sons,34.18,21x47x28,379,56,2.388762789235098,1.7833912195575383,2.2925347571405443,1.599387576580599,5.937538843601373,9.472107471063312,5.0128636376139335,381,Terra Classic Blender 2024
BEA-SPO-1705,SportElite Ultra Product,Beauty,Hair Care,SportElite,34.65,56.52,2022-04-19,2024-06-23,"Morris, Campbell and Owens",6.11,80x88x17,98,100,4.052132713412791,3.573749146860305,4.034594557816327,3.5452977256359124,4.584977682700143,57.00016102774215,26.49576390497511,102,Lumen Action Camera
SPO-STY-1706,StyleMax Advanced Gear,Sports,Fitness Equipment,StyleMax,6.34,18.94,2022-07-26,,"Howard, Green and Hunt",7.77,21x29x31,281,42,2.9927277645336923,1.9933388426264242,2.9412760877579323,1.8468787684491346,5.6383582280462745,18.76590676807523,8.566529253649982,285,Lumen Blender
AUT-AUT-1707,AutoCare Modern Accessory,Automotive,Car Care,AutoCare,97.45,279.31,2022-03-11,,Owens-Lang,26.24,69x7x15,306,45,5.63589613359573,4.589548805085134,5.632322276105393,4.57933942595357,5.723588369920897,279.6136769569375,139.9907287992599,304,Granite Water Bottle
BEA-BEA-1708,BeautyGlow Premium Tool Kit 294,Beauty,Makeup,BeautyGlow,3.08,8.05,2023-02-12,,"Harrison, Franco and Rocha",26.67,70x14x15,224,75,2.2027647577118348,1.4060969884160703,2.0856720914304723,1.1249295969854831,5.4116505161307895,7.809547841668489,4.875623792123732,220,Terra Classic Wireless Earbuds
SPO-SMA-1709,SmartLife Ultra Product Collection 685,Sports,Athletic Wear,SmartLife,92.46,168.9,2023-12-15,2025-11-19,Edwards-Williams,22.83,95x97x38,132,48,5.135210028677887,4.53753353727228,5.129306823813755,4.526776118560079,4.88280949831525,169.07787266777945,93.97031953333399,129,Aurora Water Bottle
AUT-BEA-1710,BeautyGlow Ultra Tool Collection 146,Automotive,Tools,BeautyGlow,24.29,55.87,2022-10-26,2023-09-22,Figueroa Inc,47.11,40x22x22,447,16,4.040767961318708,3.2304090606818736,4.023027563471057,3.190064743014081,6.102560831747532,56.12502330269189,41.29981377998702,449,Terra Prime Portable Speaker 2023
BEA-SPO-1711,SportElite Pro Item,Beauty,Makeup,SportElite,18.41,45.09,2023-01-13,,Tran-Silva,47.33,75x38x13,209,88,3.830596006732417,2.9657883971809187,3.8086604924329928,2.9128939952449864,5.342339036642359,45.18372596579569,23.971856796116445,214,Solstice Eco Wireless Earbuds 2025
HOM-TEC-1712,TechPro Premium Lamp Model 280,Home & Garden,Bedding,TechPro,12.3,23.17,2022-01-17,,"Butler, Hernandez and Rivera",48.94,79x18x49,195,93,3.1851121947153915,2.5877640352277083,3.142858338444285,2.509599262378372,5.273004686755725,23.142144664779156,16.854393821442887,196,Solstice Desk Lamp 2022
HOM-OUT-1713,OutdoorAdventure Smart Vase Model 308,Home & Garden,Home Decor,OutdoorAdventure,28.77,68.25,2024-02-10,,Hudson-Sanchez,22.36,98x97x32,188,28,4.237723145067448,3.393501175027685,4.223177434065069,3.3593331775634567,5.236447281964739,68.16360409586433,35.61004121668287,184,Nimbus Action Camera
SPO-FAS-1714,FashionForward Elite Equipment Set 280,Sports,Fitness Equipment,FashionForward,19.42,34.63,2023-05-18,,"Pena, Cohen and Scott",9.1,41x7x24,83,32,3.5731879796177446,3.01651481273652,3.5447203584143305,2.966303462863179,4.41885265591679,34.48189090121214,24.418721228874787,83,Harbor Ultra Water Bottle
AUT-KIT-1715,KitchenMaster Smart Item Edition 351,Automotive,Accessories,KitchenMaster,54.22,118.33,2023-10-23,,Levy-May,5.1,72x22x5,308,22,4.781892764381564,4.011325206502009,4.773477331396467,3.9930498440705193,5.73010302972155,118.75093856136287,89.41701996031145,311,Terra Portable Speaker
SPO-TEC-1716,TechPro Pro Item,Sports,Athletic Wear,TechPro,22.26,54.91,2022-02-14,2022-11-06,Murray-Oconnor,13.46,85x81x5,405,11,4.0237432550385535,3.1467351470905185,4.005695481290781,3.102791345847399,6.003889536239293,55.234007019631974,40.535475740188616,403,Granite Edge Desk Lamp
AUT-OUT-1717,OutdoorAdventure Advanced Accessory Collection 591,Automotive,Car Parts,OutdoorAdventure,22.99,60.7,2023-03-31,,Jackson-Cortez,15.44,66x24x20,28,79,4.122283930911342,3.177637076851603,4.1059436980654525,3.1350593387750902,3.3322402238231783,61.15572637245319,48.87584890742079,31,Nimbus Trail Shoes 2024
BEA-OUT-1718,OutdoorAdventure Pro Item,Beauty,Hair Care,OutdoorAdventure,14.48,23.95,2022-10-31,2024-06-27,White-Preston,7.18,33x8x19,218,59,3.2168738221975275,2.739548868161581,3.175968323856924,2.6727683869575705,5.384499649934531,23.581811279015835,12.085776212423102,214,Lumen Coffee Grinder 2025
CLO-BEA-1719,BeautyGlow Smart Hat,Clothing,Kids Clothing,BeautyGlow,11.64,43.86,2022-04-26,,"Bernard, Warren and Combs",49.54,33x18x23,182,19,3.8035465290920625,2.5368663887187113,3.781002742989742,2.454447442303292,5.204012181567196,44.08625012569957,22.35347376411467,178,Terra Pro Portable Speaker 2023
BOO-STY-1720,StyleMax Advanced Item,Books,Educational,StyleMax,26.5,63.77,2022-07-02,,Landry Ltd,16.81,28x91x32,76,95,4.170842533194826,3.3141860046725258,4.155282860327181,3.2771447329921766,4.330746498094504,64.19957364768462,38.136258309585585,79,Terra Portable Speaker
BEA-KIT-1721,KitchenMaster Ultra Gear,Beauty,Hair Care,KitchenMaster,4.31,8.22,2023-05-27,,Duran Group,46.65,96x14x5,441,29,2.2213750375685026,1.6695918352538475,2.1065702090680887,1.4609379041156563,6.089047143017972,7.907608404842348,5.8156891871320955,442,Granite Coffee Grinder 2025
AUT-AUT-1722,AutoCare Elite Equipment,Automotive,Tools,AutoCare,5.97,16.09,2023-05-05,,Kirby and Sons,5.75,59x98x22,74,21,2.8384934971274993,1.9416152247724325,2.7781979610042917,1.7867469274045107,4.304078606626376,15.665166342019441,12.008576035334677,75,Harbor Max Coffee Grinder
HOM-HOM-1723,HomeComfort Classic Lamp,Home & Garden,Kitchen,HomeComfort,39.21,83.74,2023-12-12,,Mann Inc,30.13,86x47x13,410,93,4.439587745198413,3.6941157209091826,4.4277167605909975,3.6689318163042404,6.016159598719769,83.97629823630426,66.53848667284747,405,Canyon Trail Shoes 2024
CLO-SMA-1724,SmartLife Modern Shoes,Clothing,Shoes,SmartLife,13.97,42.81,2022-08-24,,Wagner LLC,29.09,58x72x41,397,98,3.779862101825807,2.706048198431537,3.7567717201568547,2.6369121732688705,5.983938799575705,42.882983650916316,31.463276375545554,402,Canyon Eco Coffee Grinder
AUT-STY-1725,StyleMax Smart Gear Set 117,Automotive,Tools,StyleMax,17.02,34.78,2023-05-01,,Williamson Ltd,46.05,12x49x28,434,27,3.5773890780805733,2.8914822521801917,3.549042508926137,2.834389123145228,6.073046838245216,35.11499220122311,15.579039695638633,434,Nimbus Eco Wireless Earbuds
HOM-HOM-1726,HomeComfort Classic Table Collection 157,Home & Garden,Garden Tools,HomeComfort,20.42,53.51,2022-05-01,,"Durham, Hopkins and Smith",35.23,53x98x6,356,64,3.9983841710761894,3.064325065019603,3.979868552323213,3.01651481273652,5.874933539836849,53.15697692909376,37.38983421453002,357,Lumen Coffee Grinder
HOM-STY-1727,StyleMax Pro Vase,Home & Garden,Furniture,StyleMax,27.46,77.05,2022-01-31,2022-12-21,"Arnold, Smith and Moreno",4.04,14x6x41,425,63,4.357349646961441,3.3484995926617063,4.344454561766125,3.312730400339825,6.052091521862825,77.33936196562269,50.911842208620634,430,Vertex Select Trail Shoes
CLO-FAS-1728,FashionForward Elite Hat,Clothing,Womens Apparel,FashionForward,7.91,30.83,2023-04-27,,Nichols-Mitchell,16.93,87x93x5,146,24,3.4604092412940015,2.187174241482718,3.428488241898059,2.0681277817795625,4.9836134709999484,30.537594773646788,23.143276732387648,146,Lumen Lite Portable Speaker
CLO-TEC-1729,TechPro Elite Shoes Edition 952,Clothing,Mens Apparel,TechPro,6.54,18.61,2023-04-11,,"Li, Craig and Drake",41.49,78x69x24,363,39,2.976039640208255,2.020222182019865,2.9236990706541595,1.8779371654691073,5.894405589081993,18.28038282400839,12.998366348789695,363,Solstice Prime Blender 2024
SPO-BEA-1730,BeautyGlow Pro Tool,Sports,Outdoor Gear,BeautyGlow,23.96,70.11,2024-01-31,,Rodriguez Inc,30.99,33x55x16,421,81,4.2642279738954265,3.217274543501227,4.250065437218876,3.1763857732472487,6.042635208976472,69.78098048197238,41.33198452982831,417,Solstice Prime Yoga Mat
BOO-FAS-1731,FashionForward Modern Gear,Books,Fiction,FashionForward,8.33,17.55,2023-01-25,,"Hernandez, Lee and Fox",40.19,87x59x17,138,23,2.920469789053444,2.2332350148592526,2.865053949911875,2.1198634561787513,4.927260931507761,17.858283225826757,9.945258762270088,138,Nimbus Prime Blender
ELE-AUT-1732,AutoCare Advanced Phone Collection 654,Electronics,Smartphones,AutoCare,82.13,160.07,2022-08-05,,Adams-Sanders,37.85,44x29x40,103,91,5.081839053102588,4.420405647542997,5.075611219558606,4.408303357752101,4.634738696920371,160.23189327628228,112.46020829359814,101,Vertex Smart Thermostat
ELE-BEA-1733,BeautyGlow Pro Monitor,Electronics,Laptops,BeautyGlow,9.95,25.76,2023-05-11,2024-09-24,Chung-Stevens,4.75,44x6x27,384,46,3.286908235260028,2.3933394562625097,3.248822901236153,2.2975725511705014,5.950645156751003,25.78260411627374,20.03068913058744,387,Vertex Yoga Mat
SPO-AUT-1734,AutoCare Classic Accessory,Sports,Outdoor Gear,AutoCare,50.72,85.93,2023-11-22,2025-07-11,Branch and Sons,44.84,69x17x37,413,29,4.465103197090973,3.945844553903657,4.453533011325132,3.9263203101289705,6.023450014265608,85.79165387444104,55.21438047486988,408,Harbor Pro Blender
ELE-SMA-1735,SmartLife Modern Monitor,Electronics,Smart Home,SmartLife,87.58,162.24,2022-06-15,,Sutton-Abbott,23.21,85x16x50,118,37,5.095221510537605,4.483906098495052,5.089076720402819,4.4725526613732525,4.770693099006027,162.60965652999687,114.85423334219804,120,Solstice Wireless Earbuds
AUT-HOM-1736,HomeComfort Advanced Equipment,Automotive,Tools,HomeComfort,25.29,50.8,2023-01-04,,"Frey, Santos and Johnson",47.01,10x96x48,198,40,3.9473901492654373,3.26918863874179,3.927896354584436,3.2304090606818736,5.2882720811868325,50.69459620527418,36.103597970851915,197,Harbor Action Camera
CLO-KIT-1737,KitchenMaster Pro Pants,Clothing,Accessories,KitchenMaster,26.74,106.66,2022-04-10,,Gray-Tran,7.22,44x75x10,255,22,4.678978113132811,3.3228754148866857,4.669646205172456,3.286160571673797,5.541267466719364,106.97026745068214,44.50550167165785,250,Aurora Smart Thermostat
SPO-HOM-1738,HomeComfort Ultra Product System 472,Sports,Team Sports,HomeComfort,89.92,182.54,2022-03-14,,Walsh Ltd,38.62,38x65x21,390,66,5.212432627390867,4.509979998984343,5.206969327088731,4.498920386145381,5.966149303222969,182.48035221039882,100.99918987265262,388,Terra Edge Blender
BEA-STY-1739,StyleMax Modern Item,Beauty,Makeup,StyleMax,50.05,96.58,2023-02-23,,Miller Group,45.87,21x61x28,262,89,4.580672554387691,3.9328055446106744,4.570371680445396,3.9130225057612296,5.568348320547706,96.45940554083641,55.6810589979144,257,Harbor Eco Yoga Mat
HOM-STY-1740,StyleMax Classic Tool,Home & Garden,Bedding,StyleMax,3.83,10.79,2023-11-30,2026-03-18,"Mueller, Knight and Hodge",2.95,36x94x40,4,29,2.4672517145492794,1.5748464676644813,2.378619779270043,1.3428648031925547,1.3865443298750981,10.753426189956214,6.8143381970211925,4,Canyon Max Yoga Mat
AUT-BEA-1741,BeautyGlow Classic Product,Automotive,Car Parts,BeautyGlow,6.35,17.66,2022-08-17,,Jacobson Inc,23.17,16x49x34,239,92,2.926382195419198,1.9947003132247452,2.8713021951758138,1.8484548129046001,5.476467736023176,17.46535031668086,10.975615033459635,235,Terra Action Camera 2024
BOO-STY-1742,StyleMax Pro Product,Books,Children Books,StyleMax,11.45,32.92,2023-02-11,,Lewis Ltd,10.05,47x13x25,175,87,3.5240048109237025,2.5217206229107165,3.494080375808869,2.4379897300002487,5.164791688192902,33.16265719257273,19.35498686764638,174,Lumen Portable Speaker 2022
SPO-FAS-1743,FashionForward Pro Gear,Sports,Outdoor Gear,FashionForward,20.56,47.66,2023-04-27,2024-05-29,"Alvarez, Williams and Jones",16.08,9x81x29,31,56,3.8848573373553763,3.0708397460407966,3.8640924716705958,3.0233474405869645,3.434019462029382,47.662665982290626,24.852652276683262,32,Canyon Max Trail Shoes
AUT-FAS-1744,FashionForward Smart Item Series 876,Automotive,Accessories,FashionForward,32.01,80.83,2022-10-04,,Lam-Elliott,8.89,23x13x22,207,20,4.4046439245392905,3.4968105458651015,4.392348183745753,3.4660483539817717,5.3327236241715745,80.56756844124388,41.82597328904241,203,Harbor Yoga Mat
HOM-SMA-1745,SmartLife Smart Pot,Home & Garden,Garden Tools,SmartLife,10.45,18.56,2022-02-25,2023-11-05,White LLC,17.17,43x26x17,178,63,2.9734866646066713,2.4379897300002487,2.9210087273580543,2.34660197841082,5.181789168253832,18.951583081809076,13.859717922839145,178,Harbor Lite Wireless Earbuds
SPO-OUT-1746,OutdoorAdventure Elite Accessory,Sports,Athletic Wear,OutdoorAdventure,23.76,68.17,2023-08-08,,Ali PLC,0.6,81x30x9,370,95,4.236567242612494,3.209229447816395,4.222004585374694,3.168003494494444,5.91350570833732,68.05621339694575,40.830658646412296,370,Terra Action Camera
BOO-AUT-1747,AutoCare Advanced Item Edition 251,Books,Non-Fiction,AutoCare,10.18,22.89,2022-11-21,2025-04-09,Goodwin Ltd,20.38,71x97x5,230,26,3.173459961337718,2.414126467726953,3.1307001339644756,2.3204250111223765,5.43808365673983,22.93268180389171,14.567223879131593,229,Aurora Smart Thermostat 2025
BEA-KIT-1748,KitchenMaster Pro Item Collection 530,Beauty,Fragrances,KitchenMaster,11.58,29.48,2024-03-03,,Hickman-Evans,18.94,49x31x17,497,96,3.4170707308184456,2.5321082512722946,3.383712067321136,2.449279472144849,6.208592038167039,29.878342668745255,13.498712934764242,496,Granite Action Camera
BOO-AUT-1749,AutoCare Advanced Item,Books,Fiction,AutoCare,5.66,11.1,2022-05-08,,"Allen, Davenport and Price",32.48,63x57x31,180,55,2.4932054526026954,1.8961194845522977,2.4069451083182885,1.7334238922150915,5.192962406430334,11.221753235995712,6.143151659816076,177,Terra Lite Wireless Earbuds
AUT-OUT-1750,OutdoorAdventure Advanced Item,Automotive,Accessories,OutdoorAdventure,8.75,19.15,2023-01-18,,"Rivera, Campos and Taylor",29.79,74x60x29,145,94,3.0032042883926917,2.277267285009756,2.952302715626655,2.169053700369523,4.976740638948518,18.774560079894194,11.020636228829428,149,Canyon Coffee Grinder
BEA-BEA-1751,BeautyGlow Pro Item,Beauty,Fragrances,BeautyGlow,5.95,9.85,2023-10-28,2025-06-20,"Ramsey, Mason and Mccann",5.27,100x84x39,51,91,2.3841650799864684,1.9387416595767009,2.2874714551839976,1.7833912195575383,3.9318452403752318,10.281035481141206,7.750277820682947,55,Lumen Prime Desk Lamp 2024
SPO-BEA-1752,BeautyGlow Classic Product Edition 664,Sports,Fitness Equipment,BeautyGlow,8.35,17.29,2022-07-20,,Davis and Sons,47.53,49x64x31,464,92,2.906354462402774,2.2353763433005955,2.850128299695199,2.122261538862764,6.139886707396347,17.41515389200999,9.713212295448262,469,Lumen Desk Lamp
BEA-TEC-1753,TechPro Advanced Product,Beauty,Fragrances,TechPro,51.85,98.58,2023-11-06,,Peterson PLC,41.94,58x91x20,2,63,4.600961341214036,3.9674577123162464,4.590868401277231,3.948354934675536,0.6936470556015963,98.41820750236394,74.12056667816127,0,Nimbus Max Wireless Earbuds
ELE-TEC-1754,TechPro Elite Tablet,Electronics,Smartphones,TechPro,21.13,53.38,2024-01-30,,"Sanders, Ayala and Johnson",16.82,78x60x20,284,60,3.995996439204325,3.096934154062958,3.9774361439763783,3.0506938316279655,5.648977759281768,53.02648663121012,35.268837316490696,285,Pulse Max Coffee Grinder
CLO-SMA-1755,SmartLife Premium Shoes,Clothing,Accessories,SmartLife,100.07,388.16,2023-02-04,,Bowers-Hayes,8.77,45x71x15,223,39,5.963990570107227,4.615813346086571,5.9614176257556855,4.605869941102364,5.407176255754997,388.4481446854849,288.56383726224533,218,Nimbus Edge Smart Thermostat
ELE-HOM-1756,HomeComfort Pro Camera,Electronics,Gaming,HomeComfort,89.42,210.03,2024-02-20,,Kelly Group,13.09,75x25x25,104,21,5.352000303464221,4.504465481866459,5.347250377657216,4.4933443708058345,4.64440051447976,210.14767130080995,109.94307092431603,104,Terra Lite Trail Shoes
ELE-SMA-1757,SmartLife Premium Camera,Electronics,Smartphones,SmartLife,65.68,132.3,2023-09-25,,Lopez-Willis,46.04,15x78x29,12,26,4.892602227184663,4.199905057882593,4.88507207112091,4.184794465144173,2.4849899796493045,132.33279187013682,94.9486662748873,12,Granite Ultra Water Bottle
SPO-HOM-1758,HomeComfort Smart Accessory,Sports,Team Sports,HomeComfort,9.28,18.05,2023-07-03,,Miller-Montgomery,36.34,53x38x47,26,45,2.94706710157271,2.330200260027019,2.89314568477889,2.2278615467981093,3.2581349988203177,18.43601473138994,11.859081714420881,23,Vertex Desk Lamp
ELE-TEC-1759,TechPro Pro Phone,Electronics,Laptops,TechPro,109.98,289.72,2022-04-20,2023-07-12,Marquez Inc,44.74,16x14x36,432,56,5.672360604647861,4.709350004897755,5.668914939327125,4.700298531079668,6.068427903056246,290.00282526700005,128.10297380166492,428,Terra Pro Smart Thermostat
AUT-SMA-1760,SmartLife Pro Equipment,Automotive,Tools,SmartLife,11.96,25.37,2023-05-14,,Moore-Dawson,3.91,92x58x29,455,50,3.2722270003651954,2.561867690924129,3.2335673736111907,2.481567748522486,6.120299616750733,25.028641382138098,17.977408510275176,451,Canyon Coffee Grinder 2022
BEA-HOM-1761,HomeComfort Elite Gear Collection 775,Beauty,Fragrances,HomeComfort,22.42,52.7,2023-09-14,,"Moore, Price and Ward",5.95,48x49x35,314,86,3.983413001514819,3.1535903581695712,3.9646154555473165,3.109953417644014,5.749396170616558,52.51548762643964,31.345337879963452,317,Aurora Pro Smart Thermostat
BOO-HOM-1762,HomeComfort Ultra Item Series 648,Books,Fiction,HomeComfort,201.16,308.68,2023-06-09,,Smith LLC,10.89,51x19x18,15,51,5.735539506269393,5.309059463079938,5.732305141589403,5.304100611303764,2.7081168655467533,308.43351935701816,195.01984187757475,20,Vertex Smart Thermostat
CLO-STY-1763,StyleMax Elite Dress Collection 194,Clothing,Womens Apparel,StyleMax,11.28,30.43,2023-07-19,,Ward-Nelson,23.41,68x60x37,484,61,3.447762850809476,2.5079719227189963,3.4154289639088797,2.423031246069913,6.1820869728301995,30.669067366721222,24.312914919061495,483,Vertex Eco Portable Speaker
CLO-HOM-1764,HomeComfort Smart Hat,Clothing,Kids Clothing,HomeComfort,30.55,104.94,2023-02-07,2025-03-29,Miller Group,15.65,31x97x36,221,67,4.66287289611638,3.4515735889872223,4.653388758258566,3.4193646856176043,5.398167226394394,104.48286178604106,50.45443486475651,222,Canyon Select Action Camera 2024
SPO-AUT-1765,AutoCare Pro Tool,Sports,Team Sports,AutoCare,10.67,19.2,2022-12-28,,Hawkins-Hunt,31.67,13x62x15,455,14,3.005682604407159,2.4570214462984645,2.954910279033736,2.367436065313662,6.120299616750733,19.26849189117389,14.882629318562467,454,Aurora Coffee Grinder
BOO-KIT-1766,KitchenMaster Classic Gear,Books,Educational,KitchenMaster,19.46,54.81,2023-06-28,,Johnson LLC,1.59,28x46x32,404,33,4.021953064800342,3.0184717605234805,4.003872659058025,2.968361076757859,6.001417353205611,55.067209512025876,33.60740736871345,405,Aurora Blender 2024
HOM-STY-1767,StyleMax Smart Pot,Home & Garden,Kitchen,StyleMax,98.86,169.8,2022-11-18,2024-04-07,"Davis, George and Nguyen",34.45,96x47x18,238,82,5.14049328135447,4.603769205072464,5.134621273877247,4.593704707878813,5.47227487534332,170.16923032402653,97.97130669556176,236,Harbor Select Desk Lamp
AUT-SPO-1768,SportElite Pro Equipment Collection 639,Automotive,Car Care,SportElite,11.42,20.86,2023-07-29,,Smith-Gutierrez,30.43,90x14x41,457,92,3.0846584827483925,2.519308076505333,3.0378334495726262,2.435366204227864,6.124685579075618,20.70524011374159,11.359503819780139,459,Vertex Trail Shoes 2024
SPO-AUT-1769,AutoCare Advanced Product Set 605,Sports,Athletic Wear,AutoCare,102.64,230.73,2022-10-09,,Hardy PLC,6.29,26x81x25,302,59,5.44557290082979,4.640923355693909,5.441248195737072,4.631227720307381,5.710430328627665,231.04483215857857,121.19395404185222,307,Canyon Water Bottle
CLO-TEC-1770,TechPro Ultra Shirt,Clothing,Accessories,TechPro,21.46,79.66,2022-01-05,,Armstrong and Sons,14.29,56x9x39,470,77,4.390242789445222,3.1117359493102974,4.377767577753498,3.0661907372025525,6.152734822361415,79.2784191022161,55.39112161460048,474,Vertex Coffee Grinder
ELE-TEC-1771,TechPro Pro Speaker Set 525,Electronics,Tablets,TechPro,31.11,87.5,2022-10-09,,"James, Taylor and Turner",17.36,15x76x25,252,88,4.483002552013883,3.4691675081014224,4.471638793363569,3.4375293109095457,5.529433055757518,87.83952324589983,69.92100620301765,257,Solstice Desk Lamp
ELE-BEA-1772,BeautyGlow Modern Speaker,Electronics,Headphones,BeautyGlow,102.76,324.11,2022-05-05,,Thomas-Jackson,46.89,18x8x19,24,11,5.784163586603014,4.642080540008188,5.781082964345989,4.632396172241683,3.178095496146581,323.74493888908535,165.31146140775346,28,Granite Pro Blender 2022
CLO-AUT-1773,AutoCare Classic Pants Collection 841,Clothing,Mens Apparel,AutoCare,26.52,100.91,2023-01-13,,Fisher-Washington,26.92,5x93x8,132,15,4.6240900708406025,3.314913013065143,4.614229030476437,3.277899165317662,4.88280949831525,100.80934154474916,59.04779760606776,133,Terra Flex Water Bottle
ELE-BEA-1774,BeautyGlow Pro Tablet,Electronics,Smartphones,BeautyGlow,101.68,270.24,2023-01-24,,Ward and Sons,8.6,22x79x34,61,26,5.603004037815642,4.6316173560029394,5.59931045305949,4.621830626881199,4.110890257481564,270.531349458464,125.94665934486382,65,Aurora Action Camera 2022
HOM-KIT-1775,KitchenMaster Classic Pot,Home & Garden,Kitchen,KitchenMaster,4.89,8.23,2023-06-25,,"Weber, Wheeler and Gonzalez",23.95,67x40x25,395,71,2.222459048514761,1.7732559976634952,2.1077860146889784,1.5871923034867805,5.978888296543487,7.886919078801799,3.7182458428545346,394,Terra Blender
CLO-BEA-1776,BeautyGlow Ultra Hat System 955,Clothing,Mens Apparel,BeautyGlow,6.81,25.51,2023-11-07,,Taylor Inc,42.81,93x14x9,497,73,3.277522020300934,2.0554049638515943,3.23907053215372,1.918392120161421,6.208592038167039,25.24466636732799,11.67993799600544,502,Aurora Blender
ELE-TEC-1777,TechPro Smart Speaker,Electronics,Laptops,TechPro,42.63,87.94,2022-04-18,,Cook-Oliver,40.72,72x70x25,389,49,4.48796198508255,3.775744987135518,4.476654763752664,3.752558230777119,5.96358191430923,88.1578075170252,53.42029334881493,389,Granite Trail Shoes
BEA-HOM-1778,HomeComfort Pro Product Model 494,Beauty,Fragrances,HomeComfort,18.78,55.65,2023-09-28,,Alexander-Jordan,39.02,29x13x22,216,31,4.036891987474015,2.984671326194566,4.019082077721554,2.932792473780117,5.3752830373030775,55.86563580581515,37.237163662131856,215,Vertex Wireless Earbuds
BEA-KIT-1779,KitchenMaster Pro Product,Beauty,Hair Care,KitchenMaster,35.11,58.32,2022-04-23,,"Mccann, Taylor and Flores",44.72,28x39x6,243,94,4.082946517269732,3.5865698352893665,4.065945087700403,3.558485990180341,5.493065558558419,58.45832468022759,28.257393180028604,244,Harbor Action Camera
BOO-AUT-1780,AutoCare Ultra Item,Books,Children Books,AutoCare,23.57,38.33,2023-03-18,,"Harris, Edwards and Oconnell",19.91,60x70x26,27,66,3.671987586443718,3.201526186533088,3.6462328793924637,3.1599747169480397,3.295873902355512,38.520069475577756,23.86250334533975,23,Harbor Portable Speaker 2022
HOM-STY-1781,StyleMax Premium Pot,Home & Garden,Bedding,StyleMax,6.04,17.46,2022-07-18,,Carter-Neal,20.19,81x40x38,311,73,2.9156062290747062,1.951608170169951,2.859912550411456,1.7984040119467235,5.739796127608148,17.501869954480647,12.717263377337634,310,Lumen Classic Portable Speaker
BOO-STY-1782,StyleMax Premium Accessory Series 324,Books,Children Books,StyleMax,28.28,47.31,2022-02-06,,Faulkner-Casey,12.01,73x17x22,115,89,3.8776385785663154,3.3769046890931107,3.8567216896430567,3.342154841028372,4.744940823977617,47.066763077728815,21.557066615657696,119,Canyon Wireless Earbuds
BEA-SMA-1783,SmartLife Classic Item Set 808,Beauty,Fragrances,SmartLife,34.8,66.2,2022-07-30,,Bennett-Velasquez,10.26,86x41x50,305,46,4.207673247529104,3.5779478934066544,4.192680462942962,3.5496173867804286,5.720315055290561,66.04878207363384,29.52222367175911,302,Lumen Eco Wireless Earbuds 2022
BEA-STY-1784,StyleMax Elite Tool,Beauty,Skincare,StyleMax,33.24,80.88,2024-01-27,,Diaz-Frederick,45.34,35x26x25,348,18,4.405254760793088,3.5333945512735414,4.392966574712216,3.5037539699872475,5.852205353333564,80.56796576246539,49.42652122301039,351,Lumen Smart Thermostat
CLO-AUT-1785,AutoCare Modern Pants,Clothing,Womens Apparel,AutoCare,28.92,96.37,2023-03-15,,Vargas PLC,8.96,38x14x15,347,11,4.578518154990665,3.3985271531062766,4.568194949863196,3.3645333972905638,5.849327661787087,96.77028155010696,74.48603167007178,347,Canyon Ultra Coffee Grinder
BOO-FAS-1786,FashionForward Premium Equipment,Books,Educational,FashionForward,42.54,93.97,2022-02-16,,Maldonado PLC,28.41,42x34x38,257,31,4.553561052254861,3.7736800558064014,4.542975582394973,3.750444809772091,5.549079975938233,94.0517239588708,60.651094225930464,261,Nimbus Portable Speaker 2022
AUT-STY-1787,StyleMax Pro Gear,Automotive,Tools,StyleMax,30.36,60.84,2023-05-18,,Benton Group,49.49,37x89x36,129,56,4.124550404279167,3.445533195482207,4.1082474673910925,3.4131259525274293,4.859820156269611,60.74283438842837,29.07060552130179,126,Lumen Trail Shoes 2024
SPO-AUT-1788,AutoCare Ultra Accessory,Sports,Fitness Equipment,AutoCare,18.86,42.93,2023-11-11,,"Clark, Salinas and Guerra",45.12,81x66x12,138,97,3.782597457987688,2.9887076586170265,3.7595708822364693,2.937043277205311,4.927260931507761,42.89276568757125,18.84237970622877,139,Solstice Smart Thermostat 2025
BOO-HOM-1789,HomeComfort Classic Product,Books,Fiction,HomeComfort,4.5,7.71,2023-05-25,2025-07-04,Fuentes Group,37.08,60x51x18,381,21,2.1644717908644115,1.7047480922384253,2.0425181875752383,1.5040773967762742,5.942801999795172,8.14833767281958,5.855484293021632,379,Aurora Trail Shoes
CLO-STY-1790,StyleMax Ultra Hat,Clothing,Shoes,StyleMax,17.18,65.25,2023-04-06,,"Porter, Schultz and Allen",43.82,27x38x48,178,52,4.193435464866331,2.900322088749333,4.178226046202803,2.8437459165561094,5.181789168253832,64.91028437505376,50.18931701916905,175,Harbor Coffee Grinder
SPO-BEA-1791,BeautyGlow Ultra Product System 818,Sports,Athletic Wear,BeautyGlow,24.21,48.79,2023-09-20,2025-06-26,"Moore, Henderson and Bennett",28.38,49x41x12,496,11,3.9078141606540915,3.2272407411998283,3.8875253738277458,3.1867657709499673,6.206577942851927,48.87450523537646,21.94757646234084,498,Nimbus Trail Shoes
SPO-FAS-1792,FashionForward Elite Tool,Sports,Outdoor Gear,FashionForward,25.65,62.47,2023-11-12,,Ewing-Mendoza,24.39,13x42x5,232,15,4.150567353318379,3.2827891506118534,4.134686441505479,3.2445435716167785,5.446741682001848,62.475770905306774,40.24926722142975,230,Aurora Desk Lamp 2024
CLO-KIT-1793,KitchenMaster Pro Shirt,Clothing,Kids Clothing,KitchenMaster,4.39,8.82,2022-12-27,,Ferguson-Mclean,0.13,37x22x27,449,46,2.2844211223663744,1.6845453849209058,2.1770218700187,1.47932922708708,6.107025114911266,8.929225150725955,5.208377869452976,454,Canyon Classic Portable Speaker
AUT-STY-1794,StyleMax Ultra Product,Automotive,Tools,StyleMax,7.59,13.63,2023-08-23,,"Barnes, Johnson and Schmitt",14.61,9x65x27,127,96,2.683074215032033,2.150598735996164,2.612273245708441,2.0268315914075385,4.84419496044334,13.157747980144425,5.431171990852442,122,Pulse Eco Desk Lamp
BEA-SMA-1795,SmartLife Classic Item,Beauty,Fragrances,SmartLife,51.82,149.27,2023-09-04,,"Woodard, Herrera and Little",28.24,91x46x42,71,97,5.012433676037635,3.9668899068689862,5.005756746645148,3.947776175133964,4.262693961449172,149.63468143076528,115.72358840222411,71,Harbor Action Camera
AUT-BEA-1796,BeautyGlow Elite Equipment,Automotive,Tools,BeautyGlow,19.38,37.83,2022-03-29,,Rodriguez and Sons,46.36,64x74x16,192,65,3.659193143743576,3.0145540277945786,3.6331024386449378,2.96424160646262,5.257500580347552,38.253475916833935,20.68261381965975,196,Granite Ultra Desk Lamp
ELE-OUT-1797,OutdoorAdventure Modern Camera,Electronics,Laptops,OutdoorAdventure,107.93,335.54,2023-12-31,,"Ortega, Jackson and Salazar",17.77,64x58x31,236,13,5.8187170127483006,4.690705474094354,5.8157411743422545,4.681482868837255,5.463836042304768,335.60383051991744,258.5350389445649,241,Vertex Edge Trail Shoes
BOO-SMA-1798,SmartLife Pro Product,Books,Fiction,SmartLife,20.6,40.25,2022-09-06,,"Terrell, Byrd and Ross",18.72,84x74x41,449,47,3.71965111278069,3.0726933146901194,3.6951100038645723,3.0252910757955354,6.107025114911266,40.442717807399355,26.28018067815257,454,Terra Eco Smart Thermostat
ELE-HOM-1799,HomeComfort Classic Camera Set 881,Electronics,Headphones,HomeComfort,56.25,170.14,2023-04-17,,Sheppard-Jordan,4.32,39x88x11,170,86,5.142481934989909,4.047427642434349,5.136621627547738,4.029806041084529,5.135804319385902,170.55404939355373,81.60570925717096,165,Terra Blender
ELE-KIT-1800,KitchenMaster Modern Camera,Electronics,Tablets,KitchenMaster,139.53,263.04,2024-01-29,,Garcia and Sons,25.59,96x11x49,104,76,5.57610060682057,4.9454209891126535,5.572306111867815,4.938279631904115,4.64440051447976,263.24309386162713,164.9510464278215,103,Vertex Smart Thermostat 2025
CLO-FAS-1801,FashionForward Elite Pants,Clothing,Accessories,FashionForward,8.06,26.44,2022-06-08,,"Burgess, Grant and Watts",15.61,5x67x44,352,35,3.3120018028576848,2.203869120054888,3.2748780149834857,2.086913556518537,5.863634016503153,26.099488262055978,10.46921095331702,353,Canyon Flex Blender 2023
ELE-TEC-1802,TechPro Elite Monitor,Electronics,Smartphones,TechPro,60.11,151.93,2022-09-11,,Griffin Group,23.74,69x61x30,28,25,5.029980300360032,4.1126755189068245,5.023419888455675,4.09617621705107,3.3322402238231783,152.0047625929635,87.61194052089071,28,Pulse Water Bottle
HOM-FAS-1803,FashionForward Elite Table,Home & Garden,Garden Tools,FashionForward,13.25,30.74,2023-09-20,,Barton-Chapman,42.98,83x20x32,74,91,3.457577715098263,2.6567569067146595,3.4255647381104497,2.583997552432231,4.304078606626376,30.844580745455197,20.713219816618608,70,Nimbus Action Camera 2024
ELE-HOM-1804,HomeComfort Smart Laptop,Electronics,Laptops,HomeComfort,35.36,98.27,2022-07-25,,"Hernandez, Cuevas and Webb",14.57,90x17x42,252,57,4.59784341060163,3.5934692693092782,4.587718792374336,3.5655812377694427,5.529433055757518,98.19564805787634,69.91092872946281,257,Granite Desk Lamp
BEA-SMA-1805,SmartLife Classic Accessory,Beauty,Hair Care,SmartLife,15.21,33.39,2023-03-12,2024-06-24,Perry-Nixon,22.91,77x54x5,297,48,3.537765824444175,2.785628335747585,3.508256453955563,2.7219531062712017,5.693735505800398,33.621715350912226,22.18333162936218,295,Terra Pro Blender
ELE-KIT-1806,KitchenMaster Modern Phone,Electronics,Gaming,KitchenMaster,68.18,156.58,2022-05-23,,Guerra Ltd,36.18,40x6x15,183,74,5.059933265817542,4.2367118035090225,5.053567061479768,4.222151266709757,5.209491617307365,157.00567967447364,102.20860780038889,188,Canyon Smart Thermostat 2025
AUT-AUT-1807,AutoCare Classic Tool Kit 255,Automotive,Tools,AutoCare,13.05,26.47,2024-01-07,,Bailey LLC,23.03,22x40x47,155,60,3.3130945001071823,2.642622395779755,3.27601201623901,2.5687881337687024,5.0434315685113384,26.88705714264864,20.77064228234064,151,Pulse Max Wireless Earbuds 2023
ELE-FAS-1808,FashionForward Classic Speaker,Electronics,Gaming,FashionForward,191.67,393.4,2023-12-27,,Mueller-Boyd,38.79,72x38x13,357,51,5.97736562272848,5.260978880892669,5.974826905954958,5.255775143282362,5.877738582896164,393.351822583976,256.5323840973668,362,Lumen Lite Action Camera 2025
BOO-KIT-1809,KitchenMaster Classic Item Set 850,Books,Educational,KitchenMaster,8.98,15.61,2022-04-09,,Alvarez-Kim,25.02,91x65x25,389,39,2.8100049236252036,2.300583090323373,2.7479117345273405,2.194999882314108,5.96358191430923,15.23097328492394,9.356456831146843,384,Terra Prime Smart Thermostat
AUT-STY-1810,StyleMax Elite Accessory,Automotive,Tools,StyleMax,16.98,44.71,2023-03-07,,"Chavez, Jones and Williams",3.19,37x19x7,433,19,3.822317092343653,2.8892600290434745,3.800197190245889,2.8320361808832013,6.070740037468645,45.18514437498309,23.085311627922017,430,Nimbus Smart Thermostat 2025
SPO-KIT-1811,KitchenMaster Premium Product,Sports,Team Sports,KitchenMaster,13.52,34.45,2023-01-22,2025-05-03,"Wilson, Sweeney and Wong",28.73,30x30x21,251,66,3.5681232529781366,2.67552700939665,3.539508997459668,2.604170070614818,5.525456923187592,34.78212012471702,18.68871856896142,248,Granite Blender 2022
BEA-SPO-1812,SportElite Smart Accessory Set 641,Beauty,Hair Care,SportElite,73.87,200.4,2022-07-16,2023-02-05,"Marsh, Spears and Yang",31.49,90x17x18,17,27,5.305292980284462,4.315753276242594,5.3003153692107094,4.302306791540646,2.833272165855592,200.03216942757922,103.31536288956443,18,Terra Portable Speaker
ELE-SMA-1813,SmartLife Pro Tablet Kit 845,Electronics,Tablets,SmartLife,66.46,179.38,2023-05-24,,"Thompson, Moore and Castro",10.45,65x69x27,182,89,5.195065736737562,4.2115348296335045,5.189506460689857,4.196600262926448,5.204012181567196,179.79242504496503,143.23244937719411,177,Lumen Wireless Earbuds
BOO-STY-1814,StyleMax Modern Equipment,Books,Non-Fiction,StyleMax,50.84,142.91,2023-08-06,2025-07-15,Hall-Sullivan,14.98,20x68x19,26,86,4.9691881041820825,3.9481620520440193,4.962215061493703,3.928683446321253,3.2581349988203177,143.27249843482087,102.14369788157114,29,Pulse Coffee Grinder
BOO-TEC-1815,TechPro Smart Gear,Books,Educational,TechPro,5.28,9.9,2023-12-22,,Lopez Ltd,43.63,25x41x9,273,83,2.388762789235098,1.8373699804801074,2.2925347571405443,1.6639260977181702,5.6094754581819135,9.918461295983551,5.309613034925084,278,Canyon Coffee Grinder
CLO-KIT-1816,KitchenMaster Ultra Jacket,Clothing,Accessories,KitchenMaster,15.08,46.64,2022-04-24,,Foster-Mclaughlin,46.85,38x88x6,16,53,3.8636727444870993,2.77757626375082,3.842458542042237,2.71336936257981,2.7726512202867375,46.72944992703003,28.33693716339587,16,Canyon Coffee Grinder 2023
SPO-SPO-1817,SportElite Advanced Item System 936,Sports,Team Sports,SportElite,44.73,116.34,2024-02-15,,Cole Group,43.93,35x68x9,412,82,4.765075703497714,3.822754537669964,4.756516938482616,3.8006444174447567,6.021025776531046,116.24102264979273,92.74576058162886,410,Aurora Max Coffee Grinder
BOO-AUT-1818,AutoCare Pro Equipment,Books,Fiction,AutoCare,21.63,52.31,2022-03-24,,Smith-Lewis,23.99,21x39x7,53,14,3.9761239308346696,3.119276459645446,3.95718755738252,3.0740812399649675,3.970310781298653,51.873666406045594,24.806098442052765,50,Pulse Pro Trail Shoes
SPO-AUT-1819,AutoCare Classic Equipment,Sports,Outdoor Gear,AutoCare,52.4,145.4,2022-08-22,2023-04-15,Goodwin-Stokes,1.42,30x73x43,440,58,4.986342601527212,3.977810745966149,4.979488565099419,3.9589065913269965,6.086776999636997,145.23849329681298,71.29411542543377,437,Granite Lite Trail Shoes 2025
BEA-OUT-1820,OutdoorAdventure Modern Item,Beauty,Skincare,OutdoorAdventure,12.61,26.05,2022-05-09,,Ray PLC,21.4,22x19x33,60,88,3.2976870052924907,2.6108048166633746,3.260017768199376,2.534490149976828,4.09436122874988,26.346796379626053,15.297801896470304,56,Solstice Smart Thermostat 2024
HOM-SPO-1821,SportElite Advanced Vase,Home & Garden,Bedding,SportElite,71.41,132.62,2022-04-05,,Diaz and Sons,11.43,100x73x41,23,11,4.894999950497331,4.28234441140073,4.887487895940722,4.268437915561019,3.135537693244867,132.13453938254452,102.19479113112372,19,Nimbus Edge Action Camera 2025
AUT-TEC-1822,TechPro Pro Item Collection 389,Automotive,Tools,TechPro,159.02,248.95,2022-12-25,,Wilson-Lambert,44.53,42x21x43,203,71,5.521260897859579,5.075298807421978,5.5172520730881915,5.069029980473338,5.313210905138028,248.78682918825731,122.74992387128918,207,Canyon Portable Speaker 2025
BEA-STY-1823,StyleMax Pro Gear,Beauty,Skincare,StyleMax,14.49,26.21,2023-12-24,,Rose-Fowler,17.91,33x61x50,154,56,3.303584552795155,2.740194654428777,3.266141017335315,2.673458756332591,5.03695909589904,26.110205319719125,14.791811606344982,153,Aurora Water Bottle
AUT-SPO-1824,SportElite Ultra Gear,Automotive,Car Care,SportElite,13.45,30.33,2022-02-25,,"Price, Long and Wilson",20.6,84x67x22,40,36,3.4445761049641,2.670694414558441,3.41213732170049,2.598979106047848,3.6889044538014413,30.366647690879162,14.795116898813863,43,Granite Select Portable Speaker
CLO-SPO-1825,SportElite Ultra Hat,Clothing,Accessories,SportElite,38.97,87.5,2024-01-13,,Bruce-Williamson,7.18,35x94x33,332,68,4.483002552013883,3.688129172723232,4.471638793363569,3.662792119350618,5.805137980960145,87.91145850408451,43.89429699223671,328,Vertex Pro Portable Speaker 2024
ELE-FAS-1826,FashionForward Premium Tablet Edition 407,Electronics,Smartphones,FashionForward,264.96,783.76,2022-03-28,2024-06-09,"Mccarthy, Evans and Mendez",19.26,7x53x29,227,15,6.665377938552628,5.583345921534254,6.664102851036387,5.579578871196895,5.424954422758043,783.6094190744786,375.1915404105895,223,Lumen Edge Action Camera
CLO-SMA-1827,SmartLife Elite Hat,Clothing,Womens Apparel,SmartLife,8.02,16.87,2022-11-09,2024-04-28,Powers LLC,46.87,82x48x21,414,85,2.8831233291713367,2.199444334074532,2.825536896557877,2.081938421878423,6.025868389281334,16.720014137858303,9.911570432762655,414,Solstice Flex Yoga Mat
CLO-AUT-1828,AutoCare Classic Jacket,Clothing,Mens Apparel,AutoCare,8.7,33.57,2024-02-10,2024-11-27,Allen Inc,27.71,97x91x23,439,78,3.5429862539335333,2.272125885509337,3.5136328109919437,2.163323025660538,6.0845016909769045,33.80275122314755,25.14485906691667,443,Canyon Edge Desk Lamp
SPO-KIT-1829,KitchenMaster Ultra Product,Sports,Athletic Wear,KitchenMaster,15.59,34.31,2022-09-01,2023-03-15,Brooks and Sons,14.11,92x40x10,127,79,3.564166209940295,2.808800104202353,3.5354368568703585,2.7466296830696852,4.84419496044334,34.263173582072014,18.21214486113235,123,Lumen Yoga Mat
HOM-KIT-1830,KitchenMaster Classic Chair,Home & Garden,Bedding,KitchenMaster,5.99,12.23,2023-11-07,,"Price, Carlson and Andrews",32.69,82x6x12,157,82,2.5824869781268642,1.9444805562457188,2.503891949699081,1.7900914121273581,5.056252174754775,11.960112726481183,6.599715615965738,155,Pulse Water Bottle 2024
BEA-BEA-1831,BeautyGlow Elite Equipment,Beauty,Hair Care,BeautyGlow,8.79,18.98,2023-04-23,2024-10-21,Lopez-Reid,24.06,76x32x31,29,84,2.9947317732204075,2.281361456542419,2.9433857931817817,2.1736147116970854,3.367330312150578,18.93339072581004,9.525364736360775,29,Pulse Desk Lamp
ELE-KIT-1832,KitchenMaster Advanced Phone,Electronics,Tablets,KitchenMaster,20.0,43.23,2022-10-10,,"Ellison, Arias and Thompson",24.8,34x85x16,75,89,3.789403291880235,3.044522437723423,3.7665346986795405,2.995732273553991,4.3175014467807555,42.8780398799722,31.388766083060467,74,Vertex Water Bottle
BEA-SPO-1833,SportElite Pro Accessory Kit 618,Beauty,Skincare,SportElite,10.06,28.09,2023-08-17,,Burns and Sons,27.72,34x12x50,132,42,3.3703944725071104,2.4033349960941885,3.335413641116152,2.3085671646715933,4.88280949831525,27.7728592467761,20.052279884043774,127,Nimbus Coffee Grinder
ELE-AUT-1834,AutoCare Premium Monitor Series 179,Electronics,Gaming,AutoCare,52.74,132.35,2022-04-26,,Edwards Group,11.93,46x78x28,424,97,4.892977250628023,3.984157603187345,4.88544992867311,3.965374180925141,6.049735813719742,132.3484004172847,58.74101020570583,424,Granite Eco Water Bottle
SPO-SMA-1835,SmartLife Ultra Product System 907,Sports,Fitness Equipment,SmartLife,24.8,50.6,2023-02-22,,"Brown, Howard and Smith",18.8,42x84x6,82,57,3.9435216724875173,3.250374491927572,3.92395157629342,3.2108436531709366,4.406731442311845,50.52054694051446,25.260722123994952,77,Lumen Pro Trail Shoes 2022
ELE-HOM-1836,HomeComfort Premium Phone,Electronics,Tablets,HomeComfort,257.37,754.4,2023-06-08,,Lee Group,37.13,79x96x27,481,37,6.627247410278357,5.554392666097221,6.625922731319248,5.550514738252984,6.175869349105679,754.8065489830467,329.6305146888459,478,Solstice Yoga Mat 2024
SPO-HOM-1837,HomeComfort Classic Accessory Series 329,Sports,Fitness Equipment,HomeComfort,8.18,19.2,2023-08-12,,"Wagner, Simpson and Cohen",36.72,73x98x12,433,77,3.005682604407159,2.217027204632399,2.954910279033736,2.1016921506146558,6.070740037468645,19.0651460211343,9.466109462322658,437,Harbor Desk Lamp
AUT-KIT-1838,KitchenMaster Modern Accessory,Automotive,Car Parts,KitchenMaster,48.71,105.29,2022-10-03,,Mckinney-Wallace,28.8,36x47x20,409,56,4.66617120754549,3.906206120106581,4.656718447868668,3.8858843478184513,6.0137176010275875,105.36897658327248,59.12652388523037,408,Harbor Wireless Earbuds 2025
CLO-AUT-1839,AutoCare Pro Hat Kit 519,Clothing,Shoes,AutoCare,10.27,27.96,2022-12-27,,Miller Inc,3.91,51x88x35,309,39,3.365915567517516,2.422144328051685,3.3307749173656096,2.329227023940467,5.733344513138463,28.08961900216114,15.121959457747378,313,Nimbus Portable Speaker
SPO-SPO-1840,SportElite Elite Tool Edition 790,Sports,Athletic Wear,SportElite,19.21,45.67,2022-05-22,,Carter LLC,39.81,48x45x12,41,62,3.8431015599617244,3.0061775314155295,3.821441627196908,2.955430976780465,3.713596456650773,45.19283256745657,20.0813822948968,40,Solstice Select Water Bottle
SPO-KIT-1841,KitchenMaster Modern Accessory,Sports,Outdoor Gear,KitchenMaster,36.87,66.26,2022-07-04,,Medina and Sons,0.87,20x58x21,391,80,4.208565706312124,3.634159241913703,4.1935863968717495,3.607398212246053,5.968710117526852,66.42026662457639,37.758413716145576,395,Harbor Blender
BEA-STY-1842,StyleMax Elite Item,Beauty,Fragrances,StyleMax,7.31,11.23,2022-06-20,,Cunningham-Barton,6.71,72x54x32,181,26,2.503891949699081,2.1174596088673567,2.418588768750352,1.9892432737616872,5.198502556112442,10.914475247532357,5.97069241557133,181,Pulse Max Water Bottle 2025
SPO-BEA-1843,BeautyGlow Pro Gear,Sports,Outdoor Gear,BeautyGlow,28.34,80.69,2023-08-29,,Dunn-Wilson,5.48,97x10x9,378,55,4.4029315953537775,3.3789517727148355,4.390614651860415,3.3442742342625342,5.934896841118734,81.14184891112006,59.83475510966709,382,Solstice Coffee Grinder
SPO-FAS-1844,FashionForward Classic Gear,Sports,Athletic Wear,FashionForward,23.33,59.5,2024-01-22,,Adams PLC,38.32,70x15x14,458,10,4.102643365036796,3.1917101567954314,4.085976312551584,3.1497400860333387,6.126871367517915,59.15568947319805,36.11049696577952,460,Terra Wireless Earbuds
BOO-FAS-1845,FashionForward Classic Gear,Books,Educational,FashionForward,31.29,70.8,2023-08-26,,Weaver-Sherman,38.67,34x43x36,174,16,4.273884476054178,3.4747575847701837,4.259859000699674,3.443298557680791,5.159061046324451,70.71633164125248,36.308675010576216,173,Harbor Classic Smart Thermostat 2023
BOO-BEA-1846,BeautyGlow Advanced Equipment,Books,Children Books,BeautyGlow,26.06,46.06,2022-05-27,2023-06-26,"Alexander, Robinson and Coleman",21.58,40x78x44,160,22,3.8514233832992164,3.2980566227426418,3.8299448943925394,3.260401571696699,5.075180065214296,45.65364267471708,31.575105686070057,165,Lumen Eco Trail Shoes 2024
HOM-HOM-1847,HomeComfort Pro Lamp Edition 329,Home & Garden,Bedding,HomeComfort,183.05,517.68,2022-10-23,,"Greer, Potter and Evans",13.05,82x18x19,341,45,6.251287122680683,5.21520745982503,6.2493572907490105,5.209759339566245,5.831885409830536,518.1669367668089,372.61297774517533,336,Vertex Desk Lamp 2024
CLO-SPO-1848,SportElite Elite Shirt,Clothing,Mens Apparel,SportElite,7.31,15.21,2023-07-07,,Cole LLC,9.84,67x8x28,104,46,2.785628335747585,2.1174596088673567,2.7219531062712017,1.9892432737616872,4.64440051447976,15.21215111012462,10.260128556452532,103,Canyon Flex Desk Lamp
BOO-FAS-1849,FashionForward Elite Equipment Series 833,Books,Children Books,FashionForward,12.45,31.88,2022-05-03,,Gonzales Inc,21.67,38x16x13,142,95,3.492864570187979,2.598979106047848,3.461978853922014,2.5217206229107165,4.9558340998299855,31.973477316973643,22.490135913113413,139,Terra Edge Yoga Mat
ELE-STY-1850,StyleMax Smart Camera Collection 619,Electronics,Tablets,StyleMax,29.28,66.45,2023-04-10,,Clark Ltd,25.69,14x95x49,161,14,4.211386582653765,3.410487428569248,4.196449785159254,3.3769046890931107,5.081410576145298,66.02573494784066,47.1446820343099,159,Nimbus Coffee Grinder
SPO-OUT-1851,OutdoorAdventure Advanced Product,Sports,Fitness Equipment,OutdoorAdventure,12.18,30.36,2023-10-04,2026-01-10,"Norris, Callahan and Bishop",31.4,36x22x42,192,38,3.445533195482207,2.578700529074361,3.4131259525274293,2.4997952622817508,5.257500580347552,30.604961260991193,19.282951573722052,194,Lumen Trail Shoes 2025
BEA-BEA-1852,BeautyGlow Modern Product,Beauty,Makeup,BeautyGlow,11.32,20.15,2023-05-24,,Martin-Taylor,10.01,16x71x18,1,65,3.051639905492287,2.511223958105374,3.0032042883926917,2.4265710727750367,0.0009995003330834232,19.865707481233674,8.678624242183664,2,Nimbus Lite Coffee Grinder
ELE-OUT-1853,OutdoorAdventure Smart Camera Edition 804,Electronics,Headphones,OutdoorAdventure,179.29,388.76,2023-01-25,,Li Inc,11.81,49x66x38,336,33,5.965531165081478,5.194566665554109,5.96296218663527,5.189004606607336,5.817114136149251,389.15009320365186,232.3911510476483,341,Pulse Edge Coffee Grinder
HOM-BEA-1854,BeautyGlow Modern Vase,Home & Garden,Kitchen,BeautyGlow,72.13,150.63,2023-01-01,,"Bell, Campbell and Ryan",14.84,33x19x23,214,67,5.021443342812848,4.2922386792828595,5.014826498714724,4.278470046515581,5.36598068790813,150.34103684767237,108.97197151950385,213,Lumen Flex Blender
HOM-SMA-1855,SmartLife Pro Table,Home & Garden,Kitchen,SmartLife,12.02,23.77,2022-04-27,,Werner-Carter,19.96,21x66x36,307,62,3.209633243501268,2.5664866367804233,3.1684242813721024,2.4865719291070616,5.726851004910882,23.466873966250393,18.05098538726717,303,Terra Ultra Portable Speaker
BEA-TEC-1856,TechPro Ultra Gear,Beauty,Makeup,TechPro,9.5,26.92,2023-02-23,2024-07-17,"Adams, Hodge and Duke",13.15,45x57x30,414,66,3.329343277894172,2.3513752571634776,3.2928695047765273,2.2512917986064953,6.025868389281334,26.465818674491135,13.802918017051685,414,Pulse Action Camera
SPO-BEA-1857,BeautyGlow Premium Gear,Sports,Athletic Wear,BeautyGlow,30.7,56.13,2023-10-14,,"Ochoa, Taylor and Brady",15.49,57x33x41,448,31,4.045329372736371,3.456316680883235,4.027670428954108,3.4242626545931514,6.104795464555351,56.1026256062078,36.2916941794888,453,Granite Yoga Mat 2024
BOO-STY-1858,StyleMax Advanced Product,Books,Non-Fiction,StyleMax,12.22,18.69,2024-01-10,2025-07-31,Sellers-Riddle,4.6,95x47x27,392,80,2.9801108926510342,2.5817308344235403,2.9279886214674717,2.503073953743449,5.971264390807617,18.753544310597366,8.837938219434408,392,Lumen Ultra Water Bottle 2023
ELE-TEC-1859,TechPro Smart Tablet,Electronics,Gaming,TechPro,102.82,326.88,2023-07-03,,"Martinez, Cline and Wright",35.92,42x25x28,169,62,5.79264768778483,4.642658630399083,5.789593131069312,4.632979886627359,5.1299046320653305,326.45439446663977,175.0434401249715,173,Pulse Classic Water Bottle 2022
CLO-SPO-1860,SportElite Premium Shirt,Clothing,Accessories,SportElite,14.33,50.3,2023-06-24,2025-01-31,"Morris, Wright and Bridges",39.59,10x25x23,154,13,3.937690752176724,2.7298116928837226,3.9180050771056933,2.6623552418400807,5.03695909589904,50.57001706436111,24.349636154997434,158,Nimbus Wireless Earbuds
CLO-TEC-1861,TechPro Ultra Hat Set 486,Clothing,Womens Apparel,TechPro,3.62,12.0,2022-05-15,,Burns-Ray,43.84,15x14x9,258,100,2.5649493574615367,1.5303947050936475,2.4849066497880004,1.2864740258376797,5.552963460883098,11.954223058053067,8.263017000457562,263,Granite Eco Trail Shoes
AUT-TEC-1862,TechPro Premium Accessory,Automotive,Accessories,TechPro,80.86,194.66,2022-06-05,2024-07-26,Burton-Brooks,39.65,29x82x24,401,51,5.276378459029282,4.405010471064257,5.2712544469983476,4.392719264212625,5.993963921069046,194.68390246394102,101.83066719897364,401,Nimbus Flex Desk Lamp 2022
SPO-BEA-1863,BeautyGlow Ultra Equipment Model 771,Sports,Fitness Equipment,BeautyGlow,101.12,239.07,2023-01-21,,Schultz Inc,4.74,57x76x22,247,46,5.480930547482204,4.6261485923732835,5.476756396077766,4.6163079303985475,5.509392385202777,239.01194749199945,165.96397030550025,250,Aurora Desk Lamp
BEA-SMA-1864,SmartLife Premium Equipment,Beauty,Makeup,SmartLife,11.57,33.87,2024-02-21,,Robertson-Ramirez,5.5,33x78x6,203,39,3.5516268606875596,2.531313022602156,3.5225296668296804,2.448415541205585,5.313210905138028,33.772747799657814,14.332229070493112,208,Terra Wireless Earbuds
SPO-FAS-1865,FashionForward Pro Accessory,Sports,Team Sports,FashionForward,14.17,24.31,2023-10-08,,Gibson-Freeman,4.86,26x31x36,303,41,3.2311995745570328,2.719319793360441,3.1908877883280318,2.6511270537025893,5.713736105833956,24.368447524682054,13.291776705504333,305,Canyon Ultra Action Camera
ELE-SMA-1866,SmartLife Modern Monitor,Electronics,Laptops,SmartLife,72.67,188.44,2022-08-27,2024-07-12,"Smith, Schroeder and Oconnor",12.68,44x99x26,427,29,5.244072351695641,4.299595660694722,5.23877965383184,4.2859286446285445,6.056786355146257,188.1021354410121,126.06516331729415,429,Nimbus Edge Water Bottle 2022
ELE-KIT-1867,KitchenMaster Classic Phone Collection 873,Electronics,Tablets,KitchenMaster,76.28,197.37,2023-05-16,,"Stanton, Reid and Terry",15.72,88x35x25,236,100,5.2901339737400175,4.347435189904263,5.285080139766016,4.3344107807322185,5.463836042304768,197.05828956788537,136.40281301368003,231,Nimbus Coffee Grinder 2024
SPO-STY-1868,StyleMax Classic Accessory Collection 875,Sports,Fitness Equipment,StyleMax,36.33,55.24,2023-06-17,,Flynn Group,8.39,61x19x7,453,64,4.029628247502409,3.6197972929264925,4.0116873285410914,3.5926438462331105,6.115894332986116,55.59454990859325,40.2298489018175,452,Terra Prime Trail Shoes
SPO-OUT-1869,OutdoorAdventure Modern Product,Sports,Outdoor Gear,OutdoorAdventure,122.63,284.58,2023-02-13,2023-12-10,Donaldson and Sons,21.83,42x97x48,138,76,5.654522200002149,4.817293234018836,5.651014409117545,4.809171691773934,4.927260931507761,285.01719315289097,148.81990798114356,139,Aurora Lite Smart Thermostat 2025
HOM-AUT-1870,AutoCare Elite Table Kit 309,Home & Garden,Home Decor,AutoCare,17.13,46.32,2024-01-02,,Adams-Clayton,30.27,65x64x18,479,52,3.856933039110186,2.8975680247667595,3.83557383326474,2.8408313123360287,6.171702685091408,46.195843129954156,32.915173644713725,479,Lumen Yoga Mat 2024
BEA-HOM-1871,HomeComfort Modern Item,Beauty,Makeup,HomeComfort,9.79,17.32,2023-04-27,2023-10-29,Kelley-Anderson,15.66,29x30x49,48,78,2.9079933592459843,2.378619779270043,2.851861903134289,2.281361456542419,3.8712218440242134,17.095329779680682,9.605501563763996,47,Aurora Water Bottle 2022
SPO-STY-1872,StyleMax Premium Tool,Sports,Team Sports,StyleMax,5.8,10.07,2022-12-25,,Kramer-Shannon,44.18,49x85x5,475,34,2.4042387467205457,1.916922612182061,2.309560706730471,1.7578579175523736,6.163316909295583,10.211119552374235,7.088007682827149,477,Aurora Portable Speaker
HOM-SMA-1873,SmartLife Ultra Lamp,Home & Garden,Bedding,SmartLife,10.4,21.9,2022-09-18,,Williams Ltd,32.12,30x14x42,78,23,3.131136910560194,2.4336133554004498,3.086486636822455,2.341805806147327,4.356721647120231,21.810559487676134,11.67328237037256,75,Nimbus Flex Yoga Mat 2023
BEA-BEA-1874,BeautyGlow Elite Gear,Beauty,Makeup,BeautyGlow,19.5,32.95,2023-06-19,,Smith-Noble,38.33,47x78x42,309,45,3.5248888540047054,3.0204248861443626,3.4949912609485163,2.970414465569701,5.733344513138463,32.48487862854714,15.398615634349488,309,Vertex Max Desk Lamp 2023
AUT-SPO-1875,SportElite Elite Item,Automotive,Accessories,SportElite,101.0,301.34,2022-04-04,,Alexander Inc,30.78,23x26x35,447,10,5.711552211920561,4.624972813284271,5.708239195373142,4.61512051684126,6.102560831747532,301.0030295454188,147.12724153659437,446,Terra Blender
HOM-TEC-1876,TechPro Elite Tool,Home & Garden,Furniture,TechPro,12.61,26.95,2023-04-29,,Harris-Barker,25.07,20x35x40,201,58,3.3304171996011083,2.6108048166633746,3.2939832973550063,2.534490149976828,5.303309883171078,27.161652784270448,13.46293035893958,203,Lumen Smart Thermostat 2022
AUT-FAS-1877,FashionForward Advanced Gear,Automotive,Accessories,FashionForward,24.57,48.53,2022-03-22,,Khan LLC,42.13,26x86x22,364,28,3.9025785466001466,3.2414197893030954,3.882182163417125,3.201526186533088,5.897156614885714,48.68574546307195,35.292834265958156,362,Harbor Edge Trail Shoes
AUT-OUT-1878,OutdoorAdventure Modern Equipment,Automotive,Accessories,OutdoorAdventure,19.79,37.12,2022-05-04,,Baxter LLC,21.83,49x27x6,443,56,3.6407390787860012,3.0344721018699214,3.6141559079179997,2.9851767596144745,6.093572027378931,36.656554072653414,28.029288222784086,445,Pulse Lite Coffee Grinder 2022
AUT-AUT-1879,AutoCare Classic Product,Automotive,Accessories,AutoCare,58.53,164.73,2022-07-15,,Pena LLC,9.03,100x6x17,226,56,5.110359958135453,4.086480387165299,5.104307769958891,4.069539443303129,5.420539424041258,164.45753271869427,85.58706624309252,230,Solstice Flex Coffee Grinder
BOO-TEC-1880,TechPro Ultra Gear Model 359,Books,Non-Fiction,TechPro,195.24,440.11,2022-01-14,,Watson Ltd,1.77,40x87x35,203,15,6.089294277450157,5.279338399950234,6.087024695667514,5.274229571018947,5.313210905138028,439.8464533006563,287.0706764122755,199,Harbor Edge Portable Speaker
BEA-BEA-1881,BeautyGlow Premium Tool,Beauty,Hair Care,BeautyGlow,12.46,34.81,2023-04-28,,Williams Ltd,31.65,67x27x35,383,92,3.5782271840103412,2.599722324216582,3.5499047018233476,2.522523513359307,5.948037600143294,34.97845488872676,21.933642720357117,386,Pulse Flex Action Camera 2023
AUT-TEC-1882,TechPro Advanced Item,Automotive,Car Parts,TechPro,12.93,33.23,2023-12-24,,Barber-Fischer,43.56,21x15x31,427,25,3.533102452542094,2.6340447877917144,3.503453082366503,2.559550192783766,6.056786355146257,32.759316326999276,25.799283867952322,430,Granite Yoga Mat 2024
ELE-TEC-1883,TechPro Advanced Phone,Electronics,Headphones,TechPro,155.11,339.46,2022-07-18,,Rios-Padilla,36.9,47x91x25,459,100,5.830297644386424,5.050560886968575,5.827356119733385,5.04413454263666,6.129052388707409,339.07202641034485,236.05157606263867,463,Canyon Max Smart Thermostat
CLO-AUT-1884,AutoCare Premium Hat,Clothing,Accessories,AutoCare,21.02,77.26,2023-11-17,2024-11-28,Lewis Inc,41.27,69x23x22,42,32,4.360036616782266,3.091951131294534,4.347176357238135,3.045474365448805,3.7376934275237357,77.55391776366574,60.99843938827012,46,Nimbus Desk Lamp 2024
SPO-BEA-1885,BeautyGlow Smart Accessory,Sports,Fitness Equipment,BeautyGlow,105.85,186.24,2024-02-04,,Wheeler PLC,47.06,44x40x40,179,25,5.2323912164318696,4.671425981765156,5.227036164543073,4.662022997580874,5.187391392417329,185.92497376881326,83.35494233153031,179,Vertex Classic Water Bottle
HOM-KIT-1886,KitchenMaster Pro Tool,Home & Garden,Garden Tools,KitchenMaster,33.97,55.45,2022-04-03,,"Wallace, Smith and Cooper",4.41,45x80x45,494,12,4.033355290595671,3.5544905510752844,4.015481713796376,3.5254777821724925,6.202537541477372,55.59969118569484,39.06664077952679,492,Aurora Water Bottle
AUT-TEC-1887,TechPro Smart Accessory,Automotive,Tools,TechPro,14.54,23.58,2024-01-12,,Mcneil Group,15.46,92x87x17,382,26,3.201933104137889,2.7434173449395014,3.160398895109225,2.6769034721053733,5.945423226404196,23.32341912542579,13.459131940288724,380,Terra Action Camera 2022
HOM-SMA-1888,SmartLife Ultra Table System 423,Home & Garden,Furniture,SmartLife,34.18,72.49,2022-07-12,,"Anderson, Jones and Reyes",10.04,42x38x49,225,43,4.29714934254078,3.560477739309412,4.283448621312786,3.5316406776874447,5.416104846638988,72.09745256490416,56.55383816297211,225,Lumen Yoga Mat
ELE-AUT-1889,AutoCare Advanced Tablet,Electronics,Headphones,AutoCare,165.46,418.98,2023-10-09,,"Shaffer, Garcia and Richardson",8.61,79x54x14,275,82,6.040207091095972,5.114755040317949,6.0378231860859986,5.108729473762037,5.616774734023596,418.7283087471795,223.29149485618885,274,Canyon Lite Desk Lamp
CLO-AUT-1890,AutoCare Ultra Pants,Clothing,Shoes,AutoCare,23.49,92.46,2023-07-19,,Taylor-Ayala,39.74,16x70x18,132,37,4.53753353727228,3.1982648709640764,4.526776118560079,3.1565747986708215,4.88280949831525,92.67782159321854,62.167268986763304,132,Terra Select Yoga Mat
SPO-TEC-1891,TechPro Pro Tool,Sports,Team Sports,TechPro,31.71,56.43,2022-05-24,,May Ltd,16.22,77x53x47,301,14,4.0505668148762055,3.4876808415502927,4.033000931981049,3.456632088550256,5.707113587002493,56.77858253874416,25.02983456307618,302,Granite Coffee Grinder
HOM-AUT-1892,AutoCare Premium Table,Home & Garden,Furniture,AutoCare,52.46,105.02,2023-10-26,,Jones PLC,9.44,50x44x15,239,79,4.66362775555966,3.978933710710773,4.654150808209713,3.9600509744387278,5.476467736023176,105.34361546727565,46.85185997999639,240,Terra Desk Lamp 2023
CLO-FAS-1893,FashionForward Modern Shoes,Clothing,Mens Apparel,FashionForward,31.04,89.1,2023-02-13,,Bishop and Sons,12.26,97x52x43,172,71,4.500920164614292,3.4669851222001586,4.489759334476764,3.435276695315018,5.147500290750041,88.99923985902608,59.61914478023362,175,Vertex Portable Speaker
BEA-BEA-1894,BeautyGlow Premium Product,Beauty,Fragrances,BeautyGlow,69.68,198.68,2023-06-04,2025-02-09,Bell-Lewis,38.73,78x56x42,14,30,5.296716085181063,4.2581626474514955,5.2916954902391495,4.243913332544247,2.639128755635788,198.84472343383925,87.41525069576133,16,Vertex Smart Thermostat 2025
BOO-BEA-1895,BeautyGlow Smart Tool,Books,Non-Fiction,BeautyGlow,36.01,61.03,2022-12-08,,"Hernandez, Jenkins and Parks",2.78,16x44x14,410,54,4.127618138985026,3.6111881463980646,4.111365546556404,3.583796677660784,6.016159598719769,60.7408846095075,24.3897083680601,410,Solstice Lite Trail Shoes 2023
SPO-HOM-1896,HomeComfort Modern Item,Sports,Athletic Wear,HomeComfort,17.28,31.12,2022-06-26,,Miller Inc,4.11,35x31x32,46,41,3.469478889078561,2.905807566026004,3.4378506993101907,2.8495497633759097,3.828663135383238,30.917284775655794,14.525983362121776,46,Lumen Prime Coffee Grinder
CLO-AUT-1897,AutoCare Premium Jacket Series 582,Clothing,Accessories,AutoCare,13.7,42.46,2023-02-08,,Goodwin PLC,45.65,90x53x34,361,41,3.7718409748282835,2.6878474937846906,3.74856245627511,2.617395832834079,5.888880728412147,42.8484091021507,19.79817002279997,360,Aurora Select Coffee Grinder
AUT-SMA-1898,SmartLife Elite Gear,Automotive,Car Parts,SmartLife,59.49,101.16,2024-03-02,,"Cruz, Richmond and Edwards",14.23,91x98x32,305,60,4.626540211724284,4.102478062118823,4.616703421801764,4.085808231199814,5.720315055290561,100.68274188504051,70.51784058611574,300,Harbor Yoga Mat
BOO-AUT-1899,AutoCare Modern Accessory,Books,Fiction,AutoCare,9.63,22.91,2022-08-16,,Wright Ltd,8.99,35x52x28,174,74,3.1742967814702334,2.363680192353857,3.1315734964654043,2.2648832258100344,5.159061046324451,22.50379836023738,12.811840889085849,177,Granite Classic Action Camera
AUT-KIT-1900,KitchenMaster Classic Item,Automotive,Car Parts,KitchenMaster,27.99,47.78,2022-07-12,2023-11-13,Wright PLC,21.83,48x54x46,92,64,3.887320392787774,3.3669509429335642,3.8666071418976635,3.331847303527362,4.5217994465551845,47.49372853004311,36.71728917603205,95,Granite Wireless Earbuds
CLO-BEA-1901,BeautyGlow Classic Hat,Clothing,Kids Clothing,BeautyGlow,8.89,18.41,2023-03-08,,"Griffith, Mitchell and Pugh",19.97,71x18x34,412,20,2.9657883971809187,2.2915241456346207,2.9128939952449864,2.1849270495258133,6.021025776531046,17.946001559796343,13.67544227093534,415,Pulse Smart Thermostat
HOM-SMA-1902,SmartLife Premium Table,Home & Garden,Furniture,SmartLife,20.61,48.69,2023-01-29,,Abbott Ltd,0.68,88x90x30,216,16,3.905803705614229,3.0731561705187946,3.8854736701946093,3.0257763949023677,5.3752830373030775,48.377806726388,19.37255189096504,221,Aurora Water Bottle
HOM-BEA-1903,BeautyGlow Pro Tool,Home & Garden,Garden Tools,BeautyGlow,63.47,181.68,2023-05-30,,Harris-Lawson,23.73,47x73x28,57,32,5.207735988316799,4.1661999993225285,5.202246897797303,4.150567353318379,4.043068811540308,181.7613807297503,121.6609441933271,59,Solstice Trail Shoes 2023
SPO-STY-1904,StyleMax Elite Item,Sports,Athletic Wear,StyleMax,23.85,69.21,2023-08-28,,Adkins LLC,25.79,83x98x34,222,16,4.2514907510291575,3.2128577525426376,4.237145360853772,3.1717842173343502,5.402681886366639,69.13299605958065,34.616718670258706,226,Vertex Classic Desk Lamp
SPO-TEC-1905,TechPro Pro Equipment,Sports,Team Sports,TechPro,20.94,32.99,2023-09-06,,"Brown, Hurst and Blevins",12.69,48x91x23,392,13,3.5260663637080247,3.0883114548470845,3.49620448524049,3.041661205442391,5.971264390807617,33.374818276855436,15.930934799460367,389,Granite Coffee Grinder
BOO-HOM-1906,HomeComfort Ultra Gear,Books,Educational,HomeComfort,5.91,12.82,2022-11-01,,Cruz-Allen,29.83,50x98x7,272,60,2.626116818339524,1.9329696377795786,2.551006451492524,1.776645831418007,5.605805742759827,13.131094690503673,5.998161825102289,267,Canyon Pro Smart Thermostat
CLO-STY-1907,StyleMax Pro Pants,Clothing,Womens Apparel,StyleMax,22.13,72.28,2023-03-18,,"Wheeler, Rice and Levine",17.33,63x93x44,124,77,4.294287720365875,3.141130476243348,4.280547465724028,3.0969341540629585,4.820289630088648,72.12498100466392,28.91841600379284,129,Granite Pro Blender
BOO-TEC-1908,TechPro Pro Gear,Books,Children Books,TechPro,35.91,61.76,2024-01-12,,Peck-Anderson,44.11,53x70x10,172,91,4.139317927864832,3.608482517041907,4.123255905716521,3.5810158082379915,5.147500290750041,61.52423496476266,43.27623337096698,174,Vertex Desk Lamp 2023
BEA-SMA-1909,SmartLife Classic Item Kit 363,Beauty,Hair Care,SmartLife,140.74,363.45,2024-01-31,,"Fisher, Payne and Thompson",41.86,60x19x17,292,43,5.898389367828222,4.95399439338211,5.895641735930645,4.946914216538403,5.6767572269199515,363.3320985600039,284.8013786073767,293,Aurora Pro Desk Lamp
HOM-OUT-1910,OutdoorAdventure Smart Pot,Home & Garden,Home Decor,OutdoorAdventure,15.23,31.39,2023-04-30,,Best-Townsend,46.78,40x100x49,398,33,3.477849733183238,2.7868613815264998,3.4464893708538624,2.7232671669070703,5.986454517844095,31.478489043664514,20.00531615731547,397,Granite Portable Speaker
HOM-TEC-1911,TechPro Classic Table,Home & Garden,Home Decor,TechPro,24.46,46.7,2023-02-21,,Matthews Inc,39.12,89x21x22,136,69,3.8649313978942956,3.2371085931292605,3.8437441646748516,3.1970391302590264,4.912662238650196,46.47270236800642,34.76008179328851,140,Harbor Edge Trail Shoes
BOO-STY-1912,StyleMax Smart Product Model 326,Books,Educational,StyleMax,25.14,40.11,2022-10-22,,Lewis-Livingston,30.5,63x80x31,325,86,3.716251400909787,3.2634667081960758,3.6916256797819615,3.2244602031621015,5.7838282592480805,40.23166592969215,31.82444039137608,326,Canyon Eco Desk Lamp
HOM-SMA-1913,SmartLife Modern Tool Model 427,Home & Garden,Home Decor,SmartLife,83.07,167.77,2023-04-01,,Hunter-Fuller,42.73,68x31x39,357,31,5.128536841248393,4.431649785147205,5.122593993782309,4.41968362585098,5.877738582896164,167.68122341914741,109.97025420405154,361,Terra Desk Lamp
BEA-BEA-1914,BeautyGlow Classic Item,Beauty,Fragrances,BeautyGlow,18.43,43.45,2022-03-22,,"Wang, Henderson and Morales",28.11,49x15x18,382,77,3.794364961959914,2.9668182633893485,3.7716108517114013,2.9139797716817317,5.945423226404196,43.50100623723495,21.163443970434567,380,Vertex Coffee Grinder
HOM-BEA-1915,BeautyGlow Advanced Vase,Home & Garden,Bedding,BeautyGlow,25.82,39.87,2023-10-02,,"Herrera, Jensen and Ramirez",31.25,77x60x31,391,12,3.7103962975761857,3.2891478778535324,3.6856241613932634,3.2511493854184965,5.968710117526852,39.80740399855261,22.83064979413162,394,Nimbus Pro Wireless Earbuds 2023
AUT-OUT-1916,OutdoorAdventure Modern Product,Automotive,Car Care,OutdoorAdventure,34.71,80.06,2023-01-23,,Miller-Mccall,42.5,17x55x18,108,24,4.395189621200163,3.575430761606357,4.382776353564427,3.547027829873695,4.682140486340613,79.85857644435109,53.89565917089468,113,Lumen Water Bottle
BOO-HOM-1917,HomeComfort Elite Accessory,Books,Educational,HomeComfort,23.76,55.24,2022-12-27,,Herrera Group,20.97,81x40x25,394,56,4.029628247502409,3.209229447816395,4.0116873285410914,3.168003494494444,5.976353447365779,55.679484240822916,29.9702172394822,398,Terra Edge Trail Shoes
BEA-AUT-1918,AutoCare Classic Product,Beauty,Skincare,AutoCare,13.44,30.14,2023-04-21,,"Walters, Davenport and Becker",46.24,25x27x30,147,10,3.4384931664058525,2.67000213346468,3.4058531931983493,2.5982353350950036,4.990439389476687,30.398333678276565,21.497480516839744,143,Lumen Water Bottle 2023
BOO-FAS-1919,FashionForward Elite Accessory,Books,Educational,FashionForward,23.92,49.63,2023-10-31,,Collins Group,20.97,29x86x6,316,38,3.924544285981818,3.2156706939192525,3.9045954895993495,3.1747149290824312,5.755745378138867,49.277310912251124,39.13837713401614,319,Terra Water Bottle
CLO-KIT-1920,KitchenMaster Pro Shoes,Clothing,Accessories,KitchenMaster,28.76,81.03,2022-01-24,,"Ashley, Allen and Sanchez",12.57,77x85x35,350,21,4.407085034014658,3.393165209964891,4.394819456472634,3.358985532852846,5.857936011622235,81.39109861637995,40.22825415181947,353,Granite Ultra Water Bottle
HOM-KIT-1921,KitchenMaster Classic Tool,Home & Garden,Furniture,KitchenMaster,7.97,14.27,2022-06-15,,Wilson-Salazar,36.18,35x27x35,479,35,2.725890119230541,2.1938856760707046,2.658159431488745,2.075684492802124,6.171702685091408,14.257682574284523,7.848893694669197,478,Granite Wireless Earbuds
HOM-BEA-1922,BeautyGlow Pro Chair Edition 570,Home & Garden,Kitchen,BeautyGlow,22.64,42.28,2023-09-10,,Parker Ltd,12.17,27x64x37,328,24,3.767690634538226,3.1629401925378975,3.7443141610020367,3.119718253334982,5.793016657159984,42.66666118235621,21.123365826683617,333,Granite Coffee Grinder
AUT-HOM-1923,HomeComfort Smart Equipment,Automotive,Car Care,HomeComfort,10.7,17.16,2024-02-06,2026-06-28,"Yang, Wilson and Zimmerman",20.38,71x65x29,36,63,2.8992213731731473,2.4595888418037104,2.8425810940598164,2.3702437414678603,3.5835467158480925,17.45385815082837,13.691239072686255,31,Terra Max Trail Shoes
HOM-STY-1924,StyleMax Premium Vase,Home & Garden,Home Decor,StyleMax,58.88,152.45,2022-10-27,,"Smith, Crawford and Reed",41.43,97x10x28,204,75,5.033374781065745,4.092342559551428,5.026836673434263,4.075501474420621,5.3181248957929865,152.37670923437983,70.87835373776645,205,Solstice Select Trail Shoes
BEA-SMA-1925,SmartLife Pro Item Model 876,Beauty,Fragrances,SmartLife,5.1,13.96,2024-02-11,,"Logan, Le and Jackson",36.13,51x57x47,173,28,2.7053799725463312,1.8082887711792655,2.6361960973342264,1.62924053973028,5.153297374827893,13.492019922153716,7.450152004448577,177,Solstice Blender
CLO-SPO-1926,SportElite Ultra Shirt,Clothing,Shoes,SportElite,7.79,26.39,2023-04-15,,Brady LLC,24.63,36x38x26,151,98,3.3101779832749867,2.1736147116970854,3.2729851505152325,2.052840859882657,5.017286459309552,26.16330381219725,15.03452955892811,155,Terra Ultra Water Bottle
SPO-FAS-1927,FashionForward Ultra Tool Series 879,Sports,Team Sports,FashionForward,28.2,48.23,2023-06-19,,"Tanner, Wise and Johnson",11.13,52x77x28,365,47,3.8965031937701093,3.374168709274236,3.8759812340808804,3.339321977944068,5.899900093304765,48.27080153036765,26.556392924447692,363,Solstice Classic Coffee Grinder 2024
HOM-KIT-1928,KitchenMaster Ultra Vase,Home & Garden,Kitchen,KitchenMaster,82.18,206.28,2022-06-08,,Nelson-Brown,34.78,23x82x23,439,59,5.334070536253854,4.421006934314765,5.329234469182758,4.408911963455264,6.0845016909769045,206.41080865542963,93.75730071844865,442,Harbor Flex Water Bottle
HOM-TEC-1929,TechPro Smart Tool,Home & Garden,Kitchen,TechPro,18.93,44.99,2022-09-23,,"Proctor, Burton and Crawford",25.48,71x56x35,316,31,3.8284239815518326,2.9922261342247034,3.806440242853081,2.9407479652212314,5.755745378138867,44.75272993172454,25.295379559339377,316,Granite Select Wireless Earbuds
HOM-KIT-1930,KitchenMaster Advanced Tool,Home & Garden,Kitchen,KitchenMaster,12.19,34.1,2023-05-12,,"Ward, Porter and Bradley",43.55,66x27x35,459,58,3.55820113047182,2.579458966729223,3.529297384289471,2.5006159434931803,6.129052388707409,33.74656895259137,19.15522234090086,456,Pulse Water Bottle 2024
ELE-STY-1931,StyleMax Advanced Laptop,Electronics,Gaming,StyleMax,358.22,757.3,2022-10-12,,Moore-Ayala,36.47,20x88x17,182,73,6.63107908570689,5.883935014165315,6.629759476119777,5.881147322797113,5.204012181567196,757.6282316320633,305.875986152659,182,Terra Coffee Grinder
SPO-OUT-1932,OutdoorAdventure Smart Accessory Kit 133,Sports,Fitness Equipment,OutdoorAdventure,5.46,11.45,2022-04-12,,"Craig, Wilson and Yang",25.42,39x75x39,433,78,2.5217206229107165,1.8656293177945105,2.4379897300002487,1.6974487897568136,6.070740037468645,11.924714137089481,5.93025494118973,437,Vertex Trail Shoes
AUT-TEC-1933,TechPro Modern Tool,Automotive,Car Parts,TechPro,2.78,5.18,2024-01-28,,Williams Inc,46.82,36x34x49,367,68,1.8213182714695995,1.3297240096314962,1.6448050562713916,1.0224509277025455,5.905364572846498,5.205176378656632,3.243254195501145,367,Vertex Eco Trail Shoes
CLO-KIT-1934,KitchenMaster Ultra Shoes Kit 294,Clothing,Mens Apparel,KitchenMaster,17.32,60.05,2022-03-07,,Williams LLC,6.71,43x12x18,116,41,4.111693200556713,2.9079933592459843,4.095177548525992,2.851861903134289,4.753598811758862,59.72824570013133,30.88196382990406,115,Lumen Portable Speaker
BOO-FAS-1935,FashionForward Pro Tool,Books,Children Books,FashionForward,12.78,20.15,2023-10-12,2025-08-11,Mora-White,5.91,15x65x17,51,79,3.051639905492287,2.6232182655855123,3.0032042883926917,2.5478814489493886,3.9318452403752318,19.92686117998898,12.839032313421624,47,Vertex Action Camera 2022
BOO-KIT-1936,KitchenMaster Modern Gear,Books,Non-Fiction,KitchenMaster,8.01,19.01,2022-04-25,,Tran Ltd,22.19,87x29x42,412,91,2.996232148595642,2.1983350716202463,2.944965156500338,2.080690761080268,6.021025776531046,18.53802286301652,13.13325886789218,416,Vertex Smart Thermostat
BOO-TEC-1937,TechPro Ultra Equipment,Books,Children Books,TechPro,38.0,85.07,2022-06-30,,"Rios, Walker and Wright",24.22,41x87x24,135,78,4.455160918661383,3.6635616461296463,4.443474446987793,3.6375861597263857,4.905282185818402,85.47601283042928,47.97420278965386,139,Nimbus Classic Yoga Mat
CLO-BEA-1938,BeautyGlow Ultra Hat,Clothing,Kids Clothing,BeautyGlow,14.81,58.55,2022-07-06,,"Flores, Mckenzie and Duncan",16.03,70x65x36,83,32,4.0868162958013095,2.7606426512213806,4.069881090043726,2.6953026282797072,4.41885265591679,58.175396061232334,24.941372379095974,79,Granite Action Camera
ELE-BEA-1939,BeautyGlow Pro Speaker,Electronics,Headphones,BeautyGlow,31.06,85.78,2022-07-07,,Shaw Inc,5.52,34x32x24,256,49,4.463376180370204,3.467609147181407,4.451785879088734,3.435920817720541,5.545181350721933,85.85498614600397,36.77548466935024,257,Terra Blender
HOM-FAS-1940,FashionForward Pro Pot,Home & Garden,Home Decor,FashionForward,6.35,15.32,2023-08-08,,Walker PLC,16.26,29x55x15,436,30,2.792391349535961,1.9947003132247452,2.729159164312445,1.8484548129046001,6.077644536924386,15.098574116273463,10.013946420130436,432,Canyon Select Smart Thermostat 2022
BOO-AUT-1941,AutoCare Modern Accessory,Books,Non-Fiction,AutoCare,44.04,93.61,2024-01-14,,Finley Inc,46.65,65x43x28,74,49,4.549763178716353,3.807550983831435,4.539137215383653,3.785098311854479,4.304078606626376,93.66309444246548,55.160913812418976,74,Terra Water Bottle 2023
HOM-AUT-1942,AutoCare Modern Lamp,Home & Garden,Bedding,AutoCare,36.06,75.38,2023-03-04,2024-10-17,Cline-Ayala,2.86,57x50x46,412,27,4.3357208817973705,3.6125382208572137,4.3225419878389895,3.585184217775171,6.021025776531046,75.52839198058483,54.028905942728755,411,Aurora Ultra Coffee Grinder
SPO-TEC-1943,TechPro Smart Product,Sports,Team Sports,TechPro,18.37,34.61,2023-01-18,2024-09-26,Murphy-Tran,39.57,46x76x40,378,35,3.5726264972896864,2.9637254774189046,3.544142657647253,2.9107188992270343,5.934896841118734,34.93314696763306,14.034306424637625,376,Nimbus Yoga Mat
AUT-KIT-1944,KitchenMaster Modern Gear Collection 264,Automotive,Tools,KitchenMaster,105.84,210.44,2023-05-07,,Wood LLC,29.69,10x89x29,352,100,5.353941270296033,4.67133238824176,5.349200576862606,4.6619285198067,5.863634016503153,210.1522928463254,85.6481631206457,353,Granite Action Camera
SPO-BEA-1945,BeautyGlow Classic Item Kit 450,Sports,Outdoor Gear,BeautyGlow,7.67,14.68,2023-01-14,,"Mueller, Stevenson and Sanchez",14.28,65x22x9,166,62,2.7523860149222616,2.1598687907924505,2.6864860231863696,2.0373166153791646,5.111993812434784,14.20077591208531,7.671208424198717,168,Nimbus Trail Shoes
AUT-HOM-1946,HomeComfort Ultra Tool Series 548,Automotive,Tools,HomeComfort,5.09,9.5,2023-08-10,,Vargas-Snyder,33.07,76x72x23,353,12,2.3513752571634776,1.8066480817218056,2.2512917986064953,1.6272778305624314,5.866470889790474,9.144147917467432,4.37304587454143,351,Lumen Max Portable Speaker 2023
CLO-AUT-1947,AutoCare Advanced Jacket,Clothing,Mens Apparel,AutoCare,7.0,17.02,2022-11-25,,Oconnor PLC,23.09,47x30x48,497,100,2.8914822521801917,2.0794415416798357,2.834389123145228,1.9459101490553132,6.208592038167039,17.412018269011142,8.949079786231076,492,Canyon Action Camera 2025
HOM-KIT-1948,KitchenMaster Premium Table Edition 537,Home & Garden,Bedding,KitchenMaster,19.28,40.38,2023-05-14,,Hernandez Group,41.6,12x70x28,8,82,3.722797672317397,3.0096351787229825,3.6983346128846915,2.9590682891823996,2.079566533867987,40.74641227601127,22.92950208565431,3,Lumen Trail Shoes
SPO-OUT-1949,OutdoorAdventure Advanced Tool,Sports,Fitness Equipment,OutdoorAdventure,25.0,59.06,2023-10-12,2024-06-25,Hall LLC,28.31,76x19x39,81,75,4.095344062555184,3.258096538021482,4.078553876315777,3.2188758248682006,4.394461500275244,59.1554648401269,46.06204164803435,76,Pulse Trail Shoes
AUT-KIT-1950,KitchenMaster Modern Tool,Automotive,Car Parts,KitchenMaster,16.17,28.88,2022-03-16,,"Franco, Wiley and Tapia",21.6,40x64x33,455,29,3.3971893602646164,2.843163674909384,3.3631493140246254,2.783157673589016,6.120299616750733,28.97850652322498,17.91144863170302,460,Lumen Prime Portable Speaker
BEA-STY-1951,StyleMax Elite Accessory,Beauty,Hair Care,StyleMax,27.57,60.14,2024-03-10,,Blake Group,41.03,60x7x30,294,47,4.113166316462689,3.3523572162426816,4.096675177560383,3.3167282250357055,5.683583168693441,60.301735941055334,31.965074588868124,289,Terra Smart Thermostat
ELE-SMA-1952,SmartLife Premium Phone Edition 254,Electronics,Smart Home,SmartLife,15.62,33.77,2022-08-17,,"Acosta, Garcia and Moreno",38.41,73x63x46,340,35,3.5487549460197703,2.810606789427302,3.5195728343974766,2.7485521444115397,5.828948558782352,33.45186385305098,17.695612960930816,339,Canyon Smart Thermostat
AUT-KIT-1953,KitchenMaster Elite Product,Automotive,Car Care,KitchenMaster,73.65,133.26,2022-07-05,2024-06-30,Barnes Inc,30.14,10x21x39,178,18,4.899778218510606,4.312810523985199,4.892302107134391,4.299324142908639,5.181789168253832,133.66612370700645,86.98335733683376,176,Canyon Eco Trail Shoes
HOM-SPO-1954,SportElite Smart Table,Home & Garden,Bedding,SportElite,18.65,39.85,2022-10-05,,Dawson Inc,46.0,50x8x13,449,66,3.709906821306012,2.9780773383152703,3.685122405236224,2.9258461460898246,6.107025114911266,39.77039511439423,16.83573113733589,452,Solstice Wireless Earbuds
ELE-TEC-1955,TechPro Modern Camera,Electronics,Headphones,TechPro,166.88,349.12,2022-02-20,,Morse PLC,20.02,31x53x42,417,25,5.858275952864237,5.12324943846539,5.855415702644706,5.117274991252462,6.033088619877461,349.0054757576845,255.84097234327083,414,Pulse Water Bottle
ELE-OUT-1956,OutdoorAdventure Pro Laptop,Electronics,Laptops,OutdoorAdventure,76.92,151.41,2023-05-16,,Haynes-Watson,17.98,45x58x17,107,21,5.026574257897758,4.3556826593342794,5.019991389020281,4.342765920720579,4.672838180212627,151.42853935117716,90.83535144454723,108,Harbor Eco Wireless Earbuds
AUT-FAS-1957,FashionForward Ultra Tool Edition 116,Automotive,Car Care,FashionForward,30.3,45.78,2023-03-07,,"Miller, Davis and Anderson",42.89,50x51x24,428,18,3.845455761156033,3.4436180975461075,3.8238473145244205,3.4111477125153233,6.059125532027665,45.33602664743955,23.7400475694728,433,Pulse Trail Shoes 2024
SPO-SPO-1958,SportElite Pro Accessory,Sports,Team Sports,SportElite,33.54,69.92,2023-04-28,2024-08-01,Jones-Bradley,36.51,46x10x14,433,41,4.2615524812060075,3.5421180727185324,4.24735173134728,3.5127387563950627,6.070740037468645,69.59295770138095,36.268069100486045,435,Pulse Wireless Earbuds 2023
CLO-TEC-1959,TechPro Elite Shoes Kit 581,Clothing,Accessories,TechPro,17.43,61.43,2022-03-04,,Bates-Anderson,10.57,99x89x23,190,89,4.134045929073653,2.9139797716817317,4.117898315175836,2.8581928595319295,5.24702933530453,61.66327294409784,33.331737941914135,190,Canyon Lite Wireless Earbuds
SPO-SMA-1960,SmartLife Elite Product,Sports,Outdoor Gear,SmartLife,35.82,105.59,2024-01-30,,Green-Edwards,33.47,51x19x15,15,73,4.668989698701045,3.6060411758049318,4.659563669818423,3.578506396632566,2.7081168655467533,105.18114269456663,72.56286261116834,19,Solstice Lite Wireless Earbuds
CLO-SMA-1961,SmartLife Advanced Dress,Clothing,Kids Clothing,SmartLife,35.28,72.57,2022-01-27,,Haynes-Moss,44.45,9x99x14,467,62,4.298237333944173,3.591266625246936,4.284551613290046,3.5633162311385904,6.146331398994228,72.67108906727705,53.596190667453946,462,Pulse Desk Lamp 2022
ELE-SMA-1962,SmartLife Elite Laptop Model 328,Electronics,Smart Home,SmartLife,66.45,128.19,2022-03-09,2024-01-05,Chavez-Hall,23.28,58x73x33,68,87,4.86128418897221,4.211386582653765,4.8535135383240435,4.196449785159254,4.219522410950329,127.94044212748769,69.80735906962678,70,Canyon Select Portable Speaker
AUT-BEA-1963,BeautyGlow Modern Equipment,Automotive,Car Parts,BeautyGlow,38.02,71.68,2022-11-27,,Taylor PLC,18.34,83x90x50,49,71,4.28606624352797,3.6640743351949654,4.272211768666675,3.6381123370602833,3.8918407060656484,71.57150970176114,40.10002487358501,53,Canyon Coffee Grinder
SPO-HOM-1964,HomeComfort Smart Tool Collection 330,Sports,Outdoor Gear,HomeComfort,18.53,46.11,2024-02-01,2025-09-16,Moore and Sons,14.19,83x18x20,115,42,3.8524852927119495,2.9719517448885875,3.8310298462186143,2.9193910402972683,4.744940823977617,45.90291986203528,33.429150062795664,112,Terra Select Yoga Mat 2023
CLO-AUT-1965,AutoCare Modern Hat,Clothing,Kids Clothing,AutoCare,38.56,116.97,2022-10-01,,Owens-Russell,6.67,59x52x47,74,84,4.770430354853751,3.6778185067545115,4.761917491662616,3.652215469742345,4.304078606626376,116.82855926213566,60.51069122717161,76,Terra Eco Desk Lamp
BEA-SMA-1966,SmartLife Premium Product,Beauty,Skincare,SmartLife,10.93,16.63,2023-10-12,2024-12-08,"Howard, Townsend and Hayes",8.18,46x6x41,246,71,2.869601996409779,2.479056236109825,2.811208293204836,2.391511302188447,5.505335600964751,16.84466498708056,10.408844104762188,244,Lumen Blender
AUT-SPO-1967,SportElite Classic Equipment,Automotive,Car Care,SportElite,101.58,221.42,2022-09-27,,Baker-Wilson,5.98,40x88x37,473,53,5.404567486390696,4.630642981961122,5.40006135043132,4.620846665373099,6.159097502654603,221.2211792813107,117.88782920423448,475,Vertex Smart Thermostat
HOM-BEA-1968,BeautyGlow Advanced Vase,Home & Garden,Kitchen,BeautyGlow,19.37,42.32,2022-04-09,,Aguirre LLC,17.18,71x38x9,400,56,3.76861442213279,3.0140632302387145,3.7452597875500437,2.9637254774189046,5.991467047104857,42.38507654749096,19.711314128230047,405,Canyon Coffee Grinder 2023
SPO-OUT-1969,OutdoorAdventure Elite Item Edition 949,Sports,Fitness Equipment,OutdoorAdventure,5.54,9.24,2023-07-18,,"Terry, Williams and Huff",6.4,49x44x33,223,80,2.3263016196113617,1.8779371654691073,2.2235418856535927,1.7119945007591924,5.407176255754997,9.216529394155119,6.747500694922907,218,Granite Flex Portable Speaker
ELE-HOM-1970,HomeComfort Classic Monitor Set 796,Electronics,Smart Home,HomeComfort,62.06,130.98,2022-01-18,,Hernandez-Dawson,37.26,72x81x14,288,77,4.882650395955276,4.144086654116915,4.875044639789907,4.128101659020234,5.66296395235214,131.1403977420554,103.9080519521146,285,Harbor Desk Lamp 2025
BOO-OUT-1971,OutdoorAdventure Advanced Tool System 270,Books,Fiction,OutdoorAdventure,10.88,22.43,2022-04-13,,Foster-Williams,31.78,84x33x50,77,79,3.1540172525197043,2.474856313934499,3.110399348532117,2.3869262414277967,4.34381840878234,22.858093144538262,11.162954720036385,77,Terra Prime Coffee Grinder
BOO-SPO-1972,SportElite Ultra Item,Books,Children Books,SportElite,42.8,125.12,2022-10-31,,Green-Ewing,26.14,58x65x34,164,27,4.83723383467686,3.7796338173824005,4.829273276797001,3.756538102587751,5.099872525366584,125.34792065526605,69.7086147355128,167,Granite Eco Coffee Grinder 2023
BEA-TEC-1973,TechPro Pro Gear,Beauty,Hair Care,TechPro,11.16,27.93,2022-08-02,,Crane Group,30.69,13x12x31,71,28,3.3648791189880436,2.498151876538021,3.3297013799570854,2.412335956953165,4.262693961449172,27.65064157101894,14.382320069405855,67,Terra Desk Lamp
SPO-SPO-1974,SportElite Classic Product,Sports,Outdoor Gear,SportElite,13.44,28.05,2022-07-18,,"Adkins, Wright and Murray",17.59,33x40x13,457,61,3.3690184832979204,2.67000213346468,3.3339886319687055,2.5982353350950036,6.124685579075618,27.59055947236006,12.82238170409661,462,Nimbus Yoga Mat
ELE-KIT-1975,KitchenMaster Elite Laptop,Electronics,Gaming,KitchenMaster,8.25,22.62,2024-02-18,,Martinez Inc,31.87,71x44x38,52,90,3.1620938107692163,2.224623551524334,3.1188344706879745,2.1102132003465894,3.9512629491657494,22.38701876341383,10.72059762617511,47,Granite Pro Wireless Earbuds
BOO-SPO-1976,SportElite Modern Gear,Books,Children Books,SportElite,13.37,30.91,2023-09-17,,Anderson Group,3.61,97x48x22,486,15,3.462919440290152,2.6651427000909336,3.431079756144025,2.5930133911138515,6.186210681511546,31.00317637208625,12.885910379778847,490,Aurora Pro Desk Lamp
SPO-STY-1977,StyleMax Modern Equipment,Sports,Team Sports,StyleMax,2.27,6.38,2023-12-10,,Parks-Pace,24.42,42x33x38,52,21,1.998773638612381,1.184789984909162,1.8531680973566984,0.8197798314933114,3.9512629491657494,5.940397297214565,3.4788509202134126,49,Lumen Water Bottle
BEA-SPO-1978,SportElite Modern Accessory,Beauty,Hair Care,SportElite,4.83,10.3,2023-10-16,2025-01-24,Aguilar LLC,42.13,98x40x21,327,75,2.424802725718295,1.763017000362401,2.33214389523559,1.5748464676644813,5.789963228996553,10.296438922257213,6.2252449596169255,325,Harbor Yoga Mat
HOM-BEA-1979,BeautyGlow Advanced Chair Kit 925,Home & Garden,Garden Tools,BeautyGlow,39.82,88.73,2023-08-23,,Johnson Inc,29.6,90x39x11,399,100,4.496805161309966,3.709172157381699,4.485598050847247,3.6843692986360503,5.988963923152387,88.82490599193855,56.78088769368783,404,Granite Trail Shoes 2024
SPO-KIT-1980,KitchenMaster Classic Item,Sports,Athletic Wear,KitchenMaster,40.74,97.19,2023-10-21,,Orr Group,28.82,20x35x28,297,96,4.586904377181199,3.7314599016490546,4.576667825515379,3.70721041079866,5.693735505800398,97.02755901300063,71.65714051866624,296,Canyon Flex Trail Shoes 2024
BEA-SMA-1981,SmartLife Premium Gear,Beauty,Fragrances,SmartLife,29.46,63.64,2023-04-17,,Davis LLC,26.19,56x85x32,342,13,4.16883341421284,3.4164143474670157,4.153242203469586,3.3830334110344844,5.834813661034938,63.905493959670906,36.487295942854345,339,Lumen Water Bottle 2022
CLO-HOM-1982,HomeComfort Premium Hat,Clothing,Accessories,HomeComfort,5.62,12.35,2023-02-27,,Williams Group,36.48,37x50x48,176,55,2.5915163848462583,1.890095369948917,2.513656063073986,1.7263316639055997,5.170489676840192,11.964466288071096,8.245850226988217,180,Granite Edge Trail Shoes 2023
CLO-FAS-1983,FashionForward Premium Dress,Clothing,Kids Clothing,FashionForward,11.73,46.69,2022-09-27,,Jackson PLC,8.11,76x75x46,164,61,3.864721732310133,2.543961412569315,3.8435300089828455,2.462149662665384,5.099872525366584,46.27363502610109,19.966008994101514,169,Harbor Select Coffee Grinder
AUT-HOM-1984,HomeComfort Modern Item,Automotive,Car Care,HomeComfort,20.02,48.54,2024-01-28,,Underwood-Foster,48.3,45x44x11,468,21,3.9027804240612136,3.045474365448805,3.8823882002984553,2.9967317738870745,6.148470432667501,48.76362498107953,27.635500915990608,464,Canyon Max Trail Shoes
BEA-AUT-1985,AutoCare Modern Accessory Edition 307,Beauty,Fragrances,AutoCare,7.08,13.43,2023-12-26,,Reyes Group,16.92,61x51x15,491,31,2.6693093727857793,2.089391872533004,2.5974910105351463,1.9572739077056285,6.1964461644523245,13.425581489882074,7.556775530350447,487,Vertex Desk Lamp
HOM-STY-1986,StyleMax Smart Tool,Home & Garden,Furniture,StyleMax,77.72,175.57,2023-10-20,,Gomez and Sons,37.86,73x27x30,316,99,5.1737173983147065,4.365897252743998,5.168037823781117,4.353112624509239,5.755745378138867,175.75463434849917,115.65184588131775,317,Granite Portable Speaker
ELE-STY-1987,StyleMax Pro Camera,Electronics,Laptops,StyleMax,131.28,397.49,2023-02-19,,Ramirez-Stephenson,7.37,48x73x27,203,27,5.987682403812522,4.884920888113592,5.985169776545233,4.8773324467818355,5.313210905138028,397.42613079183167,309.67613383391534,206,Nimbus Lite Trail Shoes
SPO-BEA-1988,BeautyGlow Pro Gear,Sports,Fitness Equipment,BeautyGlow,16.46,35.62,2022-02-11,,Mendez PLC,7.84,40x8x36,114,98,3.6005945392463645,2.8599125504114564,3.5729072778615154,2.800933195248924,4.736207220285847,35.37147399257432,27.84804968553264,118,Harbor Yoga Mat
CLO-SPO-1989,SportElite Modern Hat,Clothing,Womens Apparel,SportElite,12.45,28.51,2022-10-31,,Holland Group,1.14,83x66x33,212,81,3.3847291889548483,2.598979106047848,3.3502549029245805,2.5217206229107165,5.35659099164202,28.822720271320716,18.177508040677836,208,Canyon Coffee Grinder
BOO-SMA-1990,SmartLife Elite Tool,Books,Non-Fiction,SmartLife,24.23,59.14,2023-02-01,,Andrade-Mendoza,35.37,51x38x32,189,56,4.096675177560383,3.2280337626529665,4.079907514424331,3.1875915348284343,5.241752306050936,59.4334275613896,45.53633793977419,190,Canyon Ultra Action Camera 2023
CLO-OUT-1991,OutdoorAdventure Advanced Shirt,Clothing,Kids Clothing,OutdoorAdventure,2.38,5.4,2023-12-21,,Ramirez and Sons,26.96,21x17x37,362,70,1.8562979903656263,1.2178757094949273,1.6863989535702288,0.8671004876833833,5.891646974252895,5.590802541437339,3.115537432630942,363,Harbor Eco Trail Shoes 2022
BOO-STY-1992,StyleMax Smart Accessory,Books,Educational,StyleMax,16.08,41.05,2023-07-22,,Gonzalez-Wilkerson,11.28,39x78x8,235,89,3.738859386418957,2.837908188360424,3.714790835898437,2.77757626375082,5.459589769454254,40.82670223448536,18.274472756440336,240,Canyon Eco Water Bottle
SPO-KIT-1993,KitchenMaster Classic Item,Sports,Athletic Wear,KitchenMaster,10.87,19.1,2023-07-28,,"Wright, Mcknight and Stephens",32.55,49x66x50,75,18,3.0007198150650303,2.4740142086215764,2.9496883350525844,2.386006701133118,4.3175014467807555,19.188426053531707,8.574042575490559,76,Nimbus Pro Trail Shoes 2025
BEA-STY-1994,StyleMax Ultra Tool Kit 128,Beauty,Hair Care,StyleMax,8.15,20.96,2023-05-18,,Mayo Ltd,38.24,22x55x18,338,67,3.08922261664133,2.21375387928743,3.0426158594528414,2.0980179272527715,5.8230488540585235,20.823754419001226,11.169483626575563,335,Harbor Max Wireless Earbuds
HOM-BEA-1995,BeautyGlow Advanced Table,Home & Garden,Home Decor,BeautyGlow,15.6,43.89,2023-02-21,2025-02-22,Castillo-Harrington,49.01,80x45x5,497,88,3.8042150527938405,2.8094026953624973,3.7816865037001426,2.747270914255491,6.208592038167039,43.4897504318601,31.117232491879083,498,Vertex Desk Lamp 2022
ELE-AUT-1996,AutoCare Pro Phone,Electronics,Gaming,AutoCare,329.54,837.58,2024-01-18,,Durham-Shaw,9.81,81x27x16,15,93,6.731709985179667,5.80072768071268,6.730516781525308,5.7976977426292855,2.7081168655467533,837.988967303953,381.1184444443605,10,Pulse Coffee Grinder
SPO-AUT-1997,AutoCare Pro Item,Sports,Fitness Equipment,AutoCare,35.76,84.42,2023-12-03,,Nelson-Johnson,20.44,94x65x13,433,53,4.44758026541332,3.6044102974874863,4.435804340354353,3.576829950305313,6.070740037468645,84.06408225830059,37.4558132327566,437,Lumen Yoga Mat 2023
CLO-BEA-1998,BeautyGlow Advanced Pants,Clothing,Mens Apparel,BeautyGlow,7.71,28.99,2023-05-27,2024-08-15,"Robinson, Huang and Osborne",20.13,34x49x46,324,20,3.4008639927609177,2.1644717908644115,3.3669509429335642,2.0425181875752383,5.780746602207319,29.431232606744384,21.22988312471523,319,Terra Edge Portable Speaker
HOM-STY-1999,StyleMax Ultra Chair,Home & Garden,Garden Tools,StyleMax,33.63,53.51,2023-07-25,2025-02-06,Stokes Group,4.86,5x72x5,2,51,3.9983841710761894,3.5447203584143305,3.979868552323213,3.515418525752178,0.6936470556015963,53.457085657498794,26.997408752752182,1,Lumen Yoga Mat
SPO-TEC-2000,TechPro Advanced Item,Sports,Team Sports,TechPro,70.77,126.16,2023-09-28,,"Howard, Silva and Hall",26.81,49x17x48,467,29,4.845446136042602,4.273466561441981,4.837550942654783,4.259435182087693,6.146331398994228,125.85143027026184,86.257586203062,463,Solstice Flex Trail Shoes
BOO-KIT-2001,KitchenMaster Elite Equipment,Books,Educational,KitchenMaster,46.16,130.16,2022-07-01,,Garcia Ltd,40.74,61x8x44,19,78,4.876417951976448,3.85354607566917,4.868764462910782,3.832113622199844,2.944491609360395,130.2010629284308,62.35900161572098,22,Vertex Select Yoga Mat
AUT-BEA-2002,BeautyGlow Ultra Item,Automotive,Car Parts,BeautyGlow,21.19,37.52,2023-06-15,,Adams Ltd,5.08,29x82x14,313,53,3.651177586929925,3.099641736944503,3.624874124138024,3.0535293722802077,5.746206385423228,37.885486919158886,15.196052170492143,314,Vertex Select Coffee Grinder 2025
SPO-FAS-2003,FashionForward Pro Accessory,Sports,Athletic Wear,FashionForward,11.22,22.53,2023-01-10,2024-11-22,Gallagher and Sons,9.5,56x10x27,30,71,3.158276202739271,2.503073953743449,3.114847754444153,2.4176979000945504,3.4012307144399454,22.757580388681372,17.932736618931244,28,Canyon Eco Yoga Mat
AUT-OUT-2004,OutdoorAdventure Pro Accessory,Automotive,Car Parts,OutdoorAdventure,37.65,107.98,2023-07-31,,"Bradford, Salinas and Kelly",26.64,55x74x46,102,46,4.691164379154952,3.654546775033431,4.6819460247901405,3.6283329542459026,4.624982617157782,108.28042992490423,47.75747924081298,100,Terra Wireless Earbuds
HOM-FAS-2005,FashionForward Smart Lamp,Home & Garden,Kitchen,FashionForward,28.62,61.23,2023-03-22,,Thompson PLC,24.57,67x18x25,287,71,4.130837198581126,3.3884498088396526,4.114637265489863,3.3541057741283047,5.659485700074108,61.3856076993765,33.820264688644926,283,Solstice Action Camera
BOO-BEA-2006,BeautyGlow Modern Gear,Books,Children Books,BeautyGlow,44.96,114.56,2023-06-25,,Drake-Wolfe,9.49,16x44x42,382,83,4.749789875598035,3.827771452980555,4.7410987032123355,3.8057732055854356,5.945423226404196,114.7484310332275,47.12109348891127,381,Solstice Desk Lamp
BOO-AUT-2007,AutoCare Premium Tool Model 494,Books,Non-Fiction,AutoCare,35.58,63.41,2023-07-05,2025-12-01,"Johnson, Haynes and Meza",43.7,99x70x38,434,32,4.165268900558799,3.5995016429627196,4.14962157771194,3.571783682237689,6.073046838245216,63.75221173853401,39.14361530211587,432,Granite Eco Wireless Earbuds
BOO-TEC-2008,TechPro Smart Item,Books,Educational,TechPro,51.66,91.87,2022-08-15,,"Thomas, Vaughan and Copeland",3.74,31x68x18,292,91,4.531200665787917,3.9638561540681634,4.520374534283375,3.9446837876676946,5.6767572269199515,91.624674648682,42.24308234301678,287,Lumen Portable Speaker
BOO-TEC-2009,TechPro Classic Product,Books,Fiction,TechPro,12.41,20.78,2022-10-25,2023-12-25,Weaver-Thompson,33.01,47x27x29,423,39,3.0809921175048145,2.5960006972935874,3.0339909856710814,2.5185025992165158,6.047374543109678,20.76963646437028,16.097348322568543,425,Harbor Water Bottle
HOM-TEC-2010,TechPro Elite Table,Home & Garden,Garden Tools,TechPro,65.74,159.91,2022-09-22,,Davis and Sons,21.2,78x95x45,158,36,5.080845202471059,4.2008044733232275,5.074611156971351,4.185707568236073,5.062601362120862,159.6367852529832,106.30028031551731,155,Nimbus Classic Desk Lamp
BEA-SMA-2011,SmartLife Premium Equipment,Beauty,Hair Care,SmartLife,23.99,49.57,2022-07-14,,"Robinson, Fox and Smith",24.46,81x6x45,354,60,3.9233585150918917,3.218475744846861,3.9033858120324827,3.177637076851603,5.869299737988541,50.04791464783671,38.69671653372294,354,Terra Edge Smart Thermostat
ELE-FAS-2012,FashionForward Elite Camera,Electronics,Gaming,FashionForward,434.96,825.88,2022-04-28,2024-03-08,"Harris, Anderson and Love",3.42,73x46x15,483,42,6.717659581714128,6.077550496021111,6.716449484516678,6.075254072837665,6.180018724043804,826.3151781528928,338.6758084819307,481,Pulse Select Blender 2022
BEA-BEA-2013,BeautyGlow Ultra Gear,Beauty,Fragrances,BeautyGlow,10.8,20.44,2024-02-19,2025-03-11,Brown-Hernandez,47.52,76x68x17,65,76,3.0652583362026014,2.468099531471619,3.017493765335504,2.379546134130174,4.17440265439268,19.988638275141138,9.458832255038734,68,Harbor Prime Yoga Mat
ELE-FAS-2014,FashionForward Pro Phone Set 497,Electronics,Headphones,FashionForward,309.81,637.68,2024-02-20,,"Stark, Schroeder and Mathis",3.46,60x83x28,224,28,6.459403546471501,5.739181793008062,6.457836590119667,5.735959206351422,5.4116505161307895,637.8814636690653,292.77549217058555,225,Solstice Prime Trail Shoes 2025
SPO-OUT-2015,OutdoorAdventure Smart Product,Sports,Fitness Equipment,OutdoorAdventure,24.0,37.58,2022-01-15,,Yu-Brooks,17.13,37x27x27,236,35,3.652734007477583,3.2188758248682006,3.6264719939853194,3.1780538303479458,5.463836042304768,37.99674335106735,16.141545012446613,239,Harbor Smart Thermostat
BEA-SMA-2016,SmartLife Classic Product,Beauty,Skincare,SmartLife,11.18,25.24,2022-08-19,,"Foster, Garcia and Turner",9.8,89x97x33,12,66,3.267284964075888,2.4997952622817508,3.228430037673012,2.414126467726953,2.4849899796493045,24.926963838224786,19.093022462173927,16,Aurora Pro Coffee Grinder 2025
ELE-KIT-2017,KitchenMaster Ultra Monitor System 425,Electronics,Laptops,KitchenMaster,33.65,63.25,2023-12-03,2025-11-12,Daugherty Ltd,26.76,84x97x15,370,51,4.162781723775329,3.5452977256359124,4.1470951276076295,3.5160130560907366,5.91350570833732,63.31658632594158,40.88737975937498,367,Nimbus Lite Water Bottle
HOM-HOM-2018,HomeComfort Pro Pot Edition 103,Home & Garden,Furniture,HomeComfort,15.05,35.29,2023-02-01,,Conner-Yu,6.07,33x85x7,288,79,3.591542221224979,2.775708849576025,3.5635996376871786,2.711377991194885,5.66296395235214,35.69717853163628,27.54344477883754,283,Harbor Action Camera 2023
ELE-FAS-2019,FashionForward Classic Tablet,Electronics,Smartphones,FashionForward,83.44,195.38,2024-02-06,,"Stewart, Mann and Hoffman",24.58,37x49x45,232,71,5.280051557741144,4.43604122298012,5.2749463802247964,4.424127810692517,5.446741682001848,194.92326705901408,139.50322163615763,231,Granite Ultra Smart Thermostat 2022
CLO-OUT-2020,OutdoorAdventure Advanced Pants Kit 848,Clothing,Shoes,OutdoorAdventure,18.51,43.47,2023-02-02,,"Buchanan, Walker and Chapman",44.11,52x99x6,221,48,3.794814804522605,2.97092715463502,3.772071045000701,2.9183111265854063,5.398167226394394,43.663471861901904,30.924815028814454,218,Lumen Max Wireless Earbuds
CLO-FAS-2021,FashionForward Classic Hat,Clothing,Mens Apparel,FashionForward,7.7,28.51,2023-02-16,2025-05-17,Gray Ltd,17.71,56x58x31,235,67,3.3847291889548483,2.1633230256605382,3.3502549029245805,2.0412203288596382,5.459589769454254,28.3114020272251,17.336688483444746,235,Vertex Blender
SPO-FAS-2022,FashionForward Advanced Gear,Sports,Athletic Wear,FashionForward,19.65,41.23,2024-01-11,,"Phillips, Thompson and Smith",12.38,96x29x41,99,94,3.743130868945852,3.027715319407042,3.7191661467188086,2.9780773383152703,4.595129951093676,41.645908271469,28.84292046079068,101,Nimbus Max Yoga Mat 2022
AUT-FAS-2023,FashionForward Classic Gear,Automotive,Car Care,FashionForward,138.11,251.4,2022-05-25,,"Fry, Myers and Gamble",27.19,62x43x44,211,16,5.5310151306670585,4.935264987071479,5.527045296156147,4.928050469089837,5.351862872801329,251.86163708026206,191.3163051472549,216,Solstice Eco Trail Shoes
CLO-AUT-2024,AutoCare Elite Hat,Clothing,Womens Apparel,AutoCare,48.52,147.27,2022-07-04,,"Johnson, Guzman and Mccall",1.29,31x54x41,341,32,4.999034936029934,3.9023766283763406,4.992267636738071,3.8819760840758493,5.831885409830536,147.70538115933118,108.26857086529027,339,Vertex Yoga Mat
HOM-HOM-2025,HomeComfort Classic Tool,Home & Garden,Home Decor,HomeComfort,29.75,53.44,2023-02-26,,"Walker, Cunningham and Zuniga",12.36,99x21x36,161,88,3.9970991777832654,3.4258899942525267,3.97855952922839,3.392829131991639,5.081410576145298,53.41472993232431,39.585110164753125,160,Solstice Blender
AUT-STY-2026,StyleMax Pro Item Set 990,Automotive,Car Parts,StyleMax,20.78,32.82,2022-04-03,,Rivera Inc,45.1,30x100x14,490,37,3.5210523434704344,3.0809921175048145,3.4910380856619447,3.0339909856710814,6.194407431918917,33.17480179796953,13.627189476398286,489,Canyon Classic Portable Speaker 2025
HOM-AUT-2027,AutoCare Advanced Tool,Home & Garden,Furniture,AutoCare,22.38,48.56,2022-12-13,,Reed LLC,14.56,17x76x15,461,29,3.9031840567609417,3.1518809560439225,3.8828001467512427,3.108167702883779,6.133400212191693,48.89765841056437,24.267076473651255,459,Nimbus Ultra Portable Speaker 2023
CLO-STY-2028,StyleMax Classic Pants,Clothing,Shoes,StyleMax,19.9,64.83,2023-12-18,,Fields Inc,34.53,36x19x47,484,28,4.187075661479786,3.039749158970765,4.171768459186905,2.990719731730447,6.1820869728301995,64.65271846377838,26.694810949356054,482,Lumen Lite Trail Shoes
SPO-TEC-2029,TechPro Elite Equipment,Sports,Fitness Equipment,TechPro,8.0,17.72,2024-02-25,2026-07-28,"Santiago, Daniel and Rogers",49.39,51x61x42,292,33,2.929592471049446,2.1972245773362196,2.8746939451769347,2.0794415416798357,5.6767572269199515,18.042337164667664,11.26029128272186,290,Lumen Coffee Grinder
SPO-FAS-2030,FashionForward Advanced Gear,Sports,Fitness Equipment,FashionForward,15.93,45.08,2022-03-12,,Baker and Sons,31.24,91x55x14,56,95,3.830379016387636,2.829087196145044,3.8084386891715756,2.768204123921957,4.02536954771857,44.626267482021184,30.73199545712022,54,Solstice Blender
CLO-BEA-2031,BeautyGlow Pro Dress,Clothing,Kids Clothing,BeautyGlow,3.21,11.54,2022-01-17,,"Jones, Scott and Rodriguez",29.56,26x51x21,98,75,2.5289235352047745,1.43746264769429,2.4458192610799534,1.1662709371419244,4.584977682700143,11.63434448091241,5.59242836348968,96,Vertex Yoga Mat
HOM-TEC-2032,TechPro Modern Lamp,Home & Garden,Home Decor,TechPro,28.77,45.4,2022-09-02,,Williams Group,13.23,60x48x7,139,94,3.8372994592322094,3.393501175027685,3.8155121050473024,3.3593331775634567,4.934481127349418,45.13540866054195,30.21808536127751,138,Canyon Prime Water Bottle 2023
SPO-AUT-2033,AutoCare Premium Product,Sports,Fitness Equipment,AutoCare,35.96,103.93,2022-01-11,,"Barnes, Jackson and Gutierrez",1.06,53x30x35,194,59,4.653293461169819,3.6098362467734835,4.6437175956003305,3.5824072096034194,5.267863313689218,103.55815554806173,70.44508844537661,190,Lumen Prime Coffee Grinder 2023
ELE-BEA-2034,BeautyGlow Classic Tablet,Electronics,Gaming,BeautyGlow,33.68,84.79,2023-03-11,,Bell-Bennett,17.17,49x97x21,282,34,4.451902449584874,3.546163151912341,4.440177611315912,3.516904189374126,5.641910617031117,84.37541413759664,59.65321555727388,278,Nimbus Max Water Bottle
SPO-BEA-2035,BeautyGlow Pro Equipment,Sports,Team Sports,BeautyGlow,82.81,134.75,2023-11-14,,Kramer-Lane,43.09,19x7x13,412,23,4.910814958814044,4.428552332110815,4.903421209789107,4.416548827045609,6.021025776531046,134.9423630003606,100.95421529906822,415,Lumen Select Coffee Grinder
CLO-HOM-2036,HomeComfort Advanced Shirt Set 342,Clothing,Mens Apparel,HomeComfort,4.57,16.26,2022-03-19,2022-09-28,"Perez, Hayes and Lloyd",36.85,48x84x9,79,84,2.848391685655282,1.7173950539391927,2.7887081041196646,1.5195132049061133,4.369460510614755,16.103077464492706,11.230524156260604,75,Vertex Blender
BEA-AUT-2037,AutoCare Pro Tool Kit 242,Beauty,Fragrances,AutoCare,5.38,9.67,2024-02-03,,Phillips LLC,9.36,96x16x5,221,97,2.367436065313662,1.8531680973566984,2.269028309465203,1.682688374173693,5.398167226394394,9.890271436098185,6.506533645273395,221,Terra Classic Wireless Earbuds
CLO-TEC-2038,TechPro Pro Jacket,Clothing,Womens Apparel,TechPro,14.58,44.59,2023-05-03,,Lynn-Jones,35.44,68x82x50,95,70,3.8196883942253503,2.7459880404426023,3.7975096186393853,2.6796507265805123,4.553887417860929,44.16404921398297,23.424714019791367,91,Lumen Prime Action Camera
HOM-TEC-2039,TechPro Modern Table,Home & Garden,Home Decor,TechPro,51.54,83.46,2022-07-22,,Barron and Sons,43.92,78x29x49,63,99,4.436278049505797,3.961574784257394,4.424367475163407,3.942358205224219,4.143150599281431,83.27898453107399,64.53905301390607,62,Vertex Eco Portable Speaker
AUT-SPO-2040,SportElite Elite Gear,Automotive,Car Parts,SportElite,91.43,168.37,2023-02-09,,"Jones, Mcmahon and Spence",29.66,81x57x37,327,46,5.13208567090303,4.526451601276686,5.126163938669708,4.515573652176335,5.789963228996553,168.40870146652784,120.54648102972902,325,Nimbus Trail Shoes 2023
CLO-BEA-2041,BeautyGlow Advanced Hat Series 770,Clothing,Shoes,BeautyGlow,8.44,31.91,2023-12-01,,Wheeler-Austin,37.74,13x12x9,252,54,3.4937765629552486,2.2449559801574095,3.462919440290152,2.1329823086078656,5.529433055757518,32.19490870154218,15.337350066601816,253,Vertex Prime Blender 2022
BEA-KIT-2042,KitchenMaster Classic Item,Beauty,Skincare,KitchenMaster,53.03,151.02,2023-04-02,2025-08-19,Bush-Reynolds,4.5,80x51x49,348,87,5.0240120911378945,3.9895394478559743,5.0174122783752795,3.970857791149039,5.852205353333564,150.84237745287345,111.8090810609686,349,Terra Action Camera
BEA-KIT-2043,KitchenMaster Ultra Accessory,Beauty,Skincare,KitchenMaster,19.4,42.22,2024-01-31,,"Martin, Preston and Moore",18.59,43x67x25,279,34,3.76630335107874,3.0155349008501706,3.7428940424201746,2.9652730660692823,5.631215366044333,42.34337354890827,28.0711982655572,279,Terra Lite Yoga Mat
CLO-HOM-2044,HomeComfort Premium Hat,Clothing,Accessories,HomeComfort,10.61,31.09,2023-04-18,,Rivera and Sons,39.83,56x64x34,231,29,3.4685444551217657,2.4518667957098,3.4368862240706624,2.3617969526258915,5.442422039516752,31.468258193271463,14.290882473758096,235,Nimbus Blender 2025
CLO-SMA-2045,SmartLife Premium Pants,Clothing,Shoes,SmartLife,24.7,68.25,2023-10-10,2025-04-16,Terry-Bowen,0.8,89x27x14,303,33,4.237723145067448,3.246490991901174,4.223177434065069,3.2068032436339315,5.713736105833956,68.36354592441866,50.454339290251085,302,Nimbus Smart Thermostat 2025
CLO-TEC-2046,TechPro Classic Jacket Model 302,Clothing,Mens Apparel,TechPro,20.53,41.95,2023-02-06,,"Fernandez, Guerrero and Evans",41.51,75x40x19,97,72,3.7600366484302645,3.0694473113762717,3.7364784329132155,3.0218872310308424,4.574721287728593,41.68830028525856,31.97097700904558,92,Pulse Blender 2022
BOO-SMA-2047,SmartLife Classic Product,Books,Children Books,SmartLife,4.86,12.15,2022-12-28,,Williams PLC,3.44,46x95x35,311,47,2.5764217586237734,1.7681496035889213,2.4973291697865574,1.5810384379124025,5.739796127608148,11.683912765925408,7.082610346223829,308,Nimbus Lite Yoga Mat
CLO-OUT-2048,OutdoorAdventure Modern Pants,Clothing,Womens Apparel,OutdoorAdventure,39.7,80.42,2022-11-12,,"Larsen, Hernandez and Ward",17.0,44x92x44,219,88,4.399620943074833,3.7062280924485496,4.387262901469128,3.681351187693145,5.389076296016121,80.78269689642292,54.85405203106699,222,Nimbus Trail Shoes
ELE-HOM-2049,HomeComfort Ultra Tablet,Electronics,Smart Home,HomeComfort,217.04,635.93,2022-05-12,,Miller-Colon,48.52,13x7x33,189,63,6.456659759423912,5.38467853219608,6.455088494389676,5.380081668350677,5.241752306050936,635.4608440226333,365.15909328837813,184,Solstice Wireless Earbuds 2023
CLO-AUT-2050,AutoCare Smart Dress,Clothing,Womens Apparel,AutoCare,7.39,28.09,2023-05-03,,"Greene, Gonzalez and Johnson",27.79,78x47x49,99,26,3.3703944725071104,2.127040520479115,3.335413641116152,2.0001277349601105,4.595129951093676,28.457207639230514,13.616149043417535,98,Lumen Classic Water Bottle
HOM-SPO-2051,SportElite Smart Table,Home & Garden,Home Decor,SportElite,28.68,63.23,2022-01-20,,Little Inc,44.05,54x23x44,164,20,4.162470391269701,3.39047341829918,4.146778872070522,3.3562000157314196,5.099872525366584,63.25835839134666,47.136371426518295,160,Terra Coffee Grinder
BOO-FAS-2052,FashionForward Ultra Item,Books,Children Books,FashionForward,31.33,83.53,2024-02-28,,Anthony-Parker,7.24,12x65x20,114,91,4.437106500940836,3.4759955917373415,4.425205848767815,3.4445761049641,4.736207220285847,83.96028634454264,47.6659645079575,112,Granite Pro Trail Shoes
ELE-AUT-2053,AutoCare Modern Monitor Model 427,Electronics,Tablets,AutoCare,70.86,175.63,2022-11-18,,Ruiz-Jacobson,26.86,87x29x43,309,25,5.174057149167352,4.274719781685373,5.168379509433644,4.260706099437326,5.733344513138463,175.9228075710582,105.16603790502649,314,Lumen Coffee Grinder
HOM-SPO-2054,SportElite Ultra Table,Home & Garden,Furniture,SportElite,12.24,26.13,2022-01-12,,Davis-Stephens,10.29,42x8x6,333,92,3.3006401266708405,2.5832425505088623,3.263084079532521,2.50470927708418,5.808145492978937,26.61797542832267,19.76034610832137,328,Terra Smart Thermostat
AUT-STY-2055,StyleMax Advanced Equipment,Automotive,Accessories,StyleMax,10.97,32.81,2023-04-03,,Watson Group,27.81,81x61x25,55,45,3.520756616719795,2.482403519569882,3.4907333469730104,2.395164274287139,4.0073513668853655,32.66369757914268,17.97811893484945,52,Lumen Coffee Grinder
SPO-SPO-2056,SportElite Modern Gear Collection 430,Sports,Team Sports,SportElite,19.63,57.59,2022-05-07,2023-10-03,Lopez-Williams,27.67,52x23x25,425,58,4.070564033556697,3.0267463270831603,4.053348941518581,2.9770590082883697,6.052091521862825,57.85184452315251,39.94923445478927,429,Granite Coffee Grinder
BOO-SMA-2057,SmartLife Advanced Equipment System 956,Books,Fiction,SmartLife,57.71,152.4,2023-10-22,,Marshall-Perez,28.32,77x10x37,28,26,5.0330488889331555,4.072610070076094,5.026508643252546,4.055430468722875,3.3322402238231783,152.30389229533705,92.12348763247107,29,Solstice Action Camera
SPO-STY-2058,StyleMax Elite Product Collection 830,Sports,Fitness Equipment,StyleMax,32.76,60.69,2024-02-12,,Elliott-Hernandez,17.92,15x57x26,384,18,4.122121843221548,3.5192766697277564,4.105778939847764,3.4892082589848687,5.950645156751003,60.67027810789783,46.53962856852926,388,Harbor Coffee Grinder
SPO-OUT-2059,OutdoorAdventure Premium Tool,Sports,Athletic Wear,OutdoorAdventure,14.39,38.63,2023-12-13,,"Contreras, Miller and Cooper",41.16,31x62x15,59,43,3.679586407202344,2.733717947850788,3.65402917667819,2.6665335208992764,4.077554392914626,38.754955353954,23.879500435682,56,Granite Blender
CLO-TEC-2060,TechPro Premium Shirt,Clothing,Womens Apparel,TechPro,22.59,76.67,2023-05-06,2024-06-13,"Gutierrez, Avila and Perez",37.95,24x22x37,163,51,4.352469082431556,3.1608228934195837,4.339510497570803,3.1175073304799117,5.093756335757269,77.03620357190262,52.1854500129229,161,Terra Blender
SPO-TEC-2061,TechPro Ultra Equipment Kit 813,Sports,Athletic Wear,TechPro,1.55,3.28,2022-03-11,2024-05-02,Randall PLC,1.9,34x79x36,3,54,1.4539530095937054,0.9360933591703348,1.1878434223960523,0.4382549309311553,1.09894556645823,3.7544017998153087,1.7685016400888116,0,Harbor Lite Blender 2024
BEA-KIT-2062,KitchenMaster Advanced Tool,Beauty,Skincare,KitchenMaster,56.48,98.63,2022-08-06,,Sheppard-Mcdaniel,0.47,85x100x44,144,44,4.601463324056764,4.051437061210824,4.591375474965902,4.033886593184986,4.969820243996333,98.89290794558723,76.86040955494678,141,Aurora Yoga Mat
BOO-OUT-2063,OutdoorAdventure Classic Product,Books,Educational,OutdoorAdventure,4.2,11.04,2022-09-20,,Armstrong-Young,16.42,38x55x12,333,46,2.488234439880675,1.6486586255873816,2.401525040848949,1.4350845252893227,5.808145492978937,10.959411446523987,6.932453413083926,336,Terra Ultra Portable Speaker
SPO-FAS-2064,FashionForward Classic Product Series 496,Sports,Fitness Equipment,FashionForward,14.49,39.24,2024-01-31,,Miller-Orr,10.36,77x99x24,426,98,3.6948615257914836,2.740194654428777,3.6696966346971625,2.673458756332591,6.054441693684455,39.16292986223153,24.148936805824256,423,Vertex Edge Desk Lamp 2024
BEA-KIT-2065,KitchenMaster Ultra Gear,Beauty,Makeup,KitchenMaster,7.33,18.12,2022-08-24,,"Johnson, Duncan and Black",44.23,37x32x37,12,49,2.9507349076232554,2.1198634561787513,2.8970163006148333,1.9919755158985601,2.4849899796493045,18.352830655557113,9.359899027418631,17,Harbor Trail Shoes
ELE-HOM-2066,HomeComfort Advanced Laptop,Electronics,Laptops,HomeComfort,14.96,42.0,2024-01-08,,"Byrd, Oliver and Martinez",49.21,82x26x36,245,81,3.7612001156935624,2.7700855920216627,3.7376696182833684,2.7053799725463312,5.50126229216905,41.74400160285293,23.805976700256632,244,Solstice Trail Shoes
BOO-SPO-2067,SportElite Pro Tool Series 973,Books,Educational,SportElite,57.1,88.32,2022-02-21,,Thompson-Joyce,47.34,5x43x33,195,82,4.492225426971957,4.062165663857866,4.480966582528785,4.044804116661965,5.273004686755725,87.93826463086876,46.88121367543007,191,Vertex Smart Thermostat
CLO-TEC-2068,TechPro Advanced Pants,Clothing,Mens Apparel,TechPro,8.38,33.03,2024-01-30,,Stokes and Sons,3.9,58x88x6,152,14,3.5272424885128144,2.238579763018133,3.4974162394026984,2.125847914493992,5.023887099772003,32.88752971448796,16.087931182992858,150,Terra Trail Shoes
ELE-HOM-2069,HomeComfort Ultra Speaker,Electronics,Tablets,HomeComfort,77.21,234.89,2022-07-29,2024-11-06,Henderson Ltd,37.24,92x8x35,89,11,5.463365594671535,4.35939751661352,5.459117319451744,4.3465289823207245,4.488647605624073,234.681494211821,106.80796250066517,90,Terra Ultra Action Camera
ELE-SPO-2070,SportElite Modern Monitor,Electronics,Smartphones,SportElite,52.1,113.69,2022-01-24,,Harris-Carson,24.04,98x93x14,110,18,4.742232836376431,3.9721769282478934,4.733475446141015,3.9531649487593215,4.700489456660185,113.49038195804687,76.54356556231555,111,Pulse Coffee Grinder
SPO-TEC-2071,TechPro Premium Equipment,Sports,Athletic Wear,TechPro,30.86,67.84,2022-06-29,,Flowers LLC,28.88,10x89x9,491,45,4.231784971343338,3.4613513044819024,4.2171519914836475,3.4294608469350147,6.1964461644523245,67.57893559602891,39.51954777482776,488,Nimbus Wireless Earbuds
BEA-FAS-2072,FashionForward Smart Gear Model 992,Beauty,Hair Care,FashionForward,21.52,38.36,2023-12-08,,Bartlett-Sloan,0.2,88x10x41,427,65,3.6727500721840527,3.1144038032714896,3.6470152500152375,3.0689827352935835,6.056786355146257,37.91125132584364,17.589181659642882,426,Aurora Select Action Camera 2023
BOO-SPO-2073,SportElite Premium Gear,Books,Children Books,SportElite,6.33,15.17,2023-04-13,,Miller PLC,27.28,52x89x28,371,80,2.7831576735890153,1.9919755158985601,2.719319793360441,1.8453002361560848,5.916204758021593,14.697516456038745,5.941023452908969,366,Pulse Water Bottle 2025
BOO-AUT-2074,AutoCare Advanced Equipment Edition 481,Books,Non-Fiction,AutoCare,49.24,108.38,2022-12-22,,Arnold-Gates,7.47,91x68x48,277,62,4.694828057918627,3.9168115221599433,4.685643570137968,3.896706301316253,5.624021116289125,108.85796794194131,48.353868495417174,281,Canyon Portable Speaker 2025
HOM-STY-2075,StyleMax Ultra Table,Home & Garden,Garden Tools,StyleMax,12.88,26.25,2023-04-23,,"Ellis, Marks and Buchanan",27.01,92x26x7,175,74,3.305053521109253,2.6304489550786583,3.2676659890376327,2.5556757206762075,5.164791688192902,26.179217671061146,17.053485206482197,179,Harbor Flex Action Camera 2022
AUT-KIT-2076,KitchenMaster Advanced Tool,Automotive,Tools,KitchenMaster,4.95,12.95,2023-08-11,2024-09-04,"Matthews, Harrington and Rodriguez",41.25,55x15x31,450,24,2.6354795082673745,1.7833912195575383,2.5610957881455465,1.599387576580599,6.109249804984119,12.836640114216488,9.26719915382085,454,Lumen Eco Action Camera
BOO-OUT-2077,OutdoorAdventure Pro Tool System 780,Books,Fiction,OutdoorAdventure,13.66,39.81,2024-01-28,,Hernandez PLC,35.52,47x67x12,166,57,3.7089271494177143,2.6851226964585053,3.684118137012226,2.614471854142644,5.111993812434784,39.986054337039214,24.16129283247883,171,Vertex Lite Desk Lamp
BOO-OUT-2078,OutdoorAdventure Classic Product,Books,Children Books,OutdoorAdventure,77.53,203.5,2023-12-06,,"Chang, Ayers and Buckley",5.41,86x87x34,79,98,5.320567975482857,4.363480717386783,5.31566600488265,4.350664958230868,4.369460510614755,203.22388881010775,102.29140707012832,74,Terra Wireless Earbuds
AUT-TEC-2079,TechPro Pro Equipment Series 811,Automotive,Tools,TechPro,43.17,126.29,2022-09-05,,"Chan, Floyd and Dillon",15.21,31x74x45,49,34,4.846467947882343,3.7880458256084353,4.838580849658078,3.765145809567386,3.8918407060656484,126.73096196027123,76.41526870084007,48,Lumen Max Wireless Earbuds
ELE-TEC-2080,TechPro Ultra Phone Set 894,Electronics,Smartphones,TechPro,38.53,106.05,2022-03-10,,Humphrey-Baker,47.56,59x50x47,206,11,4.6732960150356915,3.677059877308594,4.663910681010692,3.6514371586380663,5.32788102314673,106.33061811412723,64.51372654847779,210,Pulse Eco Portable Speaker
BEA-AUT-2081,AutoCare Classic Gear Edition 734,Beauty,Hair Care,AutoCare,14.67,34.98,2023-05-05,,"Washington, Lynch and Johnson",29.71,91x67x7,255,50,3.582963228522387,2.7517480563679295,3.554776469590456,2.6858045921548905,5.541267466719364,34.57762278226601,16.068492103898212,258,Pulse Edge Wireless Earbuds
HOM-BEA-2082,BeautyGlow Modern Vase,Home & Garden,Furniture,BeautyGlow,15.04,39.92,2023-03-09,,Powell-Montgomery,31.05,49x92x36,13,58,3.711618941083426,2.7750856024383683,3.686877451443263,2.7107133185216936,2.5650262775800314,39.839229160269234,26.112164138757407,8,Harbor Desk Lamp
ELE-STY-2083,StyleMax Modern Tablet,Electronics,Headphones,StyleMax,435.61,834.69,2024-01-12,,"Steele, Williams and Preston",31.6,17x63x29,383,53,6.728257730919284,6.079040348113738,6.7270603984327035,6.07674734763644,5.948037600143294,835.061535941411,380.8566440561452,378,Canyon Ultra Portable Speaker
CLO-FAS-2084,FashionForward Premium Dress,Clothing,Accessories,FashionForward,16.54,58.77,2023-04-08,,Vaughn-Williams,20.59,6x92x13,303,96,4.0905038628361625,2.864483986944037,4.073631520624559,2.805781689595545,5.713736105833956,59.20583738184558,37.73058234895574,301,Solstice Wireless Earbuds 2022
AUT-OUT-2085,OutdoorAdventure Modern Item,Automotive,Car Parts,OutdoorAdventure,29.58,64.92,2023-12-15,,Mccall-Prince,40.09,73x88x8,129,84,4.188441885601216,3.420346200500916,4.17315574264639,3.3870984572826535,4.859820156269611,64.88805348102487,43.39107985862031,127,Nimbus Edge Blender
ELE-OUT-2086,OutdoorAdventure Modern Laptop,Electronics,Gaming,OutdoorAdventure,152.98,338.19,2022-06-16,2024-08-19,Morgan LLC,16.64,19x92x14,495,19,5.826560422351095,5.0368227238499035,5.82360786772455,5.03030719389372,6.20455978276867,338.30114316142647,209.20679215209609,491,Harbor Classic Blender
CLO-FAS-2087,FashionForward Smart Shirt,Clothing,Shoes,FashionForward,14.75,51.45,2023-11-01,,Ramirez-Vasquez,38.65,10x43x16,114,53,3.9598603348423063,2.7568403652716422,3.9406104622800586,2.691243082785829,4.736207220285847,51.12369326717024,25.307312834623875,117,Canyon Select Blender 2024
AUT-SPO-2088,SportElite Modern Accessory,Automotive,Accessories,SportElite,15.91,26.63,2022-06-18,2024-08-25,"Cohen, Compton and Perez",28.18,61x68x28,406,99,3.318902138935325,2.827905162910489,3.282038399825841,2.7669478423496954,6.006355622652887,27.111345253614235,20.32264241086088,409,Lumen Smart Thermostat
SPO-OUT-2089,OutdoorAdventure Advanced Accessory,Sports,Fitness Equipment,OutdoorAdventure,16.83,35.82,2022-02-04,,Mccann-Ramos,27.91,59x13x9,44,43,3.6060411758049318,2.8808824318750488,3.578506396632566,2.8231630082027146,3.784212360932728,35.55703826735577,25.651996383802484,40,Aurora Action Camera
BEA-FAS-2090,FashionForward Classic Tool,Beauty,Hair Care,FashionForward,18.83,53.86,2022-05-21,2023-05-01,Adams-Butler,4.41,28x90x17,228,94,4.004784485509457,2.9871959425317045,3.9863880873834527,2.935451342669061,5.429350014909735,54.29387713865242,22.772050323418544,231,Aurora Max Yoga Mat 2024
BOO-OUT-2091,OutdoorAdventure Ultra Equipment Set 772,Books,Educational,OutdoorAdventure,19.42,34.54,2023-02-28,2023-10-06,"Davis, Alexander and Mcintyre",11.69,23x43x13,382,99,3.5706588227265055,3.01651481273652,3.5421180727185324,2.966303462863179,5.945423226404196,34.68665371601252,25.314436049195358,382,Aurora Smart Thermostat 2025
SPO-AUT-2092,AutoCare Premium Tool,Sports,Fitness Equipment,AutoCare,38.66,64.53,2023-11-13,,Figueroa-Malone,26.57,43x22x25,471,41,4.182508053051405,3.68034312309165,4.167130231947748,3.654805473780185,6.154860217156414,64.63558205898129,37.03031138908182,473,Harbor Coffee Grinder 2025
AUT-SPO-2093,SportElite Smart Accessory,Automotive,Accessories,SportElite,21.05,46.68,2022-04-12,,Nicholson-Robertson,27.7,85x74x9,74,95,3.8645120227570944,3.093312601892855,3.8433158074183553,3.0469005601283903,4.304078606626376,46.69243474079618,26.534106621032276,78,Solstice Action Camera
CLO-HOM-2094,HomeComfort Pro Jacket,Clothing,Accessories,HomeComfort,21.89,87.01,2023-08-03,,Jones Ltd,31.38,57x85x28,480,38,4.47745044438572,3.130700133964475,4.466023054577933,3.0860299115347716,6.1737881872331,86.74605641548341,52.40764864942223,478,Pulse Smart Thermostat
AUT-SMA-2095,SmartLife Premium Equipment Model 899,Automotive,Car Care,SmartLife,18.68,39.07,2022-07-17,,"Powell, Deleon and Warren",46.55,55x62x43,428,38,3.6906279246480533,2.9796028916241073,3.6653549090669792,2.9274534328006965,6.059125532027665,38.7529974713654,21.0080735819834,424,Vertex Wireless Earbuds
BEA-FAS-2096,FashionForward Classic Accessory,Beauty,Makeup,FashionForward,21.56,52.88,2022-09-05,,"Johnson, Lee and Whitaker",14.45,14x60x43,15,63,3.986759351542163,3.1161784266298582,3.9680251955434307,3.070839746040796,2.7081168655467533,52.606076484888774,37.248748261678585,11,Aurora Select Blender
ELE-STY-2097,StyleMax Elite Camera Model 502,Electronics,Smart Home,StyleMax,7.4,16.23,2023-10-28,,Wright Group,45.86,43x73x43,167,49,2.8466520505398383,2.128231705849268,2.7868613815264998,2.0014800002101243,5.117999800422779,15.92270949690137,9.218215301637944,170,Canyon Action Camera 2024
AUT-OUT-2098,OutdoorAdventure Modern Equipment,Automotive,Accessories,OutdoorAdventure,45.82,126.43,2023-08-27,,Hull Ltd,46.18,82x81x47,402,83,4.847567194224188,3.846310462062765,4.839688795323807,3.8247206770253497,5.996454576178116,126.70399278409542,82.50085924838187,397,Pulse Select Yoga Mat 2022
CLO-AUT-2099,AutoCare Pro Hat,Clothing,Shoes,AutoCare,16.07,43.16,2023-06-14,,Hill Group,3.24,85x39x22,447,46,3.78781940196884,2.837322536806349,3.764914140389934,2.776954179749421,6.102560831747532,43.01312275398339,23.026348178897873,448,Harbor Action Camera
BOO-AUT-2100,AutoCare Advanced Product,Books,Non-Fiction,AutoCare,49.31,99.75,2022-11-10,,"Sanders, Leblanc and Maldonado",16.82,91x57x22,135,86,4.612642200826793,3.9182038645032273,4.602667055769973,3.8981269002360346,4.905282185818402,99.31668582303213,73.84300694322313,140,Aurora Water Bottle 2024
SPO-KIT-2101,KitchenMaster Elite Accessory Kit 802,Sports,Outdoor Gear,KitchenMaster,1.48,3.03,2023-07-10,,Watson PLC,10.3,64x79x38,88,25,1.3937663759585917,0.9082585601768908,1.1085626195212777,0.3920420877760237,4.477348178050004,3.489720577537995,1.9948953945118135,85,Granite Eco Desk Lamp
BEA-SPO-2102,SportElite Smart Tool,Beauty,Hair Care,SportElite,131.57,361.24,2022-07-07,,Thompson-Harrell,40.5,52x36x30,247,44,5.892306975574764,4.887110807810759,5.889542557382598,4.879539029377747,5.509392385202777,361.61611016726414,262.49419003660165,244,Terra Edge Wireless Earbuds 2024
BOO-OUT-2103,OutdoorAdventure Advanced Product Series 358,Books,Children Books,OutdoorAdventure,17.71,29.88,2023-01-21,,"Arnold, Cooper and Monroe",49.19,5x13x17,415,42,3.4301087251565754,2.9290581402859983,3.3971893602646164,2.8741294517947424,6.028280929866349,30.299197237531306,20.862293338748096,411,Terra Pro Coffee Grinder 2023
SPO-OUT-2104,OutdoorAdventure Ultra Tool,Sports,Athletic Wear,OutdoorAdventure,54.45,97.95,2022-02-22,,Curry-Barker,31.44,67x81x11,243,65,4.594614672048575,4.015481713796376,4.58445714439055,3.9972828493789696,5.493065558558419,98.43500966619351,70.13652720937755,247,Terra Water Bottle 2023
SPO-STY-2105,StyleMax Elite Product Set 920,Sports,Team Sports,StyleMax,7.88,23.57,2022-02-12,,Johnson-Williams,13.94,75x73x22,65,22,3.201526186533088,2.1838015570040787,3.1599747169480397,2.064327903869788,4.17440265439268,23.250417344235096,16.899912000090723,65,Harbor Water Bottle
BEA-SPO-2106,SportElite Premium Accessory,Beauty,Fragrances,SportElite,34.87,52.81,2022-12-12,,"Chan, Lewis and Walker",36.01,41x60x20,118,38,3.9854593235013285,3.579901291544191,3.966700566718842,3.5516268606875596,4.770693099006027,52.70831717852461,24.757919849763287,122,Vertex Portable Speaker
BOO-OUT-2107,OutdoorAdventure Advanced Product System 698,Books,Educational,OutdoorAdventure,7.78,15.37,2022-08-14,,Byrd LLC,48.32,54x31x39,315,12,2.7954503913830435,2.172476407647025,2.7324175575505043,2.0515563381903004,5.752575813423769,15.62307370619001,10.713006809759063,311,Lumen Water Bottle 2024
CLO-KIT-2108,KitchenMaster Ultra Jacket Collection 965,Clothing,Mens Apparel,KitchenMaster,7.4,20.8,2022-09-05,,"Ortiz, Smith and Deleon",8.37,27x33x22,54,10,3.0819099697950434,2.128231705849268,3.0349529867072724,2.0014800002101243,3.989002564911327,20.99210020569272,9.008770031762447,58,Vertex Blender
CLO-SMA-2109,SmartLife Classic Jacket Series 967,Clothing,Kids Clothing,SmartLife,56.33,121.9,2023-12-31,,"Smith, Buck and Holland",7.6,54x83x29,11,79,4.811371016571989,4.048824046920291,4.803201036487226,4.031227252906622,2.3979861777572986,121.56081798821306,50.08662966679977,9,Granite Max Action Camera 2023
AUT-SPO-2110,SportElite Modern Equipment,Automotive,Car Care,SportElite,16.92,38.67,2022-11-26,2024-10-25,"Owen, Walker and Franklin",30.82,61x82x18,190,28,3.6805952345262387,2.8859174075467844,3.6550641056192057,2.8284963541780774,5.24702933530453,38.97951646249081,22.276630413079317,194,Nimbus Edge Desk Lamp
BEA-KIT-2111,KitchenMaster Classic Product,Beauty,Skincare,KitchenMaster,24.43,44.23,2022-11-18,,Marquez-Fletcher,13.78,96x42x19,194,86,3.8117605834897517,3.2359295794340284,3.789403291880235,3.195811885269649,5.267863313689218,43.959951760399925,32.65343242669259,197,Terra Portable Speaker
SPO-KIT-2112,KitchenMaster Smart Accessory,Sports,Fitness Equipment,KitchenMaster,43.95,95.74,2022-01-23,,Coleman-Bennett,17.32,53x7x36,223,67,4.572026967394837,3.8055507609176296,4.561636183964363,3.783052624131186,5.407176255754997,95.46934126252617,62.072323383426955,226,Solstice Prime Blender 2025
SPO-SMA-2113,SmartLife Ultra Gear Model 366,Sports,Fitness Equipment,SmartLife,31.38,69.59,2022-06-22,,Stevens-Robinson,29.32,71x81x38,414,35,4.256888491407381,3.477540948249489,4.2426208788567585,3.4461707473048864,6.025868389281334,69.62623493443554,33.48375035448373,414,Pulse Desk Lamp
AUT-SMA-2114,SmartLife Advanced Item,Automotive,Car Parts,SmartLife,23.0,37.6,2022-06-12,2024-11-20,Byrd-Holloway,27.69,37x15x38,477,42,3.653252276470785,3.1780538303479458,3.6270040503958487,3.1354942159291497,6.167518587322203,37.691081136144874,24.613923403320427,475,Vertex Ultra Desk Lamp
SPO-BEA-2115,BeautyGlow Elite Equipment Collection 334,Sports,Outdoor Gear,BeautyGlow,27.9,58.98,2022-06-20,,Silva-Smith,11.67,16x84x8,293,93,4.094011173320863,3.3638415951183864,4.07719840338713,3.32862668882732,5.680176021980526,59.05848448368105,45.1911455721655,294,Aurora Yoga Mat 2023
AUT-BEA-2116,BeautyGlow Modern Equipment,Automotive,Tools,BeautyGlow,174.7,323.96,2022-07-20,,"Levy, Franco and Hoffman",3.94,17x39x16,273,25,5.783702097832075,5.168777995193051,5.780620051380789,5.163070217140011,5.6094754581819135,323.55965710064976,186.78647173702367,268,Solstice Prime Trail Shoes
AUT-OUT-2117,OutdoorAdventure Advanced Accessory System 291,Automotive,Accessories,OutdoorAdventure,19.07,35.63,2022-01-09,,"Lynch, Evans and Rodriguez",8.67,39x70x6,256,74,3.6008675767907232,2.9992261628082466,3.5731879796177446,2.9481164196123277,5.545181350721933,35.99991164537778,16.630218922892748,254,Canyon Coffee Grinder
ELE-HOM-2118,HomeComfort Elite Phone,Electronics,Headphones,HomeComfort,66.76,199.29,2022-09-05,,Rogers LLC,41.73,78x40x34,125,68,5.299766316313141,4.215972050343799,5.29476105034526,4.2011040987936346,4.828321737270302,199.06028804173692,95.8732960794677,124,Granite Action Camera
CLO-SPO-2119,SportElite Elite Hat,Clothing,Mens Apparel,SportElite,28.23,58.85,2023-01-22,2024-05-10,"Nguyen, Hill and Douglas",23.09,67x91x30,281,79,4.091841432003982,3.3751955791231545,4.074991833706286,3.340385242265398,5.6383582280462745,58.48692462285715,42.692574139676914,283,Granite Edge Coffee Grinder
BEA-OUT-2120,OutdoorAdventure Modern Accessory,Beauty,Fragrances,OutdoorAdventure,54.32,110.33,2023-09-13,,"Evans, Hernandez and Cannon",41.9,56x37x38,479,62,4.712498763740616,4.013134506796558,4.703475874772215,3.9948924832504407,6.171702685091408,110.7109731182716,58.775808438160105,475,Lumen Blender
CLO-FAS-2121,FashionForward Elite Shirt System 476,Clothing,Accessories,FashionForward,31.49,116.0,2022-04-29,,Trujillo PLC,20.68,53x43x28,12,50,4.762173934797756,3.4809323496810087,4.7535901911063645,3.4496700351129332,2.4849899796493045,116.44653846826516,82.88644749678191,11,Aurora Wireless Earbuds
SPO-TEC-2122,TechPro Smart Equipment,Sports,Outdoor Gear,TechPro,35.69,93.7,2023-04-06,,Guerrero-Becker,39.55,100x22x46,406,48,4.550714000192032,3.6025042383671906,4.540098189244376,3.574870537502069,6.006355622652887,94.05488506492014,67.03451421889446,406,Aurora Ultra Water Bottle 2025
SPO-HOM-2123,HomeComfort Premium Product,Sports,Outdoor Gear,HomeComfort,7.18,13.49,2023-02-13,,"Johnson, Jimenez and Phillips",23.31,31x64x13,212,16,2.673458756332591,2.1016921506146558,2.6019486702196644,1.9712993830601329,5.35659099164202,13.79332575323038,6.212117922223443,211,Granite Yoga Mat 2023
CLO-STY-2124,StyleMax Ultra Dress Edition 495,Clothing,Womens Apparel,StyleMax,45.0,169.85,2023-03-20,2024-07-13,Sullivan-Doyle,17.8,70x75x35,20,71,5.140785978561301,3.828641396489095,5.134915694606593,3.8066624897703196,2.995782272304033,170.00213714102622,119.02400749538059,23,Granite Yoga Mat 2023
ELE-AUT-2125,AutoCare Smart Tablet,Electronics,Tablets,AutoCare,17.35,35.26,2022-04-14,2024-05-08,"Erickson, Armstrong and Lee",13.55,8x70x18,322,76,3.590715205326705,2.9096295745005794,3.562749176969724,2.8535925063928684,5.774554651129648,35.30984022319696,24.52978348066495,326,Canyon Select Smart Thermostat 2023
HOM-FAS-2126,FashionForward Classic Lamp,Home & Garden,Furniture,FashionForward,26.37,57.77,2023-09-29,,"Reeves, Parks and Little",18.46,71x79x12,452,66,4.073631520624559,3.309447523052588,4.056469609793174,3.2722270003651954,6.113684392219164,57.365247024713184,45.877204850800304,447,Granite Ultra Action Camera 2023
AUT-SMA-2127,SmartLife Premium Accessory,Automotive,Accessories,SmartLife,10.19,26.42,2023-08-03,,Knox-Powers,49.93,24x53x26,338,66,3.3112726741341683,2.4150205223238337,3.2741212990941793,2.321406847234633,5.8230488540585235,26.330284148809287,11.894242091809746,335,Canyon Pro Trail Shoes
BEA-HOM-2128,HomeComfort Elite Product Edition 382,Beauty,Hair Care,HomeComfort,18.96,39.65,2022-02-12,2022-08-23,"Evans, Jackson and Sandoval",47.68,29x58x41,99,63,3.7049988359938197,2.993730270883318,3.680090948080857,2.942331496826876,4.595129951093676,39.52523474667207,19.089189376903356,95,Nimbus Prime Trail Shoes
AUT-SMA-2129,SmartLife Ultra Product Series 267,Automotive,Tools,SmartLife,27.0,75.29,2022-09-29,,"White, Davis and Anderson",39.37,33x64x15,473,96,4.334541868102138,3.332204510175204,4.321347323862031,3.295836866004329,6.159097502654603,75.05455870808512,41.21008841125058,470,Nimbus Water Bottle
SPO-STY-2130,StyleMax Modern Gear,Sports,Fitness Equipment,StyleMax,26.82,79.64,2023-04-26,,Hardy-Hansen,12.98,76x75x26,323,95,4.3899948043230586,3.325755186495297,4.377516479195996,3.2891478778535324,5.777655419193096,79.85895171141482,39.92098640388396,327,Lumen Portable Speaker
HOM-HOM-2131,HomeComfort Ultra Tool,Home & Garden,Home Decor,HomeComfort,29.36,54.85,2022-01-23,,Arroyo LLC,13.68,70x43x36,498,61,4.02266952551521,3.4131259525274293,4.00460218672124,3.3796332037463146,6.210602085054766,54.8459582203772,40.541066825729004,501,Granite Blender
ELE-BEA-2132,BeautyGlow Ultra Phone,Electronics,Smart Home,BeautyGlow,274.16,706.52,2022-08-13,,"Davis, Kelly and Garner",12.51,24x17x49,277,74,6.561765897669082,5.617352746657813,6.5603515102872425,5.613711877566353,5.624021116289125,706.1094252915894,435.4368962445482,280,Terra Pro Desk Lamp 2022
HOM-SMA-2133,SmartLife Classic Tool,Home & Garden,Garden Tools,SmartLife,30.21,48.99,2022-06-16,,Fisher-Eaton,47.43,89x13x25,474,17,3.911822985425479,3.440738556282688,3.8916161956504833,3.4081729953985804,6.161209431397492,48.71577953791082,32.12865313291933,478,Granite Prime Yoga Mat 2023
SPO-SMA-2134,SmartLife Elite Equipment,Sports,Athletic Wear,SmartLife,16.12,24.92,2023-01-15,2024-03-11,Green-Carter,24.38,67x55x42,109,61,3.255014871484074,2.840247370713596,3.2156706939192525,2.7800607370784824,4.691357056498987,25.099593588386405,19.13817379183642,105,Nimbus Desk Lamp 2024
SPO-BEA-2135,BeautyGlow Smart Tool,Sports,Outdoor Gear,BeautyGlow,47.83,95.86,2023-09-05,,Ruiz Ltd,18.9,15x17x10,42,11,4.573266636975083,3.888344878073569,4.562888793731485,3.8676530576922055,3.7376934275237357,95.44460824230049,57.79627310744924,39,Aurora Prime Smart Thermostat
CLO-SMA-2136,SmartLife Modern Shirt,Clothing,Accessories,SmartLife,31.55,113.18,2023-12-16,,"Carpenter, Oliver and Kennedy",49.59,5x65x16,16,27,4.737776150536114,3.4827773686545784,4.728979471714378,3.4515735889872223,2.7726512202867375,113.5241827757678,49.008859678856695,14,Aurora Portable Speaker 2025
HOM-AUT-2137,AutoCare Pro Chair Model 438,Home & Garden,Bedding,AutoCare,6.65,10.98,2023-08-20,2024-03-27,Mason Ltd,30.76,29x26x30,421,72,2.4832385926873033,2.0347056478384444,2.3960754360813845,1.8946168546677629,6.042635208976472,10.975243596473696,8.604331441242351,424,Canyon Edge Action Camera
ELE-KIT-2138,KitchenMaster Ultra Monitor,Electronics,Tablets,KitchenMaster,99.23,188.56,2023-09-20,,Moreno-Gutierrez,3.34,82x38x15,329,99,5.244705597099387,4.607467545036775,5.239416258627876,4.5974403879261505,5.7960607902744306,188.5409748457801,128.8518499727995,326,Solstice Select Water Bottle
BOO-FAS-2139,FashionForward Smart Accessory Edition 972,Books,Fiction,FashionForward,37.75,75.81,2022-06-16,,Taylor and Sons,40.53,50x70x24,150,93,4.341334840010591,3.657130755799356,4.328230210068212,3.6309854756950335,5.0106419607407,75.90055962896633,54.419458421600076,151,Solstice Ultra Blender
BEA-SMA-2140,SmartLife Smart Gear,Beauty,Fragrances,SmartLife,15.37,27.9,2023-04-18,2024-03-21,Ortiz-Hudson,1.94,12x80x12,75,23,3.3638415951183864,2.7954503913830435,3.32862668882732,2.7324175575505043,4.3175014467807555,28.218187346606644,19.886523121642888,72,Aurora Desk Lamp
SPO-HOM-2141,HomeComfort Pro Gear,Sports,Outdoor Gear,HomeComfort,69.28,175.38,2023-08-17,,Thomas-Huffman,24.13,57x20x46,342,95,5.172640758460035,4.252487263318897,5.16695504835121,4.2381562642541795,5.834813661034938,175.23085302374415,76.51037784216906,343,Terra Classic Yoga Mat 2025
BOO-SPO-2142,SportElite Modern Accessory Collection 500,Books,Educational,SportElite,17.55,31.36,2022-03-09,2023-05-21,Maxwell Group,19.54,68x64x47,494,60,3.4769230921902907,2.920469789053444,3.445533195482207,2.865053949911875,6.202537541477372,31.53445582950788,19.323443497242003,495,Vertex Desk Lamp
AUT-FAS-2143,FashionForward Elite Gear,Automotive,Car Care,FashionForward,22.49,57.6,2023-11-06,,Welch-Thompson,45.78,77x94x16,3,31,4.070734696582967,3.1565747986708215,4.053522567701846,3.1130707659712242,1.09894556645823,57.66441732471588,35.37598028136001,6,Terra Portable Speaker 2025
HOM-STY-2144,StyleMax Modern Lamp Collection 345,Home & Garden,Garden Tools,StyleMax,17.19,39.0,2023-05-23,,"Brown, Hayes and Clark",45.37,97x28x31,19,11,3.6888794541139363,2.900871992530031,3.6635616461296463,2.844327819394758,2.944491609360395,38.77168770476603,19.221829649761627,15,Terra Coffee Grinder 2024
BEA-AUT-2145,AutoCare Advanced Gear Edition 890,Beauty,Hair Care,AutoCare,20.37,55.74,2023-05-29,,Johnston and Sons,7.48,92x89x37,140,77,4.038479429380705,3.0619880693310564,4.020698022053802,3.0140632302387145,4.941649565440937,56.111057386628055,41.421357539419624,140,Pulse Coffee Grinder
SPO-SMA-2146,SmartLife Premium Equipment,Sports,Outdoor Gear,SmartLife,7.49,17.87,2022-10-25,,Glover-Chan,37.81,10x41x26,9,62,2.9375733593804587,2.138889000323256,2.8831233291713367,2.0135687975291283,2.1973356822749484,18.16147750117479,10.989398494703815,12,Granite Prime Water Bottle 2024
BOO-FAS-2147,FashionForward Classic Equipment,Books,Fiction,FashionForward,5.5,13.26,2022-08-25,,Mendez Ltd,41.76,33x62x21,153,93,2.65745841498615,1.8718021769015913,2.5847519847577165,1.7047480922384253,5.030444457318788,13.415282797965256,8.424876939821141,149,Pulse Lite Water Bottle
AUT-SPO-2148,SportElite Ultra Equipment System 334,Automotive,Car Parts,SportElite,84.36,131.67,2023-04-06,,Powell-Sanford,0.21,11x14x22,274,79,4.887864841928826,4.446877606993498,4.880298792368253,4.435093355610574,5.613131756016447,132.01357009451235,74.09073156095198,270,Terra Select Blender
SPO-OUT-2149,OutdoorAdventure Ultra Tool,Sports,Fitness Equipment,OutdoorAdventure,9.37,21.04,2023-08-18,,Smith-Ferguson,33.1,41x19x20,473,59,3.092858984284714,2.3389170222414357,3.046425387869509,2.2375130962503307,6.159097502654603,21.399948316940606,8.563765377808787,472,Canyon Portable Speaker
BOO-HOM-2150,HomeComfort Smart Item,Books,Educational,HomeComfort,8.23,13.33,2023-10-25,,"Watson, Smith and Morris",24.05,17x21x21,86,94,2.6623552418400807,2.222459048514761,2.5900171341906173,2.1077860146889784,4.454358924092881,13.534195717180735,6.66180780299471,90,Harbor Action Camera
HOM-SMA-2151,SmartLife Elite Vase Collection 470,Home & Garden,Bedding,SmartLife,2.89,4.76,2022-10-23,,"Lee, Rhodes and Sims",27.16,75x86x9,39,29,1.7509374747077997,1.358409157630355,1.5602476682433286,1.0612565021243408,3.6635872868265618,5.090273061796398,3.2621204213242003,43,Lumen Portable Speaker
AUT-TEC-2152,TechPro Smart Item,Automotive,Car Parts,TechPro,11.3,30.42,2022-10-04,,Perez LLC,5.76,62x48x12,256,78,3.4474446328274753,2.509599262378372,3.4151002868311466,2.424802725718295,5.545181350721933,30.6135220324359,14.357092186428273,260,Vertex Portable Speaker
SPO-FAS-2153,FashionForward Ultra Item,Sports,Fitness Equipment,FashionForward,6.11,10.0,2022-06-30,,Anderson-Reyes,9.55,37x97x6,466,89,2.3978952727983707,1.9615022438151495,2.302585092994046,1.809926773183504,6.1441877800460905,10.176537956325095,7.44634230957544,468,Canyon Smart Thermostat
AUT-STY-2154,StyleMax Elite Product,Automotive,Car Parts,StyleMax,88.04,201.01,2023-12-08,,"Torres, Brown and Williams",23.99,85x49x6,174,59,5.30831720112637,4.489085706967289,5.303354658065305,4.477791256658261,5.159061046324451,201.12623915065086,158.45017265732616,179,Solstice Yoga Mat 2022
AUT-STY-2155,StyleMax Classic Product System 752,Automotive,Accessories,StyleMax,49.84,110.9,2023-08-24,,Bryant-Meyer,3.44,100x34x47,478,73,4.717605615317879,3.928683446321253,4.7086288943563215,3.908817874479198,6.169612824539477,111.14766230676649,79.82854638068238,481,Canyon Trail Shoes 2025
BOO-SMA-2156,SmartLife Advanced Accessory,Books,Children Books,SmartLife,10.81,30.81,2022-02-07,,"Morgan, Barron and Cowan",0.29,50x7x47,478,57,3.4597807057610526,2.468946630209271,3.4278393126085764,2.3804716316511167,6.169612824539477,30.47543300318721,20.230670573801437,474,Granite Select Blender
BEA-SMA-2157,SmartLife Premium Gear,Beauty,Hair Care,SmartLife,152.5,248.25,2022-04-09,,Ferrell-Henry,28.11,19x80x13,242,73,5.518456408841947,5.033700567027251,5.514436302925282,5.0271645960474665,5.488941858379554,248.62325334401496,148.12170306943307,241,Solstice Blender
BOO-STY-2158,StyleMax Premium Accessory,Books,Educational,StyleMax,48.6,95.65,2023-03-12,,Martin Group,42.95,12x43x47,493,27,4.57109620565434,3.903990833730882,4.560695695886262,3.883623530906448,6.200511202438199,96.01440665719034,53.187021547107975,494,Harbor Select Trail Shoes
BEA-SMA-2159,SmartLife Elite Gear,Beauty,Hair Care,SmartLife,14.99,31.76,2022-03-18,,Perez Ltd,18.25,68x44x24,208,12,3.4892082589848687,2.771963526845863,3.458207636378935,2.7073833121145063,5.337542887382069,31.29866233737387,13.638633523668561,208,Aurora Trail Shoes
ELE-AUT-2160,AutoCare Elite Camera Collection 637,Electronics,Tablets,AutoCare,4.48,11.86,2022-04-13,,Clark Inc,4.85,38x47x25,454,25,2.554121718809473,1.7011051009599243,2.4731713935695794,1.4996230464268938,6.118099400682094,12.179300415553467,7.259574272286978,454,Terra Portable Speaker
CLO-SPO-2161,SportElite Pro Pants Model 961,Clothing,Accessories,SportElite,76.15,268.16,2024-02-12,,"Wagner, Martinez and Dawson",42.98,96x75x41,445,98,5.595305998320117,4.34575157880917,5.591583817293718,4.332705079341171,6.098076529354726,267.796292470124,160.54113032156252,446,Solstice Coffee Grinder
BOO-OUT-2162,OutdoorAdventure Ultra Item,Books,Educational,OutdoorAdventure,5.75,15.12,2022-02-11,,Brooks Ltd,43.91,16x89x26,137,16,2.780060737078482,1.9095425048844383,2.716018370751387,1.749199854809259,4.919988225071559,14.958416477173959,11.666110835339603,134,Canyon Smart Thermostat
CLO-STY-2163,StyleMax Premium Shirt,Clothing,Mens Apparel,StyleMax,3.27,6.81,2023-01-05,,Wise-Dean,5.43,25x80x40,458,41,2.0554049638515943,1.4516138272405332,1.918392120161421,1.184789984909162,6.126871367517915,7.048638091165775,5.540478912982861,455,Canyon Desk Lamp
ELE-HOM-2164,HomeComfort Elite Camera,Electronics,Tablets,HomeComfort,151.8,422.15,2022-04-17,,"Vang, Stanley and Valdez",0.94,32x98x50,64,31,6.047726726116115,5.02912987673242,6.045360701115509,5.02256386496153,4.1588987082376025,421.81754469812734,244.4584590099109,68,Lumen Eco Coffee Grinder
BEA-SMA-2165,SmartLife Premium Accessory,Beauty,Makeup,SmartLife,180.51,344.77,2024-01-18,,Williams Inc,9.46,75x35x8,220,37,5.845773814135814,5.201310748605886,5.842877528043656,5.19578617790037,5.393632091796577,345.08160768363666,215.58233402197928,223,Aurora Flex Water Bottle
BOO-SPO-2166,SportElite Ultra Gear System 521,Books,Children Books,SportElite,69.81,200.1,2022-10-22,,Wallace-Martinez,30.86,20x95x31,130,92,5.303802296778606,4.260000233663683,5.2988172415896875,4.24577726598231,4.867542142733689,200.42549149439859,93.06313594896292,132,Aurora Wireless Earbuds
BOO-TEC-2167,TechPro Pro Equipment,Books,Children Books,TechPro,33.37,87.42,2023-12-09,2024-12-11,Wells-Hernandez,40.74,79x20x47,127,26,4.482098188398097,3.5371840908617425,4.470724089435168,3.5076572927632825,4.84419496044334,87.42731837908562,64.32274061941979,126,Pulse Trail Shoes 2022
BEA-SPO-2168,SportElite Smart Accessory Series 800,Beauty,Skincare,SportElite,34.3,71.77,2022-08-12,,"Jennings, Smith and Fisher",5.72,5x88x18,367,24,4.287303782358995,3.563882963939251,4.273466561441981,3.535145354171894,5.905364572846498,71.28625815428249,56.31695198253899,367,Pulse Action Camera
AUT-SMA-2169,SmartLife Pro Gear Collection 250,Automotive,Car Parts,SmartLife,43.3,111.99,2022-05-07,,Bates LLC,16.32,57x53x47,265,97,4.727299319221155,3.7909846770510898,4.718409581594602,3.768152635008444,5.579733599564007,111.78129737051141,69.34738347685494,270,Terra Edge Portable Speaker 2024
HOM-SPO-2170,SportElite Elite Table,Home & Garden,Garden Tools,SportElite,39.77,70.86,2023-11-13,,"Obrien, Taylor and Rivas",33.15,67x67x22,223,16,4.274719781685373,3.707946516831162,4.260706099437326,3.6831128592195994,5.407176255754997,70.97458838000823,50.037693578178626,227,Pulse Classic Blender
HOM-SMA-2171,SmartLife Modern Table Set 161,Home & Garden,Furniture,SmartLife,25.87,67.84,2023-06-21,,Hunt PLC,20.73,41x23x23,143,32,4.231784971343338,3.2910104226273997,4.2171519914836475,3.2530839961979376,4.962851623242449,68.31156245446688,53.29355581838341,138,Solstice Max Coffee Grinder 2024
SPO-FAS-2172,FashionForward Pro Tool,Sports,Fitness Equipment,FashionForward,22.06,43.12,2022-08-18,,Campbell Inc,34.45,40x66x29,138,30,3.786913194385302,3.138099514840913,3.7639869266007415,3.0937660138253564,4.927260931507761,43.24917725647633,22.064029906136188,142,Vertex Ultra Trail Shoes
SPO-FAS-2173,FashionForward Elite Item,Sports,Outdoor Gear,FashionForward,18.99,46.85,2023-01-29,,Gonzalez-Gonzalez,47.43,70x87x14,56,44,3.868071117898963,2.995232148512309,3.846951008684431,2.9439125248241944,4.02536954771857,46.61460750944288,35.210940450030954,51,Nimbus Smart Thermostat
BEA-OUT-2174,OutdoorAdventure Ultra Accessory Set 774,Beauty,Hair Care,OutdoorAdventure,10.19,23.18,2022-11-14,,Decker-Dudley,1.11,77x18x20,460,46,3.1855258451866466,2.4150205223238337,3.1432898379116057,2.321406847234633,6.131228663393821,23.31132558903762,12.9767669004934,458,Lumen Prime Desk Lamp
HOM-OUT-2175,OutdoorAdventure Elite Pot,Home & Garden,Kitchen,OutdoorAdventure,15.6,35.77,2022-06-02,,Warner-Phillips,16.44,93x75x31,290,53,3.6046822953131805,2.8094026953624973,3.5771095532709265,2.747270914255491,5.669884371250436,35.809185672121544,24.621683462965432,286,Lumen Yoga Mat 2022
ELE-SPO-2176,SportElite Elite Phone,Electronics,Headphones,SportElite,10.04,28.22,2023-03-12,,Kelley and Sons,40.25,80x30x45,205,95,3.3748534063225533,2.401525040848949,3.340030946424668,2.306577114263583,5.323014857175291,28.494248487248118,20.817942961649653,210,Lumen Ultra Desk Lamp
AUT-STY-2177,StyleMax Classic Equipment,Automotive,Car Care,StyleMax,18.38,52.13,2022-11-29,2024-05-06,"Fitzpatrick, Rivera and Smith",17.91,35x73x26,252,39,3.972741740462852,2.96424160646262,3.9537405987800147,2.911263116927541,5.529433055757518,51.74484102605042,33.535799947696084,253,Lumen Ultra Trail Shoes
SPO-STY-2178,StyleMax Pro Tool,Sports,Fitness Equipment,StyleMax,8.25,15.24,2022-02-14,,"Davis, Rodriguez and Andrews",20.68,99x14x11,348,80,2.787477334733532,2.224623551524334,2.7239235502585,2.1102132003465894,5.852205353333564,15.495807344451988,7.429026137411323,344,Terra Ultra Trail Shoes 2024
SPO-SPO-2179,SportElite Smart Product,Sports,Outdoor Gear,SportElite,7.44,11.57,2022-01-12,,Hernandez-Davis,20.52,40x87x42,455,67,2.531313022602156,2.1329823086078656,2.448415541205585,2.0068708488450007,6.120299616750733,11.610441247102589,7.467401222475335,459,Aurora Portable Speaker
CLO-AUT-2180,AutoCare Smart Shoes Set 356,Clothing,Mens Apparel,AutoCare,14.07,50.4,2023-07-04,,"Jones, Cummings and Conway",46.92,35x10x35,352,45,3.9396381724611196,2.712706012638404,3.919991175077323,2.644044871126298,5.863634016503153,50.853732163781814,25.41121026795527,348,Solstice Max Coffee Grinder 2024
BOO-TEC-2181,TechPro Modern Product,Books,Non-Fiction,TechPro,70.3,199.04,2022-04-13,2024-05-28,"Hall, Hinton and Phillips",11.54,78x40x5,218,99,5.298517346550703,4.26689632742025,5.2935058095508145,4.252771798816619,5.384499649934531,198.8850347227179,149.12508917972457,217,Canyon Pro Trail Shoes 2022
HOM-FAS-2182,FashionForward Elite Chair,Home & Garden,Bedding,FashionForward,45.9,136.37,2023-08-09,2024-11-12,Williams-Li,9.71,25x34x7,375,32,4.922678015337114,3.8480176754522337,4.9153717798697425,3.8264651170664994,5.926928692633522,136.49996945527127,67.00666549214105,373,Terra Water Bottle 2024
CLO-SPO-2183,SportElite Elite Dress,Clothing,Womens Apparel,SportElite,3.47,11.53,2022-08-20,,Phelps LLC,1.67,97x97x18,187,90,2.528125768907977,1.4973884086254774,2.4449523342809676,1.244154593958768,5.231113964433871,11.953387543399817,8.42984769289768,189,Lumen Max Coffee Grinder
AUT-SMA-2184,SmartLife Elite Accessory Collection 585,Automotive,Car Care,SmartLife,8.24,17.04,2022-06-25,,"Edwards, Rodgers and Davis",26.7,92x58x11,43,30,2.8925915146344776,2.2235418856535927,2.8355635214011694,2.1090003439213802,3.7612233712371035,16.650459533430865,8.80880486776919,41,Vertex Flex Trail Shoes
CLO-HOM-2185,HomeComfort Classic Shirt,Clothing,Mens Apparel,HomeComfort,25.86,87.9,2022-06-20,,Smith and Sons,26.06,76x91x38,486,85,4.487512142519859,3.2906381910950913,4.476199804691132,3.2526973733437115,6.186210681511546,88.32848391749172,50.67293634695882,486,Aurora Ultra Desk Lamp 2022
BOO-FAS-2186,FashionForward Elite Tool,Books,Educational,FashionForward,8.3,19.5,2023-04-05,,"Holland, Murphy and Kline",30.59,61x40x25,133,87,3.0204248861443626,2.2300144001592104,2.970414465569701,2.1162555148025524,4.8903566469904804,19.684128007854795,8.431540985717078,132,Nimbus Edge Action Camera
CLO-SPO-2187,SportElite Classic Dress,Clothing,Mens Apparel,SportElite,10.18,31.26,2022-04-04,,"Adams, Quinn and Watson",5.86,93x21x8,117,99,3.4738280726970627,2.414126467726953,3.4423393249933305,2.3204250111223765,4.762182481769778,30.83648031792307,19.891718973444785,122,Canyon Flex Portable Speaker
BOO-OUT-2188,OutdoorAdventure Modern Equipment,Books,Fiction,OutdoorAdventure,32.95,78.13,2024-01-26,,White-Morales,2.74,28x73x19,409,26,4.371092069621102,3.5248888540047054,4.358374106008653,3.4949912609485163,6.0137176010275875,77.93494429560788,60.2853233140381,405,Lumen Trail Shoes
CLO-OUT-2189,OutdoorAdventure Pro Pants,Clothing,Mens Apparel,OutdoorAdventure,5.61,12.17,2023-06-22,,Nelson-Cruz,13.06,47x75x13,423,32,2.5779415157551897,1.888583653863595,2.498973906999436,1.724550719534605,6.047374543109678,12.374008646872376,9.804394859959404,428,Canyon Prime Portable Speaker 2024
ELE-FAS-2190,FashionForward Smart Laptop,Electronics,Headphones,FashionForward,60.67,127.93,2023-10-14,2024-09-09,Marsh-Banks,31.28,14x59x45,279,20,4.859269621422746,4.1217975890034015,4.851483239328943,4.105449341954206,5.631215366044333,127.5060035894394,59.83303061421131,281,Canyon Lite Smart Thermostat 2024
BEA-FAS-2191,FashionForward Elite Accessory Set 445,Beauty,Hair Care,FashionForward,6.05,9.34,2024-02-23,2024-09-17,Wilson Ltd,38.79,93x8x6,42,51,2.336019869080283,1.9530276168241771,2.234306252240751,1.80005827204275,3.7376934275237357,9.420527050972748,5.559107133098616,38,Pulse Flex Action Camera
CLO-STY-2192,StyleMax Pro Hat Set 200,Clothing,Accessories,StyleMax,7.53,21.67,2023-07-06,,"Brown, Dunlap and Moore",2.96,85x100x43,13,29,3.1210424645194377,2.143589361503588,3.075928815548268,2.018895041811802,2.5650262775800314,21.5189653958139,10.542192346752389,16,Pulse Classic Smart Thermostat
HOM-SMA-2193,SmartLife Pro Tool,Home & Garden,Bedding,SmartLife,26.78,70.41,2022-09-25,,Pruitt-Webb,27.33,23x81x47,295,79,4.268437915561019,3.3243163373261977,4.254335298531042,3.2876553402630266,5.686978746164582,70.52849720741213,49.8093236556265,298,Pulse Pro Smart Thermostat 2024
SPO-FAS-2194,FashionForward Pro Product Set 395,Sports,Team Sports,FashionForward,4.79,10.79,2022-02-13,,"Gregory, White and James",23.5,69x60x34,13,15,2.4672517145492794,1.7561322915849038,2.378619779270043,1.5665304114228238,2.5650262775800314,10.344827193136261,6.847929068711164,10,Terra Classic Portable Speaker
BOO-TEC-2195,TechPro Ultra Product,Books,Fiction,TechPro,29.86,73.3,2022-04-01,,Carr-Huffman,25.84,72x24x30,193,82,4.308110951723713,3.4294608469350147,4.294560608892605,3.3965197921110444,5.262695370238613,73.66410607002932,58.04425492174617,191,Nimbus Coffee Grinder 2024
ELE-SMA-2196,SmartLife Elite Tablet,Electronics,Laptops,SmartLife,53.54,170.62,2023-01-14,,"Mcpherson, Anderson and Knapp",18.37,26x78x29,373,15,5.145282730378975,3.9989343774174424,5.139438861480548,3.9804290380922063,5.921581100605369,171.08401918979385,71.06882682852432,375,Lumen Eco Smart Thermostat 2023
BOO-FAS-2197,FashionForward Premium Equipment Edition 716,Books,Fiction,FashionForward,33.02,91.94,2023-07-26,,Clay Group,17.82,7x84x45,487,77,4.531954123656832,3.5269485869677157,4.521136190378082,3.497113438491982,6.188266176468572,92.39950029817997,49.23533590080532,490,Lumen Desk Lamp
CLO-STY-2198,StyleMax Premium Dress,Clothing,Womens Apparel,StyleMax,14.57,56.2,2023-02-06,,Brown Ltd,26.48,76x72x5,133,90,4.046553898385752,2.745345985845907,4.028916756899646,2.6789646202071133,4.8903566469904804,56.44465879510807,24.08594993031329,130,Pulse Wireless Earbuds
BEA-HOM-2199,HomeComfort Modern Equipment,Beauty,Hair Care,HomeComfort,68.56,128.45,2022-07-18,,Smith-Oneill,38.22,72x87x9,204,44,4.8632947061975464,4.242189689486082,4.855539723555893,4.227709274289524,5.3181248957929865,128.08748451532801,88.8672808220838,203,Granite Portable Speaker
CLO-STY-2200,StyleMax Elite Hat,Clothing,Womens Apparel,StyleMax,13.47,45.19,2024-01-14,,"Saunders, Ray and Cunningham",28.61,90x90x24,208,48,3.832763324442514,2.6720775406433925,3.810875823423188,2.6004649904222727,5.337542887382069,45.44309793201044,25.239758038892962,213,Solstice Desk Lamp 2025
CLO-SPO-2201,SportElite Classic Hat Kit 842,Clothing,Mens Apparel,SportElite,8.64,31.88,2023-03-18,,"Marks, Stone and Watts",15.55,37x15x34,447,15,3.492864570187979,2.265921108622454,3.461978853922014,2.1564025828159643,6.102560831747532,31.414095178129624,16.605491109582555,449,Nimbus Portable Speaker
AUT-BEA-2202,BeautyGlow Classic Product,Automotive,Accessories,BeautyGlow,22.42,58.87,2024-02-15,,"Davis, Stanley and Wright",43.69,28x56x19,369,96,4.092175544937261,3.1535903581695712,4.07533162304017,3.109953417644014,5.910799354063955,58.40168108049841,39.30317033573811,366,Nimbus Eco Smart Thermostat 2022
HOM-OUT-2203,OutdoorAdventure Elite Lamp Set 846,Home & Garden,Bedding,OutdoorAdventure,32.75,50.27,2022-03-28,,Alvarado-Davidson,15.46,40x42x37,294,77,3.9371057857956093,3.518980417318539,3.917408477704484,3.488902962081261,5.683583168693441,50.09713801476656,23.082572252542807,295,Terra Ultra Action Camera 2023
BOO-SPO-2204,SportElite Pro Gear Kit 612,Books,Fiction,SportElite,20.99,47.81,2022-10-10,,Combs PLC,48.63,64x83x49,31,96,3.887935209899056,3.09058780456667,3.867234822638012,3.0440461338325417,3.434019462029382,47.79887032659658,20.12979708386988,36,Terra Blender
BEA-TEC-2205,TechPro Ultra Accessory,Beauty,Hair Care,TechPro,20.83,62.28,2022-10-26,,"Brown, Schneider and Moore",45.83,31x50x17,424,77,4.147569323459399,3.0832851705618527,4.131640346965797,3.0363942552728806,6.049735813719742,62.54499926945164,27.898694339614455,426,Canyon Edge Water Bottle
HOM-AUT-2206,AutoCare Pro Vase,Home & Garden,Home Decor,AutoCare,10.68,28.94,2022-04-15,2024-06-17,Christian-Booth,22.79,64x97x12,278,16,3.3991953789914824,2.4578779774000807,3.365224721203338,2.3683728335320486,5.62762471080647,29.119629469074376,14.687160978385968,282,Solstice Wireless Earbuds
BOO-SPO-2207,SportElite Pro Accessory,Books,Non-Fiction,SportElite,11.06,24.76,2022-05-18,,Walton LLC,16.22,33x10x31,437,14,3.248822901236153,2.4898941912990393,3.2092294478163956,2.403334996094189,6.079935483422491,24.706984652249215,17.0234614883971,442,Terra Yoga Mat
BEA-STY-2208,StyleMax Modern Gear,Beauty,Skincare,StyleMax,5.68,9.34,2023-05-28,,Rivera LLC,38.97,97x72x5,5,33,2.336019869080283,1.8991179875485544,2.234306252240751,1.7369512327330598,1.6096378924367667,9.118154132956032,6.267395915071951,2,Pulse Trail Shoes
CLO-TEC-2209,TechPro Pro Dress,Clothing,Mens Apparel,TechPro,49.39,109.84,2022-05-11,,Hunter PLC,26.24,6x36x49,193,52,4.7080877199947775,3.9197927426925068,4.699024761459715,3.8997479745525334,5.262695370238613,110.32718201015456,45.74781384203932,189,Lumen Action Camera
SPO-BEA-2210,BeautyGlow Ultra Tool Kit 525,Sports,Athletic Wear,BeautyGlow,6.56,18.85,2023-09-28,,"Gray, Montoya and Miller",19.65,83x49x13,453,17,2.9882040071331994,2.0228711901914416,2.93651291389402,1.8809906029559975,6.115894332986116,18.777657676191254,14.944878643331961,457,Aurora Coffee Grinder
ELE-KIT-2211,KitchenMaster Pro Phone,Electronics,Tablets,KitchenMaster,27.31,73.59,2023-08-12,,Solis-West,27.01,33x34x30,271,71,4.312006449967072,3.343215099123808,4.298509146938508,3.3072529354856135,5.602122510909793,73.54235928384308,37.76988566813047,272,Aurora Water Bottle
HOM-KIT-2212,KitchenMaster Elite Vase Set 840,Home & Garden,Furniture,KitchenMaster,10.52,18.27,2022-08-09,,West-Wilson,25.34,14x35x33,140,52,2.958549482426275,2.444084655267745,2.9052603703899154,2.3532782073095637,4.941649565440937,17.940351344767837,9.2841593589601,143,Harbor Edge Blender
HOM-STY-2213,StyleMax Pro Lamp,Home & Garden,Garden Tools,StyleMax,44.94,114.3,2024-01-19,,Mcgee-Smith,26.03,57x100x7,424,56,4.747537427275013,3.8273361972609523,4.738826570800765,3.8053282667571833,6.049735813719742,114.58891335777493,63.12980354354435,419,Pulse Eco Action Camera
BEA-AUT-2214,AutoCare Smart Equipment,Beauty,Skincare,AutoCare,15.4,33.01,2024-02-01,2026-07-10,Gutierrez-Hawkins,4.89,100x21x32,399,12,3.526654599019104,2.797281334830153,3.4968105458651015,2.7343675094195836,5.988963923152387,33.199808581265856,13.411277199131904,396,Vertex Select Smart Thermostat
ELE-TEC-2215,TechPro Smart Tablet,Electronics,Laptops,TechPro,190.14,577.7,2022-04-01,,Petersen PLC,38.16,54x24x48,233,19,6.360784208579793,5.253006143838034,6.35905470278722,5.247760642930884,5.451042745401984,577.4263542205331,389.90612115666454,232,Pulse Pro Action Camera 2022
HOM-STY-2216,StyleMax Elite Table Model 464,Home & Garden,Kitchen,StyleMax,10.96,17.29,2023-03-17,,"Walsh, Wu and Hart",9.25,78x18x36,320,72,2.906354462402774,2.481567748522486,2.850128299695199,2.3942522815198695,5.76832412078889,16.880733424703525,11.208996977925445,317,Aurora Desk Lamp
SPO-KIT-2217,KitchenMaster Smart Tool,Sports,Outdoor Gear,KitchenMaster,25.82,49.97,2022-02-11,2023-06-17,"Powers, Clements and Cox",44.83,5x72x33,399,34,3.93123722435195,3.2891478778535324,3.9114228253561136,3.2511493854184965,5.988963923152387,50.14688931603322,38.53408525193271,394,Granite Eco Desk Lamp
HOM-SPO-2218,SportElite Modern Pot,Home & Garden,Bedding,SportElite,9.47,24.67,2023-06-26,2024-02-08,Velasquez Group,10.68,87x52x44,370,25,3.245322994883049,2.3485140248824456,3.2055879305412653,2.248128907197987,5.91350570833732,24.821420989995513,15.460785207701361,371,Terra Action Camera
ELE-AUT-2219,AutoCare Modern Camera,Electronics,Smartphones,AutoCare,466.45,1235.14,2022-02-18,,Castro-Harvey,49.66,79x95x9,411,47,7.119748900211646,6.1472923911373245,7.118939602961168,6.14515083340697,6.018595647583299,1234.9177943364584,858.984847376078,412,Granite Water Bottle
HOM-HOM-2220,HomeComfort Premium Pot,Home & Garden,Home Decor,HomeComfort,6.9,20.61,2023-08-20,,Moran-Cox,20.2,81x95x41,319,90,3.0731561705187946,2.066862759472976,3.0257763949023677,1.9315214116032138,5.7651942375761696,21.0518462910054,13.949907403756715,323,Solstice Ultra Desk Lamp
SPO-BEA-2221,BeautyGlow Modern Item,Sports,Athletic Wear,BeautyGlow,26.54,51.59,2023-07-03,,Wilson-Malone,29.01,86x77x20,75,52,3.962525987601253,3.315639493300509,3.9433278552565585,3.2786530289040616,4.3175014467807555,51.248036733945284,23.890363081502276,77,Solstice Select Water Bottle
BOO-BEA-2222,BeautyGlow Premium Tool,Books,Fiction,BeautyGlow,35.53,83.65,2022-07-19,,Smith LLC,44.54,18x28x19,150,28,4.438525108579144,3.5981338408071912,4.426641427432833,3.5703774100329357,5.0106419607407,83.58368810502175,35.590452161713316,149,Aurora Blender
AUT-SMA-2223,SmartLife Premium Equipment,Automotive,Accessories,SmartLife,29.15,44.73,2023-07-26,,"Brandt, Carter and Boyd",19.96,20x63x31,497,13,3.822754537669964,3.4061849231731944,3.8006444174447567,3.3724549127965013,6.208592038167039,45.16474360176424,32.776360251218506,501,Nimbus Classic Portable Speaker 2024
BEA-HOM-2224,HomeComfort Smart Gear,Beauty,Fragrances,HomeComfort,17.0,50.87,2022-08-22,,"Rodriguez, Prince and Vasquez",11.1,90x89x43,464,56,3.9487405883633087,2.8903717578961645,3.9292733588346738,2.833213344056216,6.139886707396347,50.791332770587594,33.06497617545082,463,Canyon Edge Water Bottle 2025
BEA-OUT-2225,OutdoorAdventure Elite Accessory,Beauty,Makeup,OutdoorAdventure,17.87,47.1,2022-10-19,,"Newton, Ortiz and King",44.87,57x89x12,72,98,3.8732821771117156,2.9375733593804587,3.8522730010223722,2.8831233291713367,4.276680007808494,47.2357554287108,20.242777896685052,71,Nimbus Water Bottle
BOO-AUT-2226,AutoCare Premium Tool,Books,Children Books,AutoCare,20.89,55.91,2023-02-20,,Lopez Group,18.0,91x23x32,338,44,4.041471072615033,3.0860299115347716,4.0237432550385535,3.0392705755684744,5.8230488540585235,55.809642510003535,43.26791076993918,333,Aurora Coffee Grinder 2025
ELE-SMA-2227,SmartLife Classic Tablet,Electronics,Smart Home,SmartLife,47.13,89.65,2022-08-10,2024-06-13,Bryant and Sons,40.46,17x91x48,451,28,4.50700593720086,3.873905683315018,4.495913200051142,3.8529097409356394,6.111469556795121,89.42873089830171,68.23911079300237,455,Lumen Smart Thermostat
AUT-OUT-2228,OutdoorAdventure Advanced Tool,Automotive,Tools,OutdoorAdventure,47.82,138.0,2022-05-04,,"Morgan, Sherman and Williams",9.68,39x56x39,76,40,4.9344739331306915,3.888140064964814,4.927253685157205,3.867443962030179,4.330746498094504,138.47429809500062,101.76249128939112,75,Pulse Ultra Yoga Mat
BOO-OUT-2229,OutdoorAdventure Ultra Accessory,Books,Educational,OutdoorAdventure,146.86,408.55,2022-06-18,,"Monroe, Chapman and Barton",11.26,5x90x37,222,86,6.015058995961611,4.996265880128954,6.012614305830716,4.989479752023464,5.402681886366639,408.4611473261888,229.52039100865673,222,Terra Yoga Mat
SPO-STY-2230,StyleMax Premium Item,Sports,Athletic Wear,StyleMax,12.16,32.17,2023-05-31,,Ellis-Lawrence,4.15,29x83x26,421,13,3.501645852958961,2.5771819258971713,3.471034341250935,2.498151876538021,6.042635208976472,32.55621721960556,24.085450599525004,416,Aurora Smart Thermostat
ELE-SMA-2231,SmartLife Premium Monitor,Electronics,Smartphones,SmartLife,13.88,26.53,2023-10-07,,"Taylor, Porter and Moreno",42.91,46x11x34,208,32,3.315276319154516,2.700018029404946,3.2782761681496484,2.6304489550786583,5.337542887382069,26.265355513773265,10.841536281702334,213,Harbor Prime Portable Speaker 2022
AUT-KIT-2232,KitchenMaster Modern Accessory,Automotive,Tools,KitchenMaster,18.55,31.82,2024-01-18,,Tran Group,31.91,39x7x36,225,66,3.4910380856619447,2.972975286431375,3.4600950229096408,2.920469789053444,5.416104846638988,31.53884260994458,19.595530421242756,226,Harbor Max Yoga Mat 2024
BOO-SMA-2233,SmartLife Elite Item,Books,Educational,SmartLife,204.74,445.01,2022-05-24,,"Webb, Romero and Morse",38.17,57x90x13,305,27,6.100341373293369,5.326613235702884,6.098096753823863,5.321740881491625,5.720315055290561,444.5505114012268,266.4603828207548,300,Aurora Trail Shoes
HOM-OUT-2234,OutdoorAdventure Pro Pot,Home & Garden,Furniture,OutdoorAdventure,9.74,25.21,2023-05-01,,Holt and Sons,46.16,25x77x49,477,87,3.266141017335315,2.3739750890807185,3.2272407411998283,2.2762411176544437,6.167518587322203,25.358633488868367,17.784936617062336,482,Vertex Pro Smart Thermostat 2023
ELE-TEC-2235,TechPro Classic Monitor,Electronics,Tablets,TechPro,281.21,609.65,2022-07-19,,"Ochoa, Garcia and Sandoval",22.75,16x21x25,183,31,6.414523963617097,5.64265147465197,6.412885022006273,5.639101721181868,5.209491617307365,609.5211558168493,372.79282969035387,179,Canyon Desk Lamp
CLO-SMA-2236,SmartLife Pro Jacket,Clothing,Kids Clothing,SmartLife,46.63,100.63,2022-01-11,,"Andrade, Gordon and Cruz",49.81,26x91x11,40,87,4.621338767149675,3.863462814812769,4.611450423945242,3.8422441108202294,3.6889044538014413,100.98707108484284,54.05176923941809,36,Pulse Trail Shoes
CLO-SMA-2237,SmartLife Pro Pants,Clothing,Mens Apparel,SmartLife,7.82,19.37,2023-06-10,,"Moon, Farmer and Hill",15.96,64x68x39,293,54,3.0140632302387145,2.1770218700187,2.9637254774189046,2.05668455455722,5.680176021980526,19.343745708557726,9.662764759117605,292,Vertex Smart Thermostat
SPO-SPO-2238,SportElite Smart Equipment Kit 658,Sports,Fitness Equipment,SportElite,33.52,65.2,2022-09-28,,Waller-Chavez,36.33,26x79x25,24,28,4.192680462942962,3.541538866215227,4.177459468932607,3.5121422756138823,3.178095496146581,65.65882955935643,32.727825266329546,28,Granite Wireless Earbuds
AUT-BEA-2239,BeautyGlow Premium Item,Automotive,Accessories,BeautyGlow,86.97,167.6,2022-02-24,,Taylor PLC,10.32,37x18x30,240,78,5.127529045567755,4.476995847264583,5.121580188047982,4.465563231601674,5.480643089999978,167.29181500538905,95.1628707570801,241,Vertex Wireless Earbuds
ELE-FAS-2240,FashionForward Modern Camera,Electronics,Laptops,FashionForward,37.37,115.15,2022-03-18,2023-02-26,"Tanner, Hunt and Cameron",31.99,67x80x39,423,33,4.754882459216418,3.647275904258861,4.746235626266694,3.6208682434973927,6.047374543109678,115.5112507045965,50.623509085090035,418,Aurora Yoga Mat 2023
ELE-SPO-2241,SportElite Ultra Monitor,Electronics,Gaming,SportElite,44.54,106.36,2023-08-10,,"Valencia, Joseph and Walls",36.75,67x98x48,310,66,4.676187673223372,3.8185910606355935,4.666829566374819,3.7963876618292214,5.7365755232804405,106.6310649157359,50.44042424109685,314,Canyon Prime Action Camera
CLO-SPO-2242,SportElite Smart Shirt,Clothing,Shoes,SportElite,7.65,18.01,2023-11-29,,"Robinson, Clark and Klein",20.48,48x34x41,384,67,2.944965156500338,2.157559320943788,2.8909271591878647,2.0347056478384444,5.950645156751003,18.275503407751174,9.086228566198407,379,Lumen Eco Wireless Earbuds
BEA-FAS-2243,FashionForward Classic Equipment,Beauty,Skincare,FashionForward,8.06,24.11,2023-04-10,,"Reed, Chambers and Zavala",3.15,68x35x30,265,28,3.2232661731694936,2.203869120054888,3.1826266921930797,2.086913556518537,5.579733599564007,24.44788756355455,19.01453503406096,260,Vertex Water Bottle 2025
AUT-AUT-2244,AutoCare Premium Equipment,Automotive,Car Parts,AutoCare,11.2,18.21,2022-06-25,,"Hester, Thompson and Daniels",31.5,46x91x15,44,60,2.955430976780465,2.501435951739211,2.9019708937395166,2.4159137783010487,3.784212360932728,18.46580351112414,14.72183996933732,44,Granite Coffee Grinder
BEA-TEC-2245,TechPro Advanced Tool,Beauty,Hair Care,TechPro,6.68,19.4,2023-12-05,,"Morris, Wilson and Bell",28.51,98x14x38,333,32,3.0155349008501706,2.038619547159581,2.9652730660692823,1.8991179875485542,5.808145492978937,19.523695915198786,13.959854316968485,329,Aurora Trail Shoes
ELE-HOM-2246,HomeComfort Advanced Monitor,Electronics,Smart Home,HomeComfort,56.49,137.81,2023-09-01,,Aguilar-Bender,27.92,73x92x22,120,65,4.9331060915870175,4.0516110196351995,4.925875924887054,4.034063631337171,4.787500076080657,137.44861998012874,73.47873506103925,115,Granite Portable Speaker
BOO-OUT-2247,OutdoorAdventure Premium Product Series 971,Books,Educational,OutdoorAdventure,10.04,20.05,2022-02-04,,"Butler, Adkins and Skinner",34.62,34x89x39,221,86,3.0469005601283903,2.401525040848949,2.998229153752578,2.306577114263583,5.398167226394394,19.59187565590143,12.451048495838844,221,Pulse Classic Yoga Mat 2025
BEA-OUT-2248,OutdoorAdventure Ultra Accessory System 445,Beauty,Hair Care,OutdoorAdventure,24.79,68.65,2023-09-17,,Rich-Henderson,31.51,87x15x23,177,67,4.243482700225814,3.2499868198932536,4.229021132213981,3.210440346047099,5.176155382275383,69.06243089085937,44.13348292352432,173,Canyon Wireless Earbuds
BEA-TEC-2249,TechPro Modern Item,Beauty,Fragrances,TechPro,4.95,8.76,2023-07-12,,Mills Inc,19.59,30x74x47,95,13,2.278292400425001,1.7833912195575383,2.1701959049483,1.599387576580599,4.553887417860929,8.874317308230323,3.9594119534443935,95,Solstice Pro Water Bottle
BOO-BEA-2250,BeautyGlow Classic Item,Books,Children Books,BeautyGlow,27.05,43.16,2023-10-05,,Thomas-Santiago,23.12,83x73x36,196,79,3.78781940196884,3.3339886319687055,3.764914140389934,3.2976870052924907,5.278119761258318,43.45060654515665,19.19538565587076,200,Aurora Blender 2022
CLO-KIT-2251,KitchenMaster Classic Shoes,Clothing,Accessories,KitchenMaster,23.73,87.6,2022-05-13,,Adams and Sons,28.88,68x100x7,404,92,4.484131857611035,3.208017081533325,4.472780997942346,3.166740070447672,6.001417353205611,87.58189190448229,38.21459764415772,406,Lumen Trail Shoes
BOO-OUT-2252,OutdoorAdventure Premium Equipment,Books,Educational,OutdoorAdventure,3.34,8.43,2022-09-01,,Vega-Thomas,34.81,8x89x28,386,59,2.2438960966453663,1.4678743481123135,2.131796772013764,1.205970806988609,5.95583996013505,8.054962025183146,5.432659225400087,382,Harbor Ultra Yoga Mat
SPO-FAS-2253,FashionForward Premium Item,Sports,Team Sports,FashionForward,28.12,49.27,2023-07-09,,Vaughn LLC,37.35,52x39x21,93,77,3.917408477704484,3.3714252233284854,3.8973153765558717,3.336481066942464,4.532610245783618,48.9026820763585,25.60435257812374,98,Aurora Portable Speaker
SPO-KIT-2254,KitchenMaster Classic Product Set 934,Sports,Athletic Wear,KitchenMaster,60.64,146.56,2022-07-10,,Molina Inc,31.73,22x92x39,378,83,4.994234872728475,4.121311010451915,4.9874349009258205,4.104954741334116,5.934896841118734,146.74185398148438,101.44950053595166,381,Terra Trail Shoes 2023
AUT-SMA-2255,SmartLife Smart Product,Automotive,Car Care,SmartLife,6.76,19.29,2023-08-10,,Cervantes-Garcia,17.08,26x38x10,350,97,3.0101281538377234,2.048982334195127,2.9595868269176377,1.9110228900548727,5.857936011622235,19.221699777001472,13.911821827240601,352,Granite Portable Speaker 2022
HOM-OUT-2256,OutdoorAdventure Advanced Pot,Home & Garden,Kitchen,OutdoorAdventure,90.5,201.35,2022-12-18,,"Stevenson, Hancock and Newton",48.43,26x56x42,113,98,5.309998871321874,4.516338972281476,5.305044687297463,4.505349850705881,4.727396668230706,201.05651423216634,145.9965880703806,117,Vertex Classic Yoga Mat
CLO-OUT-2257,OutdoorAdventure Advanced Shirt System 208,Clothing,Kids Clothing,OutdoorAdventure,17.03,53.14,2023-02-05,,"Price, Dixon and Robles",1.38,87x67x38,134,59,3.9915732841861553,2.8920370372152258,3.9729299403316674,2.834976494674597,4.897847262609633,53.13176265580661,35.234697758858424,129,Harbor Action Camera
AUT-TEC-2258,TechPro Advanced Equipment,Automotive,Car Care,TechPro,10.65,20.56,2022-09-25,,"Roberts, Beck and House",9.79,85x84x12,449,96,3.0708397460407966,2.4553061800117097,3.0233474405869645,2.365559892155434,6.107025114911266,20.13292475833363,12.643818043347155,450,Pulse Classic Yoga Mat 2022
BOO-STY-2259,StyleMax Modern Tool,Books,Fiction,StyleMax,19.1,30.0,2023-06-19,,Butler-French,16.75,35x39x7,44,56,3.4339872044851463,3.0007198150650303,3.4011973816621555,2.9496883350525844,3.784212360932728,30.08033197387611,14.06617481159944,48,Granite Ultra Action Camera 2024
CLO-BEA-2260,BeautyGlow Pro Dress Series 434,Clothing,Shoes,BeautyGlow,19.04,69.6,2022-07-27,2023-07-19,"Edwards, Arnold and Smith",18.37,32x58x35,372,77,4.257030144499196,2.997730276216664,4.242764567340374,2.9465420293632194,5.918896542441576,69.37361353634638,52.17197947506675,372,Vertex Lite Smart Thermostat
ELE-SMA-2261,SmartLife Modern Tablet System 372,Electronics,Laptops,SmartLife,58.91,184.61,2022-06-03,,Harris-Melton,32.2,18x41x10,18,55,5.223647698211007,4.0928434360958335,5.218245491782478,4.076010855533596,2.8904273119085677,184.90160791862445,93.56569798119013,18,Vertex Select Smart Thermostat
CLO-SMA-2262,SmartLife Pro Hat,Clothing,Shoes,SmartLife,18.75,55.22,2022-03-03,,Greer-Pruitt,41.76,66x5x22,184,26,4.029272565478386,2.9831534913471307,4.011325206502009,2.9311937524164198,5.214941192376826,55.0341547197451,32.32805498617085,184,Solstice Portable Speaker
CLO-OUT-2263,OutdoorAdventure Advanced Jacket Collection 438,Clothing,Accessories,OutdoorAdventure,5.83,18.17,2024-03-05,,"Mckinney, Richardson and Chapman",3.01,46x79x37,212,67,2.9533465570575532,1.9213246735826988,2.89977188240808,1.763017000362401,5.35659099164202,18.126115746100165,12.413160352921926,212,Harbor Classic Trail Shoes
BOO-BEA-2264,BeautyGlow Ultra Product Kit 445,Books,Children Books,BeautyGlow,23.39,52.99,2024-01-29,,"Morrison, Parsons and Brandt",14.05,85x48x42,216,56,3.9887988442301956,3.194173212227829,3.9701032165046706,3.1523085805960878,5.3752830373030775,52.51138812910994,31.657654310876005,220,Harbor Prime Smart Thermostat 2022
AUT-KIT-2265,KitchenMaster Ultra Product,Automotive,Car Care,KitchenMaster,5.63,11.01,2023-09-22,,Cole-Lucero,48.38,93x59x26,13,27,2.485739636091892,1.891604804197771,2.3988039507345884,1.728109442151599,2.5650262775800314,10.590997950038668,7.202124021575414,14,Aurora Flex Action Camera
AUT-TEC-2266,TechPro Premium Product,Automotive,Car Parts,TechPro,18.17,37.41,2022-08-24,,Lopez and Sons,43.93,14x35x13,329,24,3.6483178423578133,2.9533465570575532,3.6219380483600547,2.89977188240808,5.7960607902744306,37.30464368527855,20.949064969267173,326,Terra Blender
AUT-AUT-2267,AutoCare Pro Product Model 592,Automotive,Car Care,AutoCare,8.9,13.81,2022-07-28,,"Palmer, Bennett and Patterson",21.34,99x28x48,51,46,2.6953026282797072,2.2925347571405443,2.6253929674212007,2.186051276738094,3.9318452403752318,13.790340058022782,8.639129955106057,51,Canyon Classic Smart Thermostat
HOM-OUT-2268,OutdoorAdventure Classic Vase,Home & Garden,Bedding,OutdoorAdventure,10.36,31.01,2023-05-18,2025-10-20,"Baker, Martin and Singleton",49.52,33x59x33,460,91,3.4660483539817717,2.4300984132930052,3.4343097331123578,2.337952236831337,6.131228663393821,31.10802013715692,22.84068390602726,457,Aurora Action Camera
AUT-BEA-2269,BeautyGlow Classic Product,Automotive,Accessories,BeautyGlow,61.1,103.54,2023-06-12,,Rivera Ltd,35.21,52x41x18,486,18,4.649569773284776,4.128745988939433,4.639958011473755,4.11251186617755,6.186210681511546,103.33582932713513,77.84977998382006,487,Canyon Trail Shoes
BOO-HOM-2270,HomeComfort Pro Accessory Set 164,Books,Non-Fiction,HomeComfort,53.63,90.61,2023-09-14,2026-01-01,Williams LLC,0.45,44x84x10,30,58,4.517540436027117,4.000583182407627,4.5065645822339695,3.9821086129948338,3.4012307144399454,90.80108224840401,52.78464196165168,31,Pulse Coffee Grinder
BEA-STY-2271,StyleMax Smart Equipment Collection 308,Beauty,Skincare,StyleMax,34.75,89.53,2023-04-20,,"Williams, Randolph and Gilbert",26.67,65x56x38,361,21,4.505681287487349,3.5765502691400166,4.494573764646065,3.548179572010801,5.888880728412147,89.88291994924542,39.4617285865921,363,Nimbus Coffee Grinder
BEA-HOM-2272,HomeComfort Elite Gear,Beauty,Fragrances,HomeComfort,7.52,14.89,2024-02-04,,"Turner, Tyler and Pierce",28.15,39x66x13,194,29,2.7656899805486246,2.1424163408412245,2.7006898466959175,2.017566137961748,5.267863313689218,15.164253969115483,10.045058489856322,190,Nimbus Smart Thermostat 2023
AUT-AUT-2273,AutoCare Elite Tool Set 894,Automotive,Car Parts,AutoCare,15.11,42.04,2024-01-30,,Bowers LLC,44.99,75x35x11,200,16,3.762129915853529,2.779440197188883,3.7386215460087504,2.715356776284648,5.298322366535537,41.58882644884139,21.077215460567587,203,Vertex Eco Water Bottle
BOO-FAS-2274,FashionForward Pro Accessory,Books,Non-Fiction,FashionForward,59.85,95.45,2023-12-05,,"Robinson, White and Jones",22.2,96x98x18,474,82,4.569024739351738,4.108411819433536,4.558602550171757,4.091841432003982,6.161209431397492,95.43089680831268,51.20205992869803,473,Harbor Action Camera
BEA-TEC-2275,TechPro Advanced Product System 680,Beauty,Makeup,TechPro,22.82,65.36,2022-08-08,,"Moore, Daniels and Powell",44.09,17x98x32,409,51,4.195094465322244,3.170525563927154,4.1799104505517475,3.1276373444339294,6.0137176010275875,64.9728315748498,27.76796103981843,412,Pulse Prime Smart Thermostat
BEA-BEA-2276,BeautyGlow Smart Tool,Beauty,Skincare,BeautyGlow,161.97,300.4,2022-06-20,,Walker-Lewis,18.25,36x78x39,104,50,5.708438286192395,5.093566134787897,5.705114919889979,5.087411132898305,4.64440051447976,300.14720411554526,141.5517005027269,108,Vertex Edge Blender 2025
BOO-BEA-2277,BeautyGlow Classic Item,Books,Educational,BeautyGlow,28.62,70.59,2024-01-25,,Rivera-Carter,24.71,25x55x23,126,12,4.270955399408094,3.3884498088396526,4.256888491407381,3.3541057741283047,4.83628984342792,71.0669293414018,40.746785113480954,125,Nimbus Water Bottle
BOO-BEA-2278,BeautyGlow Ultra Tool,Books,Educational,BeautyGlow,23.88,63.57,2023-09-18,,"Moreno, Barajas and Colon",5.91,62x82x42,224,10,4.167749906638376,3.2140642678709788,4.152141660948318,3.1730412885244013,5.4116505161307895,63.21964563204348,33.96082239851269,225,Canyon Ultra Blender
CLO-HOM-2279,HomeComfort Modern Shirt Model 352,Clothing,Accessories,HomeComfort,9.51,31.71,2023-09-03,,"Smith, Caldwell and Griffin",26.4,68x97x12,109,72,3.4876808415502927,2.3523271848888596,3.456632088550256,2.252343876557299,4.691357056498987,31.70891039038233,13.972385926367716,114,Aurora Select Action Camera
BEA-HOM-2280,HomeComfort Smart Product Set 791,Beauty,Hair Care,HomeComfort,22.65,59.55,2022-04-11,2023-10-16,"Austin, Oliver and Haley",19.92,97x11x40,96,32,4.1034694699991014,3.1633631149379418,4.0868162958013095,3.120159851929043,4.56435860808025,59.66579261963175,38.19759211618085,99,Lumen Desk Lamp 2022
ELE-BEA-2281,BeautyGlow Modern Monitor,Electronics,Smartphones,BeautyGlow,46.88,129.4,2023-04-22,,"Blackwell, James and Hogan",25.35,77x61x27,350,36,4.870606649492553,3.8686978806897723,4.8629083820668,3.8475911452687575,5.857936011622235,129.59841567113324,86.73790208535381,348,Aurora Ultra Desk Lamp
BEA-OUT-2282,OutdoorAdventure Advanced Product System 503,Beauty,Hair Care,OutdoorAdventure,37.99,109.65,2024-02-08,,Cruz PLC,40.7,10x30x6,142,48,4.7063720664970585,3.663305202994506,4.697293474863897,3.6373229671995344,4.9558340998299855,109.70845570981719,87.29233765178692,138,Terra Pro Blender 2022
CLO-STY-2283,StyleMax Advanced Shirt,Clothing,Shoes,StyleMax,26.19,70.55,2022-06-16,,"Campbell, Pruitt and Short",43.61,78x16x6,398,29,4.27039650600246,3.3028492586443794,4.256321678298823,3.2653776585196206,5.986454517844095,70.06957543047079,32.88922720829844,401,Harbor Pro Trail Shoes
BEA-KIT-2284,KitchenMaster Advanced Accessory Model 303,Beauty,Makeup,KitchenMaster,9.9,21.95,2023-11-01,,Robertson-Hicks,25.62,12x83x17,466,10,3.133317936506554,2.388762789235098,3.08876713952118,2.2925347571405443,6.1441877800460905,21.77993208207911,10.445823564126712,462,Nimbus Edge Trail Shoes
BOO-FAS-2285,FashionForward Pro Product,Books,Children Books,FashionForward,6.06,13.64,2023-09-16,,Williams-Villanueva,7.34,11x86x14,374,29,2.6837575085331657,1.9544450515051506,2.613006652415316,1.801709800081223,5.924258471207748,13.657357410517017,10.355256853678778,371,Solstice Trail Shoes
ELE-HOM-2286,HomeComfort Pro Camera,Electronics,Laptops,HomeComfort,8.7,27.37,2023-02-24,,Flores Inc,33.04,11x19x43,394,96,3.34533224882076,2.272125885509337,3.309447523052588,2.163323025660538,5.976353447365779,26.96610916916194,15.350647689465049,398,Granite Edge Coffee Grinder
ELE-STY-2287,StyleMax Classic Speaker Collection 142,Electronics,Smartphones,StyleMax,90.74,178.7,2024-01-09,2024-11-23,Jackson PLC,36.18,89x100x38,389,66,5.191288793789513,4.518958489169026,5.185708422165383,4.507998274235818,5.96358191430923,178.553614392585,109.70464782618512,385,Pulse Wireless Earbuds
CLO-KIT-2288,KitchenMaster Smart Shirt Collection 541,Clothing,Womens Apparel,KitchenMaster,5.04,13.91,2022-08-02,,"Smith, Jones and Santiago",33.05,63x88x47,415,48,2.702032128776647,1.7984040119467237,2.6326080059353516,1.6174060820832772,6.028280929866349,13.45253904661554,10.123255740282538,412,Pulse Pro Trail Shoes
AUT-HOM-2289,HomeComfort Ultra Product Model 123,Automotive,Car Parts,HomeComfort,2.89,7.77,2023-12-01,,Hancock Group,26.29,48x6x41,340,51,2.1713368063840917,1.358409157630355,2.050270164379556,1.0612565021243408,5.828948558782352,7.35700692721192,2.999986646133675,340,Vertex Coffee Grinder
CLO-KIT-2290,KitchenMaster Ultra Jacket Set 942,Clothing,Womens Apparel,KitchenMaster,16.62,52.91,2023-12-19,,Harris Ltd,49.73,49x97x29,429,18,3.9873159894635775,2.8690346205080335,3.9685923569160404,2.810606789427302,6.061459249927631,52.80898481067756,37.71203910455513,426,Terra Edge Blender
AUT-SPO-2291,SportElite Advanced Product,Automotive,Car Parts,SportElite,189.37,449.79,2022-01-18,,"Rowe, Lucas and Case",11.52,63x20x14,141,34,6.111001599133422,5.248969546917698,6.108780807174922,5.243702773274814,4.9487669825516,449.43006143896224,347.45722447561013,145,Vertex Blender 2022
SPO-OUT-2292,OutdoorAdventure Advanced Tool,Sports,Team Sports,OutdoorAdventure,19.98,39.16,2022-05-14,,"Parks, Johnson and Love",1.45,14x100x14,13,28,3.6928714753834737,3.043569602968151,3.6676558176623097,2.9947317732204075,2.5650262775800314,39.226190031296326,22.047513485852843,15,Vertex Trail Shoes
SPO-SMA-2293,SmartLife Pro Gear,Sports,Fitness Equipment,SmartLife,42.72,94.79,2023-07-25,,Miller Inc,3.11,81x84x8,226,20,4.5621582953948,3.777805663308338,4.55166391846495,3.7546671946519394,5.420539424041258,94.97567566975452,47.910795779573164,231,Harbor Action Camera
SPO-KIT-2294,KitchenMaster Premium Equipment Collection 980,Sports,Athletic Wear,KitchenMaster,21.62,41.56,2023-10-28,,Bauer PLC,5.44,45x38x15,423,97,3.750914845033389,3.1188344706879745,3.727138166231027,3.073618812211062,6.047374543109678,41.8545749651269,32.94049731421791,423,Canyon Max Desk Lamp
BEA-SPO-2295,SportElite Ultra Item Series 117,Beauty,Skincare,SportElite,18.38,44.55,2023-02-20,,Andrews and Sons,28.26,86x62x28,216,49,3.8188106237059674,2.96424160646262,3.796612153916818,2.911263116927541,5.3752830373030775,44.25614723935991,23.743995868021297,217,Granite Wireless Earbuds
BOO-AUT-2296,AutoCare Modern Tool,Books,Fiction,AutoCare,45.93,137.66,2023-01-16,,Russell-Hayes,42.19,36x37x35,430,23,4.9320248935143445,3.8486571298063263,4.924786876970218,3.8271184983377022,6.063787534266299,137.3341329306139,80.62656904456996,425,Aurora Prime Portable Speaker
CLO-FAS-2297,FashionForward Classic Shirt System 160,Clothing,Kids Clothing,FashionForward,9.66,34.17,2023-06-11,2024-07-07,Hamilton-Smith,1.43,99x57x40,117,22,3.5601934464858913,2.3664984187376987,3.5313480661272005,2.2679936482244267,4.762182481769778,33.78247648352772,25.63056209326513,114,Nimbus Ultra Yoga Mat
SPO-BEA-2298,BeautyGlow Pro Equipment System 143,Sports,Athletic Wear,BeautyGlow,25.55,59.19,2023-06-14,2025-10-27,"Wilson, Smith and Cortez",18.38,18x23x42,15,23,4.0975062255596795,3.279029747687948,4.080752608702634,3.2406373166497136,2.7081168655467533,59.32370164455276,43.3650593146312,12,Solstice Trail Shoes
HOM-FAS-2299,FashionForward Pro Table,Home & Garden,Furniture,FashionForward,26.83,56.69,2022-04-15,,Avila PLC,23.15,34x47x10,496,16,4.055083848268798,3.326114575537799,4.037597828336212,3.2895206644375325,6.206577942851927,56.89234621195716,32.58852082460591,492,Terra Coffee Grinder
AUT-AUT-2300,AutoCare Ultra Equipment,Automotive,Car Care,AutoCare,11.01,29.74,2022-06-29,2023-07-15,Haynes Inc,1.34,77x60x16,178,78,3.4255647381104497,2.485739636091892,3.392492941032009,2.3988039507345884,5.181789168253832,29.280954421929128,19.95371002799359,179,Lumen Lite Wireless Earbuds 2023
AUT-FAS-2301,FashionForward Classic Accessory,Automotive,Car Care,FashionForward,49.05,92.25,2022-01-31,,Reilly-Rodriguez,28.11,47x30x47,411,35,4.535284058523925,3.9130225057612296,4.524502282920636,3.892840186011372,6.018595647583299,92.67748800131882,39.357692527642634,414,Nimbus Desk Lamp
BOO-HOM-2302,HomeComfort Modern Gear,Books,Children Books,HomeComfort,17.16,48.64,2023-03-24,,"Turner, Miller and Hubbard",4.04,79x13x38,123,27,3.9047969603364066,2.8992213731731473,3.8844462376579116,2.8425810940598164,4.8121924854206695,48.200931857978446,22.775128682084215,121,Canyon Ultra Smart Thermostat 2024
BEA-TEC-2303,TechPro Premium Item,Beauty,Fragrances,TechPro,10.17,21.41,2023-03-12,2024-08-11,James-Short,31.38,8x13x12,25,67,3.1095072878128356,2.413231613081109,3.0638581026015914,2.3194422100604686,3.218915824068222,21.45047040859505,8.72118462360171,24,Harbor Flex Wireless Earbuds
BOO-FAS-2304,FashionForward Pro Gear Kit 770,Books,Children Books,FashionForward,32.55,61.66,2022-08-30,,Wells PLC,47.08,13x96x41,387,99,4.137723285524046,3.5130368634176907,4.121635422458004,3.482777368654578,5.958427277005772,61.8648793090619,43.066101402549435,384,Canyon Ultra Blender
AUT-KIT-2305,KitchenMaster Premium Gear Kit 167,Automotive,Car Care,KitchenMaster,8.95,17.67,2022-06-26,2024-09-08,Taylor Group,30.48,9x80x24,331,86,2.9269179575536315,2.2975725511705014,2.871868286331605,2.191653532286764,5.802121396520535,18.033549741271166,7.431816046077537,336,Vertex Desk Lamp
AUT-SMA-2306,SmartLife Modern Accessory Series 303,Automotive,Accessories,SmartLife,20.6,45.22,2023-03-26,,"Phillips, Walters and Evans",40.7,53x82x40,383,47,3.8334126048462345,3.0726933146901194,3.811539466849824,3.0252910757955354,5.948037600143294,45.42980519348978,28.507495875805738,386,Nimbus Trail Shoes
ELE-SMA-2307,SmartLife Pro Laptop Model 150,Electronics,Headphones,SmartLife,54.1,134.12,2023-08-08,,"Wong, Bernard and Smith",11.74,27x46x32,93,36,4.906163272499545,4.009149716158869,4.898734921598028,3.9908341858524357,4.532610245783618,134.4156935214084,88.84776286359764,91,Terra Lite Portable Speaker
BEA-KIT-2308,KitchenMaster Pro Tool,Beauty,Hair Care,KitchenMaster,53.37,81.23,2023-12-30,,"Thomas, Williams and Armstrong",13.28,60x89x13,13,37,4.409520198982804,3.995812531157829,4.397284637062863,3.9772487903458535,2.5650262775800314,81.07266118869195,63.225340894554655,12,Pulse Wireless Earbuds
SPO-OUT-2309,OutdoorAdventure Modern Tool,Sports,Fitness Equipment,OutdoorAdventure,30.79,51.07,2023-02-25,2024-02-02,Medina-Arroyo,33.07,89x8x45,411,94,3.952588967174808,3.459151774922711,3.9331972406595526,3.427189961936409,6.018595647583299,51.37852861147158,40.01842236492476,406,Nimbus Wireless Earbuds
BEA-STY-2310,StyleMax Pro Product,Beauty,Hair Care,StyleMax,19.64,50.13,2023-09-22,,Clark-Figueroa,29.81,79x62x14,459,24,3.934371409091908,3.027230940613362,3.914619631275412,2.97756830292632,6.129052388707409,49.71851254945698,26.012501914305894,464,Granite Edge Wireless Earbuds
ELE-TEC-2311,TechPro Ultra Camera,Electronics,Headphones,TechPro,123.69,363.82,2022-03-14,,"Cooper, Gutierrez and Brewer",46.41,38x43x39,70,30,5.899404081258768,4.825830657008495,5.8966592398340705,4.817778435386918,4.2485095276616045,364.2069203229393,224.65317274259235,66,Granite Edge Desk Lamp
AUT-FAS-2312,FashionForward Advanced Tool,Automotive,Car Parts,FashionForward,70.19,202.89,2023-08-08,,"Thomas, White and Jensen",48.63,52x61x5,276,32,5.317580632728883,4.265352359115782,5.312663960254958,4.2512058507423305,5.620404488898992,202.93664052863065,143.9614973049645,279,Granite Lite Coffee Grinder
ELE-BEA-2313,BeautyGlow Premium Speaker,Electronics,Smartphones,BeautyGlow,95.37,234.87,2022-04-06,,Lee-White,9.07,29x53x41,43,48,5.463280805795784,4.568194949863196,5.459032169587933,4.557764063590821,3.7612233712371035,235.18095181456326,130.38711304067172,39,Harbor Ultra Wireless Earbuds
BOO-STY-2314,StyleMax Pro Product,Books,Children Books,StyleMax,20.27,45.61,2023-08-28,,"Phelps, York and Randolph",8.35,90x59x40,462,74,3.8418151103846494,3.0572976292121457,3.820126990723609,3.0091419604639085,6.135567055581561,45.56327191882794,31.84220025557716,461,Aurora Prime Yoga Mat
CLO-SMA-2315,SmartLife Modern Hat,Clothing,Shoes,SmartLife,4.27,10.81,2023-08-26,,"Murray, Dunn and Roberts",35.7,38x16x42,216,24,2.468946630209271,1.6620303625532709,2.3804716316511167,1.451613827240533,5.3752830373030775,10.950706141292596,6.230374673152043,218,Vertex Max Coffee Grinder
HOM-TEC-2316,TechPro Modern Tool,Home & Garden,Garden Tools,TechPro,7.7,13.6,2022-10-18,,King and Sons,40.44,75x76x19,170,58,2.681021528714291,2.1633230256605382,2.6100697927420065,2.0412203288596382,5.135804319385902,13.62587460771739,8.942886348421345,167,Terra Desk Lamp
HOM-FAS-2317,FashionForward Classic Table Series 719,Home & Garden,Furniture,FashionForward,15.26,44.09,2023-12-20,,"Carpenter, Lynn and Howard",41.77,53x54x39,127,43,3.8086604924329928,2.7887081041196646,3.7862329993698465,2.725235025856311,4.84419496044334,44.31695773132023,20.85463449853993,127,Solstice Select Trail Shoes
BOO-TEC-2318,TechPro Ultra Equipment,Books,Children Books,TechPro,11.61,20.05,2023-03-31,2025-04-23,"Rios, Garcia and Harvey",16.97,54x23x15,477,55,3.0469005601283903,2.534490149976828,2.998229153752578,2.4518667957098,6.167518587322203,19.63999738238998,9.26460972623316,475,Solstice Prime Portable Speaker 2025
BOO-SMA-2319,SmartLife Ultra Tool,Books,Non-Fiction,SmartLife,16.97,25.47,2023-08-11,,Stewart Group,38.96,39x73x30,272,99,3.27601201623901,2.8887037007954675,3.2375012889913655,2.831447079246135,5.605805742759827,25.03914504231075,15.250337692011964,277,Solstice Edge Wireless Earbuds 2023
BOO-KIT-2320,KitchenMaster Premium Equipment Model 504,Books,Non-Fiction,KitchenMaster,21.14,46.91,2024-02-10,,Jensen-Torres,30.14,13x59x6,319,18,3.8693242508950307,3.0973859272804907,3.8482308723403666,3.051166980442092,5.7651942375761696,46.66216116932994,30.78173780703544,320,Terra Ultra Blender 2025
ELE-STY-2321,StyleMax Smart Phone,Electronics,Tablets,StyleMax,92.73,265.15,2024-01-13,,"Hernandez, Knight and Aguirre",33.09,81x86x15,420,36,5.584060059618766,4.540418308758395,5.580295703583139,4.529692044812134,6.040257092226961,264.8163537865109,173.44837768746527,424,Lumen Eco Blender
BEA-STY-2322,StyleMax Smart Product,Beauty,Fragrances,StyleMax,18.85,39.8,2022-01-01,,Jackson-Edwards,49.05,10x37x25,284,75,3.708682081410116,2.9882040071331994,3.6838669122903918,2.93651291389402,5.648977759281768,40.164347895260356,19.18707891092709,281,Nimbus Classic Smart Thermostat
ELE-AUT-2323,AutoCare Premium Laptop,Electronics,Headphones,AutoCare,88.81,278.74,2024-02-08,,Joseph Ltd,7.32,20x83x11,219,50,5.6338606003511575,4.497696327682858,5.630279447691364,4.486499256270413,5.389076296016121,278.4648297076109,186.21728624978118,219,Aurora Action Camera 2024
BEA-SPO-2324,SportElite Ultra Gear System 526,Beauty,Skincare,SportElite,21.29,44.77,2022-03-06,,Hill-Ward,37.04,100x13x38,64,99,3.823628854665551,3.1041381473977774,3.8015382722528743,3.058237478905388,4.1588987082376025,45.23634795070275,32.40624533201865,68,Solstice Max Trail Shoes 2025
HOM-OUT-2325,OutdoorAdventure Premium Tool,Home & Garden,Home Decor,OutdoorAdventure,3.39,9.71,2022-01-03,,"Quinn, Humphrey and Ford",23.14,75x23x11,139,20,2.3711778844596574,1.47932922708708,2.2731562823032334,1.220829921392359,4.934481127349418,9.550157875935685,7.3166114866843905,142,Terra Prime Portable Speaker
SPO-SMA-2326,SmartLife Pro Product,Sports,Team Sports,SmartLife,8.62,20.99,2023-02-08,,Hampton-Tucker,47.36,74x59x44,339,78,3.09058780456667,2.263844264677615,3.0440461338325417,2.1540850846756014,5.826003057228607,20.678475557374924,12.682579528698634,344,Vertex Flex Action Camera
BOO-KIT-2327,KitchenMaster Classic Accessory,Books,Non-Fiction,KitchenMaster,17.64,38.12,2023-06-03,,Thompson PLC,15.69,16x46x26,301,43,3.6666338451666167,2.925309809257445,3.6407390787860012,2.8701690505786455,5.707113587002493,38.403904536999626,23.316821589143355,305,Aurora Flex Trail Shoes
HOM-STY-2328,StyleMax Pro Tool System 795,Home & Garden,Furniture,StyleMax,6.76,11.97,2023-12-05,,Wilkinson and Sons,49.73,36x94x29,455,98,2.5626389983283526,2.048982334195127,2.482403519569882,1.9110228900548727,6.120299616750733,12.12553361999086,5.621840160259245,450,Harbor Action Camera
ELE-STY-2329,StyleMax Pro Speaker Kit 845,Electronics,Tablets,StyleMax,99.48,187.68,2023-09-03,,"Gonzalez, Gross and Sims",38.59,55x31x31,160,41,5.240052458416061,4.609958702719888,5.234738384905166,4.599956618935204,5.075180065214296,187.6782318021241,133.5339104996176,157,Terra Water Bottle 2022
SPO-STY-2330,StyleMax Ultra Gear,Sports,Outdoor Gear,StyleMax,79.65,126.15,2023-05-13,2023-12-04,"Jones, Smith and Hunter",29.75,88x78x24,413,27,4.845367491868129,4.390118804571218,4.837471675087067,4.3776420363560575,6.023450014265608,126.20425627991888,81.73031688695131,409,Terra Coffee Grinder 2024
HOM-KIT-2331,KitchenMaster Ultra Table Edition 484,Home & Garden,Home Decor,KitchenMaster,60.15,151.8,2022-10-08,,Hess PLC,37.05,76x83x32,220,73,5.02912987673242,4.113329862133181,5.02256386496153,4.096841442420688,5.393632091796577,152.01481774270684,72.4559937701324,222,Aurora Prime Trail Shoes
SPO-AUT-2332,AutoCare Classic Gear Set 909,Sports,Fitness Equipment,AutoCare,16.58,48.02,2022-11-19,,Hammond-Lewis,18.27,61x48x39,456,13,3.8922283780999667,2.866761892257031,3.8716175907931074,2.8081971497071487,6.122495002494437,47.75388564650468,22.470617427816638,457,Pulse Select Coffee Grinder
BOO-BEA-2333,BeautyGlow Advanced Product System 924,Books,Children Books,BeautyGlow,76.83,185.4,2023-03-12,2024-09-20,Arnold PLC,12.98,56x53x13,437,91,5.2278949022514904,4.354526960971297,5.2225156531317545,4.341595188879544,6.079935483422491,185.88640723773563,120.11153735117531,433,Lumen Flex Wireless Earbuds 2022
CLO-AUT-2334,AutoCare Ultra Shirt Kit 442,Clothing,Shoes,AutoCare,13.72,44.01,2022-12-22,,"Kennedy, Rowe and Diaz",2.78,93x91x32,82,33,3.806884687304841,2.6892071133007303,3.784416880823,2.6188546222977394,4.406731442311845,44.47529729890385,27.412366866025483,82,Canyon Portable Speaker
ELE-HOM-2335,HomeComfort Ultra Laptop,Electronics,Laptops,HomeComfort,38.97,113.71,2023-03-15,,Vance PLC,23.97,89x65x24,205,27,4.742407204293176,3.688129172723232,4.7336513476366315,3.662792119350618,5.323014857175291,113.85731917262,77.27332794810432,202,Solstice Max Coffee Grinder
AUT-KIT-2336,KitchenMaster Pro Equipment Series 281,Automotive,Car Care,KitchenMaster,11.56,22.22,2022-04-13,2024-03-08,"Vincent, Anderson and Mason",40.78,37x73x38,327,59,3.1450139762697455,2.5305171610400525,3.100992784211484,2.4475508632442313,5.789963228996553,21.925551601910563,9.361729238170026,329,Granite Flex Yoga Mat
ELE-OUT-2337,OutdoorAdventure Premium Phone,Electronics,Smartphones,OutdoorAdventure,40.35,101.79,2023-02-10,,Sanders PLC,24.78,76x21x17,447,20,4.6326880720248305,3.7220724214697003,4.622911867464248,3.6975913947159578,6.102560831747532,101.96662367758267,76.73421725684095,451,Canyon Water Bottle 2024
CLO-KIT-2338,KitchenMaster Advanced Jacket,Clothing,Accessories,KitchenMaster,8.93,33.89,2022-10-07,,Bates PLC,49.71,57x38x15,326,64,3.5522002551986827,2.295560478057081,3.52311998561896,2.189416394888408,5.786900448846666,33.470754440799595,14.275284494031473,323,Canyon Classic Portable Speaker 2025
ELE-STY-2339,StyleMax Elite Phone Model 334,Electronics,Laptops,StyleMax,64.74,183.19,2023-05-06,,"Martin, Palmer and Griffin",21.56,94x80x29,443,78,5.215967833531011,4.185707568236073,5.210523865597367,4.170379248498098,6.093572027378931,182.7300394521617,96.19885407217652,447,Nimbus Pro Trail Shoes 2022
ELE-OUT-2340,OutdoorAdventure Advanced Camera Model 626,Electronics,Headphones,OutdoorAdventure,64.11,131.09,2022-05-11,2024-05-30,Knight PLC,34.77,34x69x25,449,42,4.883483508435773,4.176078147248771,4.875884110209718,4.160600357999166,6.107025114911266,130.852529230741,76.85899912551744,452,Nimbus Pro Desk Lamp
HOM-TEC-2341,TechPro Premium Pot,Home & Garden,Bedding,TechPro,20.14,37.9,2023-10-31,,"Brennan, Thomas and Dennis",32.65,48x99x14,445,35,3.6609942506244004,3.051166980442092,3.634951112088381,3.0027078872904163,6.098076529354726,37.86337049760453,29.79606355064876,440,Solstice Water Bottle 2025
AUT-STY-2342,StyleMax Elite Product Kit 558,Automotive,Car Parts,StyleMax,29.76,57.39,2023-07-05,,Williams-Juarez,36.85,67x92x44,375,20,4.067144642295446,3.4262151446374434,4.049870072120271,3.393165209964891,5.926928692633522,57.75090705530021,35.21428105633316,374,Lumen Eco Desk Lamp
SPO-SMA-2343,SmartLife Smart Product,Sports,Athletic Wear,SmartLife,58.65,144.72,2023-11-26,,Brown LLC,24.52,8x29x40,275,58,4.981686972140363,4.0884941485439255,4.97480084108704,4.0715875750994845,5.616774734023596,144.94262568837098,92.31406816727534,272,Aurora Ultra Yoga Mat
BEA-STY-2344,StyleMax Modern Gear,Beauty,Makeup,StyleMax,47.21,117.2,2022-03-04,,Williams and Sons,3.46,54x36x7,130,52,4.772378104971998,3.875566468417531,4.763881877142913,3.8546057345581954,4.867542142733689,117.43785239077599,86.37700549528051,130,Solstice Water Bottle
BEA-TEC-2345,TechPro Classic Tool,Beauty,Makeup,TechPro,5.28,15.67,2022-11-29,,"Velez, Ward and Harrison",25.2,23x39x44,457,39,2.813610696762703,1.8373699804801074,2.7517480563679295,1.6639260977181702,6.124685579075618,15.596983467759113,8.382382880656067,461,Pulse Select Coffee Grinder
HOM-BEA-2346,BeautyGlow Premium Chair,Home & Garden,Kitchen,BeautyGlow,2.02,5.64,2023-10-12,,Keith-Williams,25.78,96x55x33,242,74,1.8931119634883424,1.1052568313867783,1.7298840655099674,0.7030975114131134,5.488941858379554,5.489016292696023,2.2589477728724,238,Canyon Pro Smart Thermostat
HOM-STY-2347,StyleMax Classic Lamp,Home & Garden,Home Decor,StyleMax,46.57,89.33,2022-09-18,,"Nguyen, Padilla and Boyd",47.78,38x38x32,27,78,4.503469631161752,3.8622023104441903,4.492337377713747,3.840956556994286,3.295873902355512,89.20361798772491,51.30318401451067,30,Harbor Desk Lamp 2024
CLO-AUT-2348,AutoCare Pro Jacket,Clothing,Accessories,AutoCare,4.08,9.94,2023-12-23,,Davenport-Baker,5.45,87x92x46,386,95,2.392425796993835,1.6253112615903906,2.2965670206684825,1.4060969884160703,5.95583996013505,10.417896572461336,5.3558269744407125,386,Harbor Max Blender
HOM-KIT-2349,KitchenMaster Pro Table,Home & Garden,Kitchen,KitchenMaster,16.41,48.25,2023-06-09,,"Hudson, Bennett and Gray",43.72,99x54x44,290,84,3.8969093676180977,2.8570447537800976,3.876395827784995,2.7978909051019993,5.669884371250436,47.79930700758423,36.93069192726294,291,Vertex Portable Speaker
SPO-KIT-2350,KitchenMaster Premium Gear,Sports,Outdoor Gear,KitchenMaster,7.01,13.82,2023-08-16,,"Valdez, Houston and Black",41.89,18x40x33,348,27,2.695977619867941,2.080690761080268,2.626116818339524,1.9473377010464987,5.852205353333564,14.1796908662,8.974797138680227,347,Harbor Desk Lamp
HOM-SPO-2351,SportElite Premium Chair,Home & Garden,Garden Tools,SportElite,3.97,11.82,2023-07-08,,Kaufman-Walker,19.13,37x27x22,67,36,2.551006451492524,1.6034198401085373,2.469793011977952,1.3787660946990992,4.2047075446527185,11.897101900400946,8.963950018329436,70,Vertex Ultra Desk Lamp
AUT-KIT-2352,KitchenMaster Modern Product,Automotive,Tools,KitchenMaster,32.7,60.73,2022-04-16,,Gomez-Parrish,5.73,87x89x40,255,13,4.122770036405805,3.517497837358316,4.106437809909484,3.487375077903208,5.541267466719364,60.66984311080579,33.66458360826255,250,Terra Flex Desk Lamp 2022
SPO-KIT-2353,KitchenMaster Smart Product,Sports,Outdoor Gear,KitchenMaster,39.78,90.37,2022-02-20,,Sparks-Eaton,27.9,32x26x14,62,15,4.514917197010529,3.708191765146309,4.503912353913864,3.683364273425826,4.127150513947278,90.59075250720684,38.465480034882354,61,Pulse Prime Coffee Grinder
AUT-TEC-2354,TechPro Elite Product Series 116,Automotive,Car Parts,TechPro,11.95,19.06,2023-06-19,,Shaw and Sons,21.76,19x10x6,260,90,2.9987277825337895,2.5610957881455465,2.947591898226056,2.4807312783775197,5.560685477161977,19.046935562596207,10.195613319217635,265,Vertex Ultra Water Bottle
BOO-SMA-2355,SmartLife Pro Item,Books,Children Books,SmartLife,1.95,5.32,2022-07-13,,Martin-Jones,39.86,41x12x20,459,80,1.843719208158766,1.0818051703517284,1.6714733033535532,0.6678293725756554,6.129052388707409,5.685954773320027,4.374084354988456,463,Canyon Desk Lamp
HOM-SPO-2356,SportElite Pro Tool,Home & Garden,Bedding,SportElite,12.29,19.3,2023-05-10,,"Campbell, Hernandez and Moore",39.17,75x87x13,99,50,3.0106208860477417,2.587011872725154,2.9601050959108397,2.5087859235779435,4.595129951093676,19.692687826731035,12.960417918399774,104,Vertex Blender
HOM-KIT-2357,KitchenMaster Advanced Pot,Home & Garden,Garden Tools,KitchenMaster,28.58,44.36,2022-07-23,,"Love, Wilson and Hall",49.73,63x56x16,1,57,3.8146306594194965,3.3870984572826535,3.7923381624821664,3.3527071725017215,0.0009995003330834232,44.28328650833598,25.672555526097682,1,Lumen Coffee Grinder 2024
AUT-AUT-2358,AutoCare Classic Equipment,Automotive,Car Care,AutoCare,5.31,10.6,2023-12-07,2025-08-21,Cortez-Olson,48.62,90x54x32,137,21,2.451005098112319,1.8421356765531218,2.3608540011180215,1.6695918352538475,4.919988225071559,10.38129124129035,6.630706134165694,138,Terra Desk Lamp
ELE-SMA-2359,SmartLife Advanced Tablet,Electronics,Smartphones,SmartLife,65.59,183.15,2023-12-22,,Mendoza-Garza,49.66,33x41x5,413,67,5.2157506428910745,4.198554416122531,5.210305489224823,4.183423245305645,6.023450014265608,183.2405033220215,85.48946342927354,411,Canyon Coffee Grinder
BOO-STY-2360,StyleMax Classic Tool,Books,Educational,StyleMax,19.81,56.95,2022-10-03,,"Whitaker, Johnson and Williams",23.52,71x83x5,188,81,4.05958056978576,3.035433640405543,4.0421736898931915,2.9861868607104594,5.236447281964739,57.35411607870436,27.193398714926918,183,Aurora Desk Lamp 2022
AUT-SMA-2361,SmartLife Classic Tool System 244,Automotive,Tools,SmartLife,33.83,69.92,2024-01-14,,"Vargas, Taylor and Hunt",31.13,25x54x43,235,11,4.2615524812060075,3.5504790843779097,4.24735173134728,3.521347982792617,5.459589769454254,69.63644894522555,38.66686331837114,240,Granite Portable Speaker
BOO-OUT-2362,OutdoorAdventure Classic Tool,Books,Non-Fiction,OutdoorAdventure,22.37,63.67,2023-08-03,2025-07-24,"Thomas, Jackson and Nielsen",49.75,89x87x36,400,88,4.169297415458502,3.1514531485507664,4.153713494028934,3.107720775502038,5.991467047104857,63.790507251892215,41.503177098607935,402,Nimbus Lite Coffee Grinder
ELE-TEC-2363,TechPro Advanced Monitor,Electronics,Tablets,TechPro,20.63,47.63,2022-03-21,,"Mullen, Greene and Elliott",44.85,7x93x43,121,26,3.8842406244156944,3.0740812399649675,3.863462814812769,3.0267463270831603,4.795798810025401,47.758929015690676,33.32930651267949,125,Solstice Classic Yoga Mat
ELE-HOM-2364,HomeComfort Classic Camera,Electronics,Smartphones,HomeComfort,180.65,415.84,2023-10-09,,Johns Ltd,28.0,28x53x5,154,20,6.032702455124227,5.202081758667211,6.03030057089318,5.196561457593649,5.03695909589904,416.068450761967,315.2343751878071,152,Canyon Trail Shoes
BOO-KIT-2365,KitchenMaster Advanced Product,Books,Fiction,KitchenMaster,17.41,46.6,2023-01-05,,"Nicholson, Valentine and Robinson",15.79,20x63x36,233,47,3.8628327612373745,2.9128939952449864,3.8416005411316,2.8570447537800976,5.451042745401984,46.23893633142472,30.427112508777817,230,Canyon Coffee Grinder
BEA-HOM-2366,HomeComfort Modern Gear,Beauty,Skincare,HomeComfort,19.6,34.83,2022-03-18,2024-08-03,"Haney, Dillon and Jackson",39.88,87x75x14,143,21,3.5787855313168624,3.0252910757955354,3.5504790843779097,2.975529566236472,4.962851623242449,35.041508465388446,22.241931468550693,144,Aurora Eco Coffee Grinder
BOO-HOM-2367,HomeComfort Classic Gear Collection 717,Books,Children Books,HomeComfort,8.67,25.27,2022-12-09,,Burke-Norton,3.81,11x95x21,369,56,3.2684276036974484,2.269028309465203,3.2296179214001026,2.1598687907924505,5.910799354063955,25.670851870252328,13.59710141585494,365,Pulse Flex Blender
HOM-STY-2368,StyleMax Advanced Pot Edition 953,Home & Garden,Kitchen,StyleMax,13.48,37.1,2022-11-23,,Hanson PLC,25.34,5x78x14,64,56,3.6402142821326553,2.6727683869575705,3.6136169696133895,2.601207105484161,4.1588987082376025,36.78608944669284,19.744421090622204,66,Canyon Prime Water Bottle
SPO-KIT-2369,KitchenMaster Premium Accessory Kit 508,Sports,Fitness Equipment,KitchenMaster,9.06,16.57,2023-12-23,,Jackson-Jennings,20.56,11x63x15,108,27,2.866192902199006,2.3085671646715933,2.8075938314384716,2.203869120054888,4.682140486340613,16.3127924584254,12.592770154094667,108,Granite Eco Smart Thermostat
HOM-HOM-2370,HomeComfort Elite Tool,Home & Garden,Garden Tools,HomeComfort,17.19,48.67,2022-10-14,2023-07-12,Carlson-Jones,24.33,88x71x16,82,98,3.905401129119259,2.900871992530031,3.885062823845363,2.844327819394758,4.406731442311845,49.13196719216081,31.537626666464813,83,Granite Desk Lamp
HOM-SPO-2371,SportElite Pro Table,Home & Garden,Garden Tools,SportElite,93.74,150.8,2023-07-10,,Cruz-Rodriguez,39.76,52x5x35,33,17,5.02256386496153,4.5511362974956056,5.015954455573856,4.54052499249456,3.4965378640376557,150.4873574136553,109.44771738644883,32,Vertex Select Wireless Earbuds
AUT-OUT-2372,OutdoorAdventure Premium Item Model 101,Automotive,Car Care,OutdoorAdventure,5.84,14.12,2023-04-20,,Mills PLC,5.55,89x16x25,95,64,2.716018370751387,1.922787731634459,2.647592232065096,1.7647307968401356,4.553887417860929,14.467297391502187,10.66637549616806,98,Nimbus Portable Speaker 2025
ELE-TEC-2373,TechPro Advanced Laptop,Electronics,Gaming,TechPro,10.87,32.7,2023-03-28,2025-04-29,"Barnes, Hernandez and Davis",6.89,10x9x34,36,65,3.517497837358316,2.4740142086215764,3.487375077903208,2.386006701133118,3.5835467158480925,32.69243229931908,15.335338030908845,35,Harbor Prime Action Camera
BOO-TEC-2374,TechPro Premium Equipment Kit 949,Books,Educational,TechPro,75.49,225.12,2022-03-30,,Valenzuela-Greene,28.74,44x76x50,167,99,5.42106583180709,4.337160013333775,5.416633593366079,4.324000197151533,5.117999800422779,224.87228645291512,176.1276009142704,172,Vertex Eco Wireless Earbuds 2025
HOM-HOM-2375,HomeComfort Modern Vase,Home & Garden,Kitchen,HomeComfort,16.64,39.26,2023-02-27,,"Gordon, Wilson and Olson",29.8,40x65x12,211,21,3.695358420211645,2.8701690505786455,3.670206188848315,2.8118094353930627,5.351862872801329,39.623334903247056,25.05489853156724,210,Aurora Yoga Mat
BOO-FAS-2376,FashionForward Smart Gear,Books,Non-Fiction,FashionForward,11.0,17.86,2024-02-29,,Winters PLC,3.63,38x47x7,78,55,2.937043277205311,2.4849066497880004,2.882563575448353,2.3978952727983707,4.356721647120231,17.80639914990261,13.04707874670151,75,Lumen Ultra Smart Thermostat 2024
AUT-SPO-2377,SportElite Elite Item,Automotive,Accessories,SportElite,51.21,99.61,2024-01-16,,Prince Ltd,12.88,35x48x14,215,77,4.611251656303959,3.955274047422461,4.601262561157074,3.935934825474459,5.370642679279637,99.6245210068511,44.65847618795326,220,Canyon Trail Shoes
ELE-BEA-2378,BeautyGlow Classic Phone,Electronics,Headphones,BeautyGlow,29.8,72.31,2023-08-26,,"Reynolds, Fisher and Golden",49.49,37x43x39,257,34,4.294697025235495,3.427514689979529,4.28096243218686,3.3945083935113587,5.549079975938233,72.17204870201178,41.656536940377634,252,Granite Lite Desk Lamp 2024
BOO-HOM-2379,HomeComfort Advanced Product,Books,Educational,HomeComfort,103.9,308.79,2023-10-08,,"Moreno, Perez and Lang",14.97,22x74x8,169,52,5.735894648572188,4.653007515402251,5.732661434206578,4.6434288981051814,5.1299046320653305,308.8810918344063,218.5172320301568,165,Canyon Trail Shoes
ELE-FAS-2380,FashionForward Ultra Camera Model 559,Electronics,Headphones,FashionForward,107.55,286.92,2022-12-27,2024-08-04,Bell-Ballard,8.06,77x28x5,304,14,5.6626826637707754,4.6872108963243,5.659203431258233,4.677955855713739,5.717030990874496,286.59025339513335,171.67589729945018,306,Canyon Max Portable Speaker
BOO-AUT-2381,AutoCare Pro Item,Books,Educational,AutoCare,12.95,33.01,2024-01-19,2026-03-23,"Johnston, Coleman and Scott",5.18,34x17x10,51,69,3.526654599019104,2.6354795082673745,3.4968105458651015,2.5610957881455465,3.9318452403752318,32.90325990591872,16.695293600356592,46,Canyon Edge Trail Shoes 2024
AUT-STY-2382,StyleMax Premium Product,Automotive,Accessories,StyleMax,139.99,271.92,2023-04-01,,Kent Inc,2.79,94x27x15,324,13,5.609178711947223,4.9486889658772695,5.605507905387861,4.941570991486734,5.780746602207319,272.38002407588857,113.51513672590374,325,Vertex Flex Portable Speaker
SPO-SPO-2383,SportElite Advanced Gear,Sports,Team Sports,SportElite,11.64,18.92,2022-07-01,,George-Stephens,44.66,90x22x16,224,50,2.991724252156452,2.5368663887187113,2.9402195636237325,2.454447442303292,5.4116505161307895,18.682970764047106,13.298942110290419,223,Vertex Max Coffee Grinder
AUT-TEC-2384,TechPro Premium Product,Automotive,Car Care,TechPro,39.17,103.38,2023-12-18,,Lopez-Fletcher,4.04,19x48x18,441,33,4.6480380862152675,3.693120448371191,4.638411519767893,3.66791114767774,6.089047143017972,103.53360193125046,46.12704521125248,438,Pulse Select Blender
HOM-BEA-2385,BeautyGlow Modern Pot,Home & Garden,Home Decor,BeautyGlow,26.29,52.84,2023-03-25,,Lane Inc,47.8,68x17x33,360,34,3.9860166853364722,3.306520334720247,3.9672684796541247,3.26918863874179,5.886106809224075,52.668686262940206,22.451520905047445,365,Nimbus Pro Water Bottle
AUT-FAS-2386,FashionForward Premium Gear,Automotive,Tools,FashionForward,64.82,154.58,2023-01-10,,"Smith, Pena and Watts",45.68,90x13x8,4,60,5.047160068778628,4.186923743515194,5.040711761678725,4.171614197713401,1.3865443298750981,154.84800366317288,67.116046195855,5,Terra Desk Lamp
HOM-SPO-2387,SportElite Ultra Pot Kit 692,Home & Garden,Home Decor,SportElite,81.89,137.39,2022-10-12,,Ortiz-Rodriguez,46.89,32x59x7,259,88,4.930075786237839,4.417514427603435,4.9228235969358565,4.405376883282097,5.556831922695945,137.02825618750396,74.79471643908644,262,Harbor Yoga Mat
BEA-STY-2388,StyleMax Pro Tool System 196,Beauty,Hair Care,StyleMax,20.67,60.63,2023-11-01,,Pearson-King,30.81,27x74x27,177,41,4.121148764974151,3.075928815548268,4.1047898200836395,3.028683373693677,5.176155382275383,61.090424624176975,33.48193521274425,173,Nimbus Water Bottle
HOM-AUT-2389,AutoCare Elite Chair,Home & Garden,Home Decor,AutoCare,10.2,16.37,2022-03-02,,"Henderson, Diaz and Hill",24.4,78x6x46,9,60,2.854744580253014,2.4159137783010487,2.7954503913830435,2.322387720290225,2.1973356822749484,16.32471375055597,10.426851733282243,11,Aurora Desk Lamp
BOO-OUT-2390,OutdoorAdventure Premium Item,Books,Children Books,OutdoorAdventure,30.39,78.26,2023-05-04,,"Sanders, Harris and Arnold",38.94,35x66x37,136,98,4.372733587762289,3.4464893708538624,4.360036616782266,3.414113606928702,4.912662238650196,78.00132945407954,38.925849524011824,139,Canyon Pro Action Camera 2023
BEA-SPO-2391,SportElite Smart Tool,Beauty,Makeup,SportElite,10.91,21.39,2023-12-17,,"Olson, Wood and Peters",18.81,33x7x5,201,72,3.1086144306106633,2.477378383367209,3.062923523094314,2.3896797998449792,5.303309883171078,20.97202681238341,12.320696490660861,206,Lumen Wireless Earbuds
SPO-HOM-2392,HomeComfort Advanced Gear Collection 748,Sports,Athletic Wear,HomeComfort,122.98,248.66,2022-01-12,2023-02-13,Hinton-Lane,49.27,45x37x13,460,60,5.520099992222905,4.8201202622737735,5.516086501524791,4.812021740525323,6.131228663393821,248.3363627469858,131.37608755952138,457,Lumen Portable Speaker
CLO-STY-2393,StyleMax Modern Shoes System 162,Clothing,Kids Clothing,StyleMax,13.59,44.24,2023-11-09,,"Sanders, Taylor and Shields",35.15,24x33x19,157,52,3.81198165124792,2.6803363625346943,3.7896293572140793,2.6093342281630525,5.056252174754775,44.2593784695849,27.822190565776378,153,Lumen Water Bottle
AUT-STY-2394,StyleMax Premium Accessory,Automotive,Car Parts,StyleMax,14.46,34.08,2023-10-21,,Adkins Group,21.15,91x10x27,125,10,3.5576311675039825,2.738256043159276,3.528710701961115,2.671386216730619,4.828321737270302,33.92026311290266,17.21118947972164,126,Granite Smart Thermostat 2023
BEA-OUT-2395,OutdoorAdventure Ultra Product Series 190,Beauty,Fragrances,OutdoorAdventure,23.72,49.24,2023-03-31,,"Avery, Garcia and Romero",6.89,5x41x48,171,68,3.9168115221599433,3.20761263258949,3.896706301316253,3.1663185741295248,5.141669404438777,49.56230569856496,23.30476080074139,170,Aurora Flex Smart Thermostat 2025
HOM-OUT-2396,OutdoorAdventure Modern Lamp,Home & Garden,Home Decor,OutdoorAdventure,5.98,16.68,2022-03-31,,Owen-Mendez,36.87,59x44x15,202,15,2.8724340572094973,1.943048916774281,2.8142103969306005,1.7884205679625405,5.308272647884,16.61226977318857,12.316760378846116,201,Terra Water Bottle
CLO-SMA-2397,SmartLife Elite Shirt,Clothing,Womens Apparel,SmartLife,5.6,12.78,2023-01-14,,"Mann, Martin and Oconnell",9.41,37x64x34,455,13,2.6232182655855123,1.8870696490323797,2.5478814489493886,1.7227665977411035,6.120299616750733,12.533739987135876,5.851102196682135,459,Harbor Blender 2023
BEA-TEC-2398,TechPro Modern Item Model 962,Beauty,Makeup,TechPro,59.17,103.14,2024-01-01,,Brock and Sons,0.41,29x60x49,490,31,4.645736147734753,4.09717388923226,4.636087288622813,4.080414656688602,6.194407431918917,103.25480208687195,60.28855708620496,489,Vertex Lite Wireless Earbuds 2022
ELE-KIT-2399,KitchenMaster Elite Phone,Electronics,Gaming,KitchenMaster,28.31,87.03,2022-05-08,,Frost-Graham,45.5,97x5x48,187,82,4.4776776654728145,3.377928754722801,4.466252886801422,3.343215099123808,5.231113964433871,87.23264167254774,40.31313790576447,185,Granite Prime Trail Shoes
ELE-STY-2400,StyleMax Pro Monitor,Electronics,Headphones,StyleMax,19.17,48.87,2022-12-07,,Baker LLC,4.17,80x45x41,383,69,3.9094196195580313,3.0041963519661206,3.8891637112820634,2.9533465570575532,5.948037600143294,48.54370106974293,30.460168414399043,382,Aurora Select Wireless Earbuds
BEA-HOM-2401,HomeComfort Pro Equipment,Beauty,Fragrances,HomeComfort,32.56,51.01,2022-02-21,,Lynch Ltd,38.68,35x66x39,391,99,3.951436007784981,3.5133348815990053,3.932021691934835,3.4830845411343394,5.968710117526852,50.684266831962546,32.8628578250619,389,Canyon Trail Shoes 2024
BOO-STY-2402,StyleMax Classic Tool,Books,Non-Fiction,StyleMax,58.39,132.12,2023-08-19,,Arias-Morales,8.7,70x40x26,492,49,4.8912509770728985,4.0841258620277685,4.883710600522589,4.067144642295446,6.198480749010567,131.66593799839487,57.13981852976454,492,Aurora Trail Shoes
AUT-STY-2403,StyleMax Elite Product,Automotive,Car Parts,StyleMax,38.36,84.98,2022-01-02,2024-01-16,"Meyer, Dawson and Harper",10.77,42x73x13,320,39,4.454114711068136,3.6727500721840527,4.442415934686665,3.6470152500152375,5.76832412078889,85.21167397476434,59.60831768428558,318,Solstice Portable Speaker 2024
CLO-TEC-2404,TechPro Ultra Shirt Edition 385,Clothing,Womens Apparel,TechPro,27.03,89.45,2024-01-19,2026-01-05,Bowman Group,37.41,13x58x28,295,87,4.504797211841304,3.333275365176697,4.493679809954728,3.2969473602883563,5.686978746164582,89.61052843706938,41.428297716864144,291,Aurora Max Trail Shoes
BEA-TEC-2405,TechPro Elite Accessory,Beauty,Makeup,TechPro,10.16,15.45,2022-02-06,,Harris Ltd,48.94,40x96x49,76,38,2.800325477211381,2.412335956953165,2.7376090033437546,2.318458442150336,4.330746498094504,15.425138258234817,9.353676906272842,79,Pulse Select Coffee Grinder
AUT-HOM-2406,HomeComfort Modern Equipment,Automotive,Tools,HomeComfort,5.59,16.18,2023-12-14,,"Mitchell, Johnson and Greene",12.26,96x29x7,460,26,2.8437459165561094,1.8855533485144158,2.7837759116303458,1.7209792871670078,6.131228663393821,16.517287039989814,9.817244835763951,456,Terra Wireless Earbuds 2022
BOO-SMA-2407,SmartLife Advanced Item,Books,Fiction,SmartLife,77.57,162.42,2022-01-03,,"Hale, Gilbert and Craig",41.26,49x96x43,118,66,5.096323573956561,4.36398994718773,5.090185572854264,4.3511807545027805,4.770693099006027,162.71955674989104,110.09811658576506,121,Lumen Wireless Earbuds
SPO-AUT-2408,AutoCare Classic Tool System 329,Sports,Athletic Wear,AutoCare,15.02,25.51,2022-03-14,,Allen-Smith,32.62,81x16x31,349,97,3.277522020300934,2.7738379416402132,3.23907053215372,2.7093826463359885,5.855074787527835,25.59364727710882,14.608421838670528,353,Vertex Classic Water Bottle
BEA-FAS-2409,FashionForward Ultra Equipment,Beauty,Skincare,FashionForward,16.03,25.02,2022-06-12,,Miller LLC,47.79,32x20x6,134,41,3.2588654730843594,2.834976494674597,3.219675505038765,2.7744619666214616,4.897847262609633,25.38090585490299,17.003062781663633,134,Lumen Edge Smart Thermostat 2022
AUT-STY-2410,StyleMax Classic Equipment System 183,Automotive,Car Care,StyleMax,66.38,179.37,2022-07-27,,Gomez-Foster,21.05,6x69x8,187,61,5.195010296682108,4.2103482379784065,5.189450711560923,4.195395806291828,5.231113964433871,179.08172438583603,140.4524057414621,190,Vertex Coffee Grinder
BOO-SMA-2411,SmartLife Classic Equipment,Books,Educational,SmartLife,33.14,93.29,2022-02-11,,"Gonzalez, Smith and Padilla",35.05,24x15x41,262,60,4.546375139477586,3.5304697173662944,4.53571292097287,3.500741011998417,5.568348320547706,92.90968122700978,64.21922349491368,265,Lumen Flex Wireless Earbuds 2022
HOM-TEC-2412,TechPro Ultra Tool Set 902,Home & Garden,Bedding,TechPro,30.27,56.98,2023-11-03,2025-07-16,Dunn Ltd,19.64,30x92x24,309,34,4.06009812349351,3.44265917146975,4.0427003290697625,3.410157123033627,5.733344513138463,56.754354619286644,45.25866829877753,306,Lumen Flex Desk Lamp
BEA-KIT-2413,KitchenMaster Classic Gear Kit 719,Beauty,Makeup,KitchenMaster,140.96,291.15,2023-04-10,,"Herman, Bailey and Richmond",42.34,54x22x32,451,25,5.677267369000446,4.955545327778296,5.673838598283129,4.94847616218787,6.111469556795121,290.7159451189675,118.80342146281393,446,Lumen Prime Blender 2024
ELE-HOM-2414,HomeComfort Ultra Laptop,Electronics,Tablets,HomeComfort,28.69,78.37,2024-01-27,,Perez-Mccarty,32.76,94x46x22,344,29,4.374120463102784,3.3908102887756684,4.361441201064773,3.3565486299932736,5.840644564345917,78.40054613744101,32.434393437721596,339,Canyon Portable Speaker
ELE-OUT-2415,OutdoorAdventure Premium Monitor,Electronics,Gaming,OutdoorAdventure,138.08,432.03,2023-09-01,,Spears-Andrews,30.92,99x84x31,75,91,6.070807009667125,4.935049307139661,6.068495030277401,4.9278332273351175,4.3175014467807555,432.45787357844904,277.6110909915062,72,Canyon Wireless Earbuds 2025
CLO-STY-2416,StyleMax Classic Dress System 446,Clothing,Kids Clothing,StyleMax,12.75,46.03,2022-05-18,,Thompson-Hunter,48.12,41x63x16,455,56,3.8507856959569566,2.6210388241125804,3.82929335782915,2.545531271604435,6.120299616750733,45.57855666985514,23.18360843140797,454,Solstice Trail Shoes
BEA-AUT-2417,AutoCare Smart Product Collection 934,Beauty,Skincare,AutoCare,25.58,39.7,2023-12-08,,"Jones, Phillips and Arroyo",4.03,51x90x38,255,61,3.7062280924485496,3.2801590532850993,3.681351187693145,3.2418107961506966,5.541267466719364,39.329667715729826,26.02355859476187,252,Pulse Prime Desk Lamp
ELE-BEA-2418,BeautyGlow Advanced Speaker,Electronics,Tablets,BeautyGlow,251.76,590.77,2023-12-08,,"Frye, Walter and Li",13.5,47x63x30,300,44,6.383118045879564,5.532440421905254,6.381426770762666,5.5284762527561515,5.703785807983979,590.7231550477178,314.0064172042696,303,Granite Smart Thermostat
BEA-SPO-2419,SportElite Advanced Product,Beauty,Hair Care,SportElite,31.72,74.44,2022-10-05,,"Wright, Ramos and Bennett",46.57,81x69x29,492,18,4.323337638325202,3.487986511734546,4.30999343177405,3.456947396766647,6.198480749010567,74.86519751717735,35.77268631017952,495,Nimbus Edge Desk Lamp
SPO-BEA-2420,BeautyGlow Elite Item Model 478,Sports,Outdoor Gear,BeautyGlow,32.61,49.99,2023-12-16,,Carrillo-Todd,28.68,84x44x37,44,53,3.9316295350670645,3.5148236417370144,3.911822985425479,3.484618989801228,3.784212360932728,49.80983298287722,20.98475821685516,41,Vertex Lite Trail Shoes
CLO-KIT-2421,KitchenMaster Elite Dress,Clothing,Shoes,KitchenMaster,28.73,78.8,2023-01-26,,Maldonado-Mosley,42.23,28x19x20,6,68,4.379523504455763,3.3921566370100065,4.366912996863833,3.3579418729911983,1.7919261220073759,78.80709011251462,50.42984613520383,3,Terra Eco Action Camera
AUT-HOM-2422,HomeComfort Smart Gear,Automotive,Car Care,HomeComfort,14.46,34.46,2022-05-02,,Olson LLC,19.3,41x11x47,488,43,3.5684053006460617,2.738256043159276,3.5397992310997837,2.671386216730619,6.1903174550313755,34.01074140186938,16.552375065925897,487,Harbor Portable Speaker
BEA-SPO-2423,SportElite Elite Equipment,Beauty,Makeup,SportElite,9.44,18.42,2022-11-21,,Reyes and Sons,10.75,12x62x41,211,38,2.966303462863179,2.3456445824544927,2.913437030827161,2.244955980157409,5.351862872801329,18.07537633694285,12.53759834000401,207,Granite Edge Coffee Grinder
BEA-SPO-2424,SportElite Pro Accessory,Beauty,Fragrances,SportElite,7.84,12.12,2023-10-24,,"Haynes, Mcbride and Gutierrez",6.19,72x50x15,72,25,2.574137783515943,2.179286876649552,2.4948569806411682,2.0592388343623163,4.276680007808494,12.596897520499668,5.087472199548161,72,Canyon Prime Water Bottle 2024
ELE-OUT-2425,OutdoorAdventure Modern Phone,Electronics,Tablets,OutdoorAdventure,7.64,19.71,2022-11-22,,Black-Smith,18.2,89x40x16,221,74,3.030616675407493,2.1564025828159643,2.9811261211646287,2.033397603178429,5.398167226394394,20.165816322507325,15.924787059851212,222,Canyon Pro Smart Thermostat 2022
AUT-BEA-2426,BeautyGlow Ultra Accessory,Automotive,Accessories,BeautyGlow,127.82,321.85,2022-02-19,2023-03-04,Wright-Davis,32.18,25x87x48,12,98,5.777187819072476,4.858416081118745,5.774085598498625,4.850623024222136,2.4849899796493045,321.36484118131574,179.5106973252199,15,Nimbus Smart Thermostat
BOO-AUT-2427,AutoCare Elite Product,Books,Children Books,AutoCare,7.44,16.33,2022-05-16,,"Goodman, Peterson and Spencer",20.08,46x57x17,99,69,2.8524391037275145,2.1329823086078656,2.7930039069823738,2.0068708488450007,4.595129951093676,16.772775549714773,8.993522118199012,99,Granite Portable Speaker 2022
ELE-BEA-2428,BeautyGlow Premium Camera,Electronics,Smartphones,BeautyGlow,43.76,135.44,2023-10-07,,Woods LLC,40.78,61x73x9,12,57,4.915884957550445,3.8013148834437245,4.90852873782488,3.7787201581137255,2.4849899796493045,135.57633753905918,71.1479913559945,9,Nimbus Water Bottle
HOM-TEC-2429,TechPro Premium Chair,Home & Garden,Home Decor,TechPro,15.66,34.85,2023-11-30,,Shannon LLC,6.49,44x28x25,237,94,3.5793435670456293,2.8130106367386967,3.551053137206533,2.751109690562657,5.468064360535513,35.21055992862962,26.472882319857362,236,Solstice Yoga Mat
AUT-STY-2430,StyleMax Classic Item,Automotive,Tools,StyleMax,26.49,48.74,2023-08-11,,Valentine Ltd,6.26,32x55x38,412,90,3.9068094383752587,3.3138223021771545,3.8865000481970604,3.2767673032839784,6.021025776531046,48.69564505852119,20.67559076167363,410,Harbor Select Water Bottle
BEA-FAS-2431,FashionForward Elite Item Collection 487,Beauty,Skincare,FashionForward,41.85,101.86,2022-12-26,,Porter and Sons,25.95,55x27x6,307,92,4.63336884034677,3.7577056450437887,4.623599321456458,3.7340917969354845,5.726851004910882,101.87528410800766,74.11698807486708,306,Aurora Action Camera 2025
CLO-FAS-2432,FashionForward Smart Dress Model 730,Clothing,Accessories,FashionForward,24.25,65.58,2023-11-07,,Moss LLC,45.49,23x26x14,327,98,4.198404232146879,3.228826155721369,4.1832707714165025,3.188416617383492,5.789963228996553,65.56906964865178,36.12191121053419,329,Pulse Ultra Action Camera 2024
AUT-SPO-2433,SportElite Smart Tool,Automotive,Accessories,SportElite,11.88,20.93,2022-10-22,,Perez and Sons,23.74,93x33x27,115,26,3.0878555624297968,2.5556757206762075,3.0411835364579085,2.474856313934499,4.744940823977617,21.093526972395182,14.996012025480148,117,Vertex Max Smart Thermostat
CLO-SMA-2434,SmartLife Pro Shoes,Clothing,Shoes,SmartLife,10.66,22.06,2023-02-11,2023-09-29,"Kelly, Maxwell and Wilson",27.61,63x10x37,95,59,3.138099514840913,2.4561641809223462,3.0937660138253564,2.3664984187376983,4.553887417860929,21.706858229661186,14.698005299686871,95,Canyon Trail Shoes
BOO-STY-2435,StyleMax Elite Product,Books,Children Books,StyleMax,25.9,42.69,2023-05-19,2024-12-24,Lowe Ltd,5.08,87x75x19,457,81,3.7771192429633444,3.292126286607793,3.7539647007698704,3.254242968705492,6.124685579075618,42.22937411807522,24.552858414998262,452,Lumen Water Bottle
BEA-STY-2436,StyleMax Modern Accessory,Beauty,Makeup,StyleMax,16.06,39.27,2023-12-26,,Austin-Duran,26.75,38x56x35,102,51,3.695606774863363,2.836736542063533,3.6704608685899185,2.7763317085186157,4.624982617157782,39.08177134275937,24.743553958189544,104,Vertex Max Water Bottle
SPO-HOM-2437,HomeComfort Elite Product,Sports,Team Sports,HomeComfort,85.34,251.43,2023-12-09,,"Rubio, Charles and Watson",7.17,25x96x37,8,91,5.531133982557933,4.458292990127331,5.527164620778924,4.446643277759854,2.079566533867987,251.63058714748192,185.17740489807497,10,Granite Portable Speaker
ELE-BEA-2438,BeautyGlow Ultra Laptop,Electronics,Smart Home,BeautyGlow,89.21,284.27,2024-01-29,,Vasquez-Galloway,35.9,90x92x45,440,33,5.653436100219462,4.502140285668547,5.64992449075352,4.490993140925692,6.086776999636997,283.9778163830805,207.7653945865236,436,Harbor Edge Coffee Grinder 2024
CLO-SMA-2439,SmartLife Premium Jacket System 445,Clothing,Kids Clothing,SmartLife,21.93,53.12,2023-11-03,2025-06-03,"Melton, Henry and Joyce",12.19,86x97x35,442,41,3.991203803302587,3.132446096869813,3.9725535051681784,3.0878555624297968,6.091312144518578,53.28996378465842,33.71880278055103,440,Pulse Flex Portable Speaker
ELE-STY-2440,StyleMax Premium Tablet,Electronics,Gaming,StyleMax,105.94,308.31,2022-10-10,2023-12-05,"Ramirez, Walker and Ray",0.42,90x45x19,438,81,5.734344010238544,4.672267929520586,5.731105770305091,4.66287289611638,6.082221193478863,308.77051380518515,153.48574932492923,434,Granite Coffee Grinder
HOM-OUT-2441,OutdoorAdventure Advanced Table Kit 173,Home & Garden,Furniture,OutdoorAdventure,57.75,105.66,2023-01-30,,Fox Group,33.09,70x41x47,204,39,4.669646205172456,4.073291153024268,4.6602263917361695,4.056123349401903,5.3181248957929865,105.26202270147363,46.400988144533834,202,Aurora Max Wireless Earbuds
BOO-AUT-2442,AutoCare Classic Item,Books,Children Books,AutoCare,23.64,45.28,2023-05-03,2024-09-20,Ayers-Johnson,12.65,14x27x45,337,18,3.834709902325476,3.204371138665319,3.8128654338949275,3.1629401925378975,5.82008589770701,45.44915007586062,34.8299077616653,341,Nimbus Pro Yoga Mat 2024
HOM-SMA-2443,SmartLife Ultra Chair Set 789,Home & Garden,Furniture,SmartLife,6.25,12.59,2023-03-15,,Long-Parks,28.52,90x16x41,369,58,2.6093342281630525,1.9810014688665833,2.532902848056256,1.8325814637483102,5.910799354063955,12.534875214918479,8.056896800833206,370,Aurora Smart Thermostat
BOO-KIT-2444,KitchenMaster Advanced Equipment,Books,Non-Fiction,KitchenMaster,28.78,58.62,2022-07-09,2023-01-05,Bryant Inc,40.58,7x37x15,222,30,4.087991088249925,3.393837027255863,4.071075935282746,3.359680701459222,5.402681886366639,58.98077940928995,44.8195989351524,225,Lumen Prime Action Camera
BEA-STY-2445,StyleMax Modern Item Kit 191,Beauty,Skincare,StyleMax,11.18,19.27,2022-03-17,,"Holmes, Stewart and Smith",28.62,96x60x44,206,69,3.0091419604639085,2.4997952622817508,2.958549482426275,2.414126467726953,5.32788102314673,18.953606793658437,15.037090493470089,208,Pulse Action Camera
BOO-SMA-2446,SmartLife Premium Tool,Books,Children Books,SmartLife,12.48,27.61,2022-03-17,,"Clark, Carpenter and Nguyen",24.58,66x34x10,408,87,3.3537563070620187,2.601207105484161,3.3181780259420632,2.5241273629412815,6.0112696253815505,27.79877343318164,14.881031652416203,411,Nimbus Lite Smart Thermostat
AUT-HOM-2447,HomeComfort Modern Accessory,Automotive,Tools,HomeComfort,34.05,90.12,2023-04-17,,"Hensley, Lopez and Baker",34.8,72x73x44,243,93,4.512177319138926,3.5567756134805992,4.501142115564043,3.527830032595521,5.493065558558419,90.45135298385516,50.56413553498557,245,Lumen Max Coffee Grinder
BOO-AUT-2448,AutoCare Smart Accessory,Books,Children Books,AutoCare,61.22,178.21,2023-12-03,,Ruiz-Austin,45.8,93x44x17,59,87,5.188558302555298,4.130676491469491,5.182962630185008,4.114473933517266,4.077554392914626,178.64572193508454,131.2675106373964,55,Granite Classic Wireless Earbuds
ELE-SMA-2449,SmartLife Advanced Tablet System 788,Electronics,Gaming,SmartLife,55.77,157.0,2023-08-16,,White-Coleman,9.17,20x23x7,81,25,5.062595033026967,4.039008017182635,5.056245805348308,4.021236090401462,4.394461500275244,157.17958306772385,111.04342500559864,82,Lumen Ultra Wireless Earbuds 2025
BOO-AUT-2450,AutoCare Premium Gear,Books,Fiction,AutoCare,26.52,54.83,2022-10-17,,Haynes-Watson,22.86,41x66x5,364,16,4.022311359322269,3.314913013065143,4.004237489415957,3.277899165317662,5.897156614885714,54.827231268728255,43.34185281821058,360,Solstice Portable Speaker 2022
ELE-SMA-2451,SmartLife Modern Speaker,Electronics,Laptops,SmartLife,299.53,767.59,2024-02-20,,Ramirez-White,20.11,78x62x42,230,49,6.644557667377356,5.705547582602867,6.643255736430134,5.702214579484039,5.43808365673983,767.7054902953972,357.76697066896014,235,Terra Edge Coffee Grinder
ELE-SPO-2452,SportElite Classic Tablet,Electronics,Headphones,SportElite,69.46,221.36,2022-09-21,,Krause Ltd,1.75,57x36x27,161,99,5.404297690085269,4.255045172913092,5.399790335478671,4.240751047315928,5.081410576145298,221.72152688478917,90.93326662937932,157,Canyon Classic Action Camera
CLO-SPO-2453,SportElite Premium Shoes,Clothing,Shoes,SportElite,97.65,385.71,2023-08-02,,Olsen Ltd,9.4,64x61x10,56,91,5.957675058118561,4.591578232468624,5.955085791764267,4.581389657322688,4.02536954771857,385.77919755170603,287.7203694792122,54,Harbor Water Bottle
BOO-HOM-2454,HomeComfort Classic Product,Books,Educational,HomeComfort,33.41,52.6,2023-01-15,,Brock-Peters,35.98,27x52x27,56,30,3.9815490680767565,3.538347219809389,3.9627161197436642,3.508855256368665,4.02536954771857,52.1397793185029,36.88419682943195,51,Lumen Eco Coffee Grinder 2025
BOO-FAS-2455,FashionForward Classic Accessory Model 340,Books,Non-Fiction,FashionForward,4.12,12.28,2022-11-18,,Gonzalez-Marsh,45.82,84x76x41,390,52,2.5862591440482876,1.6331544390514163,2.5079719227189963,1.415853163361435,5.966149303222969,12.702329721596838,5.74953413465791,389,Lumen Desk Lamp
BOO-AUT-2456,AutoCare Ultra Equipment,Books,Children Books,AutoCare,39.57,74.07,2022-12-05,,"Hernandez, Shaffer and Thompson",43.75,42x100x19,157,100,4.318421011584911,3.703028877218356,4.305010592025198,3.678071255397333,5.056252174754775,74.25573621601092,31.886488414921498,157,Lumen Desk Lamp 2025
HOM-BEA-2457,BeautyGlow Pro Vase,Home & Garden,Furniture,BeautyGlow,28.31,68.08,2022-09-08,,Taylor-Barry,12.2,95x38x22,296,67,4.235265253278478,3.377928754722801,4.220683484265119,3.343215099123808,5.690362832696732,68.2529831180617,43.14605822461351,299,Harbor Water Bottle
HOM-KIT-2458,KitchenMaster Ultra Vase System 877,Home & Garden,Kitchen,KitchenMaster,64.12,161.2,2023-11-05,,"Holmes, Le and Floyd",8.65,33x11x42,168,74,5.088830141681313,4.176231721694285,5.0826458300725275,4.160756327741352,5.123969931766496,160.92136164934976,125.47859445244147,172,Granite Portable Speaker 2023
SPO-KIT-2459,KitchenMaster Modern Accessory,Sports,Outdoor Gear,KitchenMaster,36.81,109.8,2023-11-17,,King-Garrison,32.16,71x79x22,51,41,4.707726774313183,3.6325736179028416,4.69866052907543,3.60576954739093,3.9318452403752318,109.955707760828,86.23202342718609,53,Pulse Pro Smart Thermostat
CLO-TEC-2460,TechPro Modern Pants Collection 217,Clothing,Mens Apparel,TechPro,10.91,40.58,2024-02-19,2025-07-17,Ross Ltd,15.14,71x49x17,146,90,3.727619282429867,2.477378383367209,3.7032753343976688,2.3896797998449792,4.9836134709999484,40.475987117541074,23.08831473998338,142,Harbor Classic Action Camera
BEA-AUT-2461,AutoCare Advanced Equipment,Beauty,Fragrances,AutoCare,6.67,11.33,2024-03-07,2025-05-11,Brown LLC,0.61,43x40x41,221,48,2.512035317176253,2.0373166153791646,2.427454075039915,1.8976198599275322,5.398167226394394,11.478208317500663,7.378673891279323,216,Granite Yoga Mat
SPO-HOM-2462,HomeComfort Smart Tool Series 244,Sports,Fitness Equipment,HomeComfort,16.64,47.36,2022-12-31,2023-10-24,Combs-Davis,10.28,64x47x30,442,55,3.878673025746592,2.8701690505786455,3.8577779905757503,2.8118094353930627,6.091312144518578,46.97446116970183,37.04119599709578,438,Harbor Lite Portable Speaker 2023
BOO-SPO-2463,SportElite Advanced Tool,Books,Children Books,SportElite,9.34,23.51,2023-04-28,,"Cook, Ward and Castro",27.81,60x15x41,312,37,3.1990811975400213,2.336019869080283,3.157425862551978,2.234306252240751,5.743006392932551,23.664688398510975,13.410756270103688,313,Aurora Wireless Earbuds
ELE-AUT-2464,AutoCare Ultra Laptop Model 506,Electronics,Tablets,AutoCare,30.55,71.59,2022-03-28,2024-04-01,Cooper-Jenkins,27.58,11x31x23,455,33,4.284827171296749,3.4515735889872223,4.270955399408094,3.4193646856176043,6.120299616750733,72.07942545125526,57.337668223612795,453,Canyon Water Bottle
CLO-HOM-2465,HomeComfort Elite Shirt,Clothing,Shoes,HomeComfort,19.51,46.62,2023-04-14,,Dillon-Mccarty,13.33,31x88x11,9,48,3.8632528410587166,3.0209125720842893,3.842029633607611,2.97092715463502,2.1973356822749484,46.17724779808334,22.398330230178242,13,Aurora Pro Wireless Earbuds 2024
CLO-KIT-2466,KitchenMaster Classic Shoes,Clothing,Shoes,KitchenMaster,46.34,155.21,2023-11-05,,Ray Ltd,41.1,8x9x40,405,93,5.051201255842917,3.857355604085838,5.044779038663093,3.8360055190042304,6.003889536239293,155.6776307005369,105.46021023749408,404,Lumen Desk Lamp 2025
HOM-KIT-2467,KitchenMaster Ultra Vase,Home & Garden,Kitchen,KitchenMaster,28.65,84.2,2022-06-06,,"Ryan, Krause and Mitchell",32.73,87x89x36,224,46,4.44500143383527,3.3894621254437345,4.4331949212482815,3.3551534431607486,5.4116505161307895,84.10876980150842,65.93259539809796,225,Aurora Blender 2024
ELE-BEA-2468,BeautyGlow Smart Phone,Electronics,Headphones,BeautyGlow,16.51,49.18,2022-03-01,,Nunez-Freeman,26.87,51x11x15,82,81,3.9156165409382764,2.8627721462977607,3.8954870367880465,2.8039662579320366,4.406731442311845,49.543338381330514,27.975097436434126,79,Nimbus Action Camera
BOO-SMA-2469,SmartLife Classic Gear Set 444,Books,Educational,SmartLife,29.97,77.76,2024-02-11,,"Griffin, Miller and Austin",8.06,30x22x38,78,89,4.366405253770925,3.4330189939851112,4.353627160152183,3.4001968813285717,4.356721647120231,78.03673777437712,50.015792473074086,82,Nimbus Action Camera
AUT-TEC-2470,TechPro Elite Item Edition 687,Automotive,Tools,TechPro,58.97,176.15,2022-08-09,,Welch-Thomas,0.6,7x33x17,129,62,5.176996831311481,4.093844437180419,5.171335904787247,4.077028840012413,4.859820156269611,176.21567593576694,72.33298152210982,125,Vertex Select Wireless Earbuds
SPO-STY-2471,StyleMax Pro Accessory,Sports,Athletic Wear,StyleMax,11.6,31.04,2023-01-09,,Davidson LLC,0.63,59x23x35,312,88,3.4669851222001586,2.533696813957432,3.435276695315018,2.451005098112319,5.743006392932551,31.2736802250663,18.211306200033214,313,Lumen Portable Speaker
HOM-SPO-2472,SportElite Premium Table Model 315,Home & Garden,Bedding,SportElite,17.8,28.2,2022-06-27,,Welch-Duncan,36.76,76x38x36,87,40,3.374168709274236,2.9338568698359033,3.339321977944068,2.8791984572980396,4.4659196128413985,28.57094525007532,19.711218771226683,86,Harbor Smart Thermostat 2022
ELE-BEA-2473,BeautyGlow Elite Phone Model 569,Electronics,Laptops,BeautyGlow,55.41,105.01,2023-08-19,,Miller LLC,39.88,7x16x34,367,30,4.663533429285007,4.032646447751885,4.654055583717902,4.014760082879258,5.905364572846498,104.91605751521801,54.16023452198678,362,Pulse Coffee Grinder
CLO-BEA-2474,BeautyGlow Premium Dress Set 999,Clothing,Womens Apparel,BeautyGlow,6.5,22.4,2022-09-23,,Edwards Ltd,27.37,98x18x35,328,91,3.152736022363656,2.0149030205422647,3.109060958860994,1.8718021769015913,5.793016657159984,22.230492498331973,15.37023362831243,323,Solstice Classic Action Camera 2024
BEA-AUT-2475,AutoCare Ultra Equipment Set 952,Beauty,Fragrances,AutoCare,36.0,86.43,2022-07-07,,Page-Jacobs,2.6,51x86x39,116,78,4.470838473192799,3.6109179126442243,4.459334837764547,3.58351893845611,4.753598811758862,86.59424151785232,37.9544884274641,119,Canyon Edge Action Camera 2024
AUT-HOM-2476,HomeComfort Modern Accessory System 993,Automotive,Accessories,HomeComfort,18.01,52.18,2022-07-04,,Nelson-Wallace,29.98,79x93x26,197,60,3.9736823858148735,2.944965156500338,3.9546992797085823,2.8909271591878647,5.283208804867237,52.48168902310243,34.11893444796503,196,Nimbus Coffee Grinder
AUT-BEA-2477,BeautyGlow Elite Product,Automotive,Car Care,BeautyGlow,29.3,71.51,2023-04-08,,Adkins-Meyer,47.03,28x17x13,43,21,4.2837244833835015,3.4111477125153233,4.2698373000603045,3.3775875160230218,3.7612233712371035,71.76703943208109,41.6286560147762,38,Solstice Yoga Mat
ELE-OUT-2478,OutdoorAdventure Modern Monitor Kit 454,Electronics,Smartphones,OutdoorAdventure,22.48,71.38,2023-07-21,,Gutierrez-White,45.92,83x11x47,469,19,4.281930018135596,3.1561489949598958,4.268017718062014,3.1126260250254902,6.150604900640168,71.67185737588146,55.88761858696685,470,Pulse Smart Thermostat
SPO-FAS-2479,FashionForward Ultra Accessory Kit 330,Sports,Fitness Equipment,FashionForward,13.55,32.48,2022-12-27,2025-03-20,Martinez and Sons,30.9,93x50x16,306,50,3.5109482456212744,2.6775909936175015,3.480624515293477,2.60638654732571,5.723588369920897,32.41687164851667,20.408090327851536,309,Aurora Ultra Portable Speaker
BEA-FAS-2480,FashionForward Pro Product Edition 497,Beauty,Skincare,FashionForward,38.48,100.92,2022-09-13,,"King, Manning and Brady",22.77,25x7x28,438,47,4.624188191823853,3.675794214565281,4.614328123772857,3.6501386257975055,6.082221193478863,101.23147753185152,47.28062564007145,443,Solstice Yoga Mat
CLO-STY-2481,StyleMax Classic Pants,Clothing,Womens Apparel,StyleMax,9.04,23.88,2022-09-24,,Jackson Inc,32.34,29x29x5,354,79,3.2140642678709788,2.306577114263583,3.1730412885244013,2.201659174404085,5.869299737988541,23.507804874263194,11.23062993394468,349,Pulse Trail Shoes 2025
AUT-SPO-2482,SportElite Ultra Gear,Automotive,Tools,SportElite,95.04,267.61,2022-01-19,,Brown Group,42.05,68x70x43,297,52,5.593260513478021,4.564764771353053,5.589530696763635,4.554297855614335,5.693735505800398,267.65359931600165,190.10701158459148,301,Granite Blender
ELE-FAS-2483,FashionForward Premium Laptop Model 728,Electronics,Tablets,FashionForward,36.61,100.91,2024-02-24,,"Brown, Wise and Warren",17.53,83x45x17,403,97,4.6240900708406025,3.627269972482245,4.614229030476437,3.600321427132145,5.998939043333182,100.42564348728816,71.25886031573289,401,Harbor Lite Yoga Mat 2023
SPO-BEA-2484,BeautyGlow Elite Equipment,Sports,Athletic Wear,BeautyGlow,24.59,61.15,2022-06-13,,Garcia PLC,29.93,45x58x19,137,33,4.12955081795672,3.2422016501716975,4.113329862133181,3.202339856228101,4.919988225071559,60.97809411330226,28.847387191665558,134,Canyon Coffee Grinder
SPO-FAS-2485,FashionForward Advanced Product Model 680,Sports,Athletic Wear,FashionForward,46.49,80.45,2023-03-05,2024-10-13,Miller Group,17.53,15x23x43,68,13,4.399989335048054,3.8605191625610304,4.387635873438392,3.8392372357024933,4.219522410950329,80.31913230417398,34.36378832126938,67,Granite Classic Blender
BEA-KIT-2486,KitchenMaster Elite Product,Beauty,Hair Care,KitchenMaster,5.6,9.39,2022-11-27,,Perez-Rojas,47.76,57x32x7,77,85,2.340843805111136,1.8870696490323797,2.2396452932201716,1.7227665977411035,4.34381840878234,9.288249237777071,7.0763049884905795,78,Canyon Smart Thermostat
HOM-KIT-2487,KitchenMaster Classic Table,Home & Garden,Bedding,KitchenMaster,4.12,9.04,2024-01-08,,Sims-Anderson,32.32,27x84x23,340,33,2.306577114263583,1.6331544390514163,2.201659174404085,1.415853163361435,5.828948558782352,9.231557862556064,5.72334934148227,342,Pulse Action Camera
ELE-SMA-2488,SmartLife Pro Tablet,Electronics,Headphones,SmartLife,11.87,31.74,2022-01-28,,Johnson Ltd,27.61,17x29x18,370,23,3.488597571942989,2.554899021608035,3.457577715098263,2.4740142086215764,5.91350570833732,31.63078693924494,21.035051791534332,366,Vertex Yoga Mat
CLO-TEC-2489,TechPro Premium Dress,Clothing,Accessories,TechPro,33.45,123.88,2022-08-18,,Dalton-Nguyen,7.94,87x15x16,435,29,4.827353276207177,3.539508997459668,4.819313355105002,3.5100517865742376,6.075348329936617,123.82971975017007,55.93693282853479,436,Terra Water Bottle
ELE-STY-2490,StyleMax Advanced Camera Kit 215,Electronics,Laptops,StyleMax,31.44,87.9,2023-07-06,,Mcdonald-Pitts,21.83,58x73x36,205,48,4.487512142519859,3.479392229247212,4.476199804691132,3.448080967561006,5.323014857175291,87.64279324825685,67.18609186725381,200,Aurora Blender 2025
ELE-KIT-2491,KitchenMaster Pro Monitor,Electronics,Smartphones,KitchenMaster,705.0,1818.04,2022-03-01,,Dunn-Taylor,49.44,22x91x5,21,59,7.506064168380797,6.559615237493242,7.5055142766956,6.558197802812269,3.0445700556372914,1817.9157867557967,1300.808955816656,22,Vertex Max Blender
CLO-OUT-2492,OutdoorAdventure Modern Jacket,Clothing,Accessories,OutdoorAdventure,7.76,22.97,2022-11-18,,"Ryan, Garza and Bryant",38.82,54x86x30,144,61,3.176803048446293,2.1701959049483,3.134189016701007,2.048982334195127,4.969820243996333,22.702724234717888,11.328946922341197,146,Nimbus Select Trail Shoes
BEA-STY-2493,StyleMax Classic Accessory Model 774,Beauty,Hair Care,StyleMax,23.71,41.99,2023-09-18,2025-06-05,"Fields, Elliott and Mills",40.45,27x14x17,93,12,3.76096753050819,3.2072080200005186,3.737431494696102,3.165896900077314,4.532610245783618,41.57173200529308,32.40443594688764,89,Vertex Portable Speaker
HOM-TEC-2494,TechPro Ultra Table,Home & Garden,Furniture,TechPro,80.47,184.91,2022-04-26,,"Ferguson, Stout and Olson",24.33,70x77x49,443,24,5.225262685642126,4.400234854322551,5.219869220218895,4.387884444158042,6.093572027378931,185.01137962151375,111.55924357786773,446,Pulse Pro Smart Thermostat 2024
ELE-KIT-2495,KitchenMaster Modern Laptop,Electronics,Headphones,KitchenMaster,405.89,961.46,2023-09-17,,Ballard Group,30.69,78x93x38,49,93,6.869492506856805,6.008542878642733,6.868452962499394,6.006082186931363,3.8918407060656484,961.624848542584,599.2434347286685,44,Harbor Flex Wireless Earbuds 2025
CLO-SPO-2496,SportElite Pro Hat,Clothing,Accessories,SportElite,63.38,133.99,2023-03-19,,Diaz-Green,1.14,93x100x15,361,10,4.9052007016207355,4.164803025870662,4.8977651703005165,4.149148354262775,5.888880728412147,134.10710053908943,89.34745141885787,361,Terra Ultra Wireless Earbuds
ELE-AUT-2497,AutoCare Smart Camera Model 298,Electronics,Smartphones,AutoCare,182.8,468.24,2022-07-13,,Smith-Mills,0.29,85x10x25,414,32,6.15111436463752,5.213848209921586,6.148980984982965,5.20839265902005,6.025868389281334,468.20422416292456,300.6672094223134,409,Terra Wireless Earbuds
HOM-OUT-2498,OutdoorAdventure Smart Tool,Home & Garden,Kitchen,OutdoorAdventure,50.48,146.55,2023-07-21,,Cooper Group,46.25,83x26x47,398,82,4.994167101388949,3.941193382727926,4.987366667156902,3.9215772182329576,5.986454517844095,146.43219006457565,86.10560775234026,395,Solstice Yoga Mat 2025
AUT-TEC-2499,TechPro Modern Equipment,Automotive,Car Parts,TechPro,34.24,73.55,2023-04-14,,"Smith, Weeks and Arroyo",46.68,34x27x40,455,36,4.311470041210748,3.562181801067979,4.297965447047447,3.5333945512735414,6.120299616750733,73.90606697658039,54.354442862510034,460,Terra Action Camera 2024
AUT-SPO-2500,SportElite Smart Equipment,Automotive,Accessories,SportElite,40.47,106.05,2023-06-02,,Evans-Cannon,5.79,85x74x30,90,60,4.6732960150356915,3.7249702742582897,4.663910681010692,3.7005609588877744,4.499820781379649,106.0687001494335,60.58661639939709,90,Vertex Select Portable Speaker
SPO-SPO-2501,SportElite Classic Tool,Sports,Fitness Equipment,SportElite,12.23,32.6,2022-01-01,,Harper-Robles,9.57,89x69x15,102,38,3.5145260669691587,2.5824869781268642,3.484312288372662,2.503891949699081,4.624982617157782,32.57959824007714,15.567413912796484,99,Canyon Lite Smart Thermostat 2024
BEA-STY-2502,StyleMax Smart Gear,Beauty,Makeup,StyleMax,9.62,21.08,2023-09-07,,"Brooks, Jenkins and Castro",3.26,66x46x50,480,99,3.0946722214088944,2.362739015813793,3.0483247236731614,2.263844264677615,6.1737881872331,20.615129224490307,10.223777059979113,482,Harbor Eco Smart Thermostat
ELE-FAS-2503,FashionForward Modern Speaker Series 532,Electronics,Headphones,FashionForward,54.41,155.5,2024-01-11,,Wright-Espinoza,29.14,5x86x39,267,22,5.0530560099802075,4.014760082879258,5.0466457316192885,3.996547960497834,5.587252403711588,155.34442287107365,114.7125415470319,266,Terra Wireless Earbuds 2023
AUT-SPO-2504,SportElite Pro Tool System 555,Automotive,Car Care,SportElite,17.23,50.58,2022-04-30,,"Price, Gray and Baker",25.21,19x50x42,214,84,3.9431340004531985,2.9030685886905716,3.923556241241819,2.8466520505398383,5.36598068790813,50.46259170641014,37.35746734354323,210,Granite Pro Desk Lamp 2024
AUT-OUT-2505,OutdoorAdventure Ultra Gear,Automotive,Tools,OutdoorAdventure,13.36,23.61,2023-11-23,2024-10-22,Garrett-Black,35.1,53x52x49,488,61,3.2031528644029645,2.664446563620078,3.1616703510974213,2.5922651681085,6.1903174550313755,23.510846325278962,16.28667452085137,486,Solstice Lite Portable Speaker
BOO-HOM-2506,HomeComfort Advanced Tool,Books,Children Books,HomeComfort,37.59,64.19,2023-04-04,,"Aguirre, Cohen and Mitchell",30.88,80x77x15,175,51,4.177306082936448,3.6529931755495273,4.161847435323687,3.6267380575760866,5.164791688192902,64.26856892184279,42.13255276316043,178,Canyon Pro Trail Shoes
CLO-BEA-2507,BeautyGlow Classic Hat,Clothing,Accessories,BeautyGlow,26.16,92.29,2024-01-26,,"Patel, Adams and Lopez",6.91,82x7x33,137,90,4.53571292097287,3.3017453026904953,4.524935793277486,3.264231526588998,4.919988225071559,92.32293049579235,58.77441789543636,135,Granite Wireless Earbuds
SPO-KIT-2508,KitchenMaster Classic Equipment,Sports,Outdoor Gear,KitchenMaster,21.75,65.15,2022-03-06,,White LLC,28.75,55x67x6,287,10,4.191924890560965,3.1245651453969594,4.176692303570854,3.079613757534693,5.659485700074108,65.25574699093758,34.46293774790158,291,Terra Select Yoga Mat 2024
BOO-BEA-2509,BeautyGlow Modern Gear,Books,Children Books,BeautyGlow,75.93,191.97,2023-08-08,,Walsh PLC,13.86,70x29x43,410,74,5.262534736408265,4.342895917470844,5.257339109819479,4.329811863225142,6.016159598719769,192.2295855963113,149.4254060823857,414,Solstice Smart Thermostat
AUT-STY-2510,StyleMax Classic Equipment Set 569,Automotive,Car Care,StyleMax,7.19,16.38,2023-10-08,,Nelson-Dean,19.99,79x73x39,54,58,2.8553201198372458,2.102913897864978,2.7960610784249234,1.9726911717329554,3.989002564911327,16.68672602394177,13.117951252781602,56,Terra Select Blender
HOM-OUT-2511,OutdoorAdventure Premium Lamp Series 911,Home & Garden,Home Decor,OutdoorAdventure,16.87,40.62,2023-11-10,,Flores and Sons,40.33,6x46x15,60,14,3.7285808209654885,2.8831233291713367,3.7042605561522386,2.825536896557877,4.09436122874988,40.83376061470196,26.265735647911704,59,Harbor Action Camera 2022
CLO-HOM-2512,HomeComfort Modern Shirt,Clothing,Shoes,HomeComfort,6.87,17.71,2023-09-09,,Booker Inc,1.0,74x27x22,273,42,2.9290581402859983,2.063058062429312,2.8741294517947424,1.927164106234258,5.6094754581819135,18.156413222035837,9.461933746485732,278,Terra Select Desk Lamp
HOM-STY-2513,StyleMax Smart Chair,Home & Garden,Home Decor,StyleMax,3.74,8.65,2023-07-23,,Compton LLC,33.32,10x47x35,156,95,2.2669579153508947,1.556037135706985,2.157559320943788,1.3190856114264407,5.049862417485402,8.177867931022835,5.909538869662178,161,Pulse Flex Smart Thermostat
AUT-KIT-2514,KitchenMaster Modern Gear,Automotive,Tools,KitchenMaster,18.65,48.76,2022-04-19,,Martinez-Gonzales,20.86,35x6x14,473,67,3.9072114484309237,2.9780773383152703,3.8869103046130706,2.9258461460898246,6.159097502654603,48.461862425969876,26.334089174262445,477,Granite Flex Desk Lamp 2023
AUT-TEC-2515,TechPro Premium Item Kit 453,Automotive,Car Care,TechPro,18.0,46.45,2024-02-18,,Hall and Sons,5.18,81x50x46,104,12,3.859676525055937,2.9444389791664403,3.8383764652598478,2.8903717578961645,4.64440051447976,45.96741161747858,31.996478507380967,99,Canyon Yoga Mat
HOM-BEA-2516,BeautyGlow Pro Tool System 296,Home & Garden,Garden Tools,BeautyGlow,78.42,214.74,2023-07-09,,Snyder LLC,44.87,42x60x33,291,16,5.374073978947283,4.374750225703106,5.3694279940059895,4.362078996864185,5.673326703591705,214.8845252198715,95.74514305737087,292,Harbor Yoga Mat
BOO-TEC-2517,TechPro Pro Tool,Books,Children Books,TechPro,35.44,75.18,2023-10-21,,Collins-Lloyd,1.66,85x31x32,190,98,4.333098961050458,3.5956670723917576,4.319885238136032,3.56784112573688,5.24702933530453,75.570069937971,33.38111525799058,187,Harbor Pro Water Bottle
ELE-SPO-2518,SportElite Ultra Tablet,Electronics,Smartphones,SportElite,19.61,61.88,2022-05-15,,Ford-Moody,46.91,55x66x22,340,53,4.141228148120951,3.0257763949023677,4.125197025704866,2.976039640208255,5.828948558782352,61.628612650644776,41.97433093705703,344,Canyon Desk Lamp
SPO-AUT-2519,AutoCare Elite Gear,Sports,Athletic Wear,AutoCare,106.56,220.23,2024-03-07,2025-07-31,Miller-Christensen,45.52,83x81x32,446,71,5.3992028843218955,4.678048831400664,5.3946724547908,4.668708206792079,6.100321194170017,220.64849385390036,156.21968492000286,448,Canyon Ultra Blender 2022
CLO-SMA-2520,SmartLife Elite Pants,Clothing,Kids Clothing,SmartLife,32.36,76.41,2023-09-16,2024-11-10,Brown Group,10.85,86x87x47,150,66,4.349115971216622,3.507357577490546,4.336113577659475,3.4769230921902907,5.0106419607407,75.97906204248376,48.283053629210926,147,Canyon Prime Yoga Mat
AUT-BEA-2521,BeautyGlow Modern Gear,Automotive,Car Parts,BeautyGlow,33.92,70.65,2023-07-09,,Daniels and Sons,39.29,52x81x19,307,65,4.271793154274181,3.5530597309714014,4.257738109130536,3.5240048109237025,5.726851004910882,71.0757473062694,50.02221297803926,302,Canyon Select Blender
HOM-STY-2522,StyleMax Smart Tool Series 600,Home & Garden,Kitchen,StyleMax,16.38,44.98,2022-05-21,,Huang LLC,36.46,32x18x15,359,86,3.828206519335035,2.8553201198372458,3.8062179465311696,2.7960610784249234,5.88332517399972,44.834590233494836,23.809250549353493,358,Canyon Trail Shoes
ELE-SPO-2523,SportElite Classic Laptop,Electronics,Smartphones,SportElite,20.92,65.37,2022-03-11,,Clayton-Martinez,38.98,35x86x14,324,69,4.195245147157833,3.087399462079815,4.180063437624638,3.040705639196722,5.780746602207319,64.97939241188024,30.51264141156055,320,Nimbus Max Coffee Grinder 2023
SPO-SMA-2524,SmartLife Ultra Tool,Sports,Outdoor Gear,SmartLife,14.37,37.32,2023-09-25,,"Wright, Wise and Ramos",16.12,91x46x40,166,31,3.6459719531026598,2.7324175575505043,3.619529375979143,2.6651427000909336,5.111993812434784,37.3061543240026,19.800731895183834,171,Lumen Yoga Mat
CLO-BEA-2525,BeautyGlow Elite Hat,Clothing,Accessories,BeautyGlow,29.11,66.36,2022-11-17,2023-09-11,"Vang, Gonzalez and Moss",48.88,46x67x28,314,20,4.210051369934071,3.4048573424936426,4.195094465322244,3.371081757757532,5.749396170616558,66.1216410363661,31.094351084617145,312,Solstice Portable Speaker 2023
SPO-TEC-2526,TechPro Advanced Item,Sports,Fitness Equipment,TechPro,109.52,268.89,2023-01-07,,Boyd and Sons,4.73,62x63x24,137,70,5.598014468578022,4.705196500055216,5.59430237403738,4.696107180980193,4.919988225071559,268.67917544392265,172.27792963529646,132,Granite Prime Trail Shoes
CLO-SPO-2527,SportElite Advanced Pants Set 641,Clothing,Kids Clothing,SportElite,41.87,145.02,2024-01-20,,Price-Ali,41.68,64x20x27,297,48,4.98374359862794,3.7581722806098856,4.976871663943447,3.734569580031052,5.693735505800398,144.83114416562776,106.80908904439451,300,Pulse Classic Blender
BEA-SPO-2528,SportElite Ultra Gear,Beauty,Fragrances,SportElite,12.94,31.11,2022-02-07,,Moore-Chandler,24.47,73x8x19,99,25,3.4691675081014224,2.6347624053323777,3.4375293109095457,2.5603232890727545,4.595129951093676,31.40696537987601,15.85485236111566,99,Terra Trail Shoes 2022
BOO-SMA-2529,SmartLife Pro Item,Books,Non-Fiction,SmartLife,7.33,13.63,2023-10-22,,"Pineda, Meyer and King",30.08,28x59x7,262,70,2.683074215032033,2.1198634561787513,2.612273245708441,1.9919755158985601,5.568348320547706,13.668378051141751,8.963861715284201,264,Canyon Max Smart Thermostat
BOO-OUT-2530,OutdoorAdventure Pro Gear,Books,Non-Fiction,OutdoorAdventure,22.8,50.62,2023-05-02,,"Evans, Ward and Williams",14.33,76x60x16,161,97,3.943909194290468,3.169685580677429,3.9243467551169777,3.126760535960395,5.081410576145298,50.43508154517288,26.805825712407586,166,Aurora Coffee Grinder
ELE-HOM-2531,HomeComfort Pro Speaker,Electronics,Tablets,HomeComfort,9.31,22.09,2023-11-08,,"Robinson, Rodriguez and Chen",16.44,33x66x37,25,22,3.139399623366404,2.3331142980288684,3.095125017432026,2.231089091288976,3.218915824068222,22.1981271076447,15.35538623610566,23,Canyon Coffee Grinder
BOO-AUT-2532,AutoCare Classic Accessory,Books,Fiction,AutoCare,26.87,52.09,2023-01-26,,Smith-Bauer,36.79,61x100x29,477,30,3.97198858659558,3.327550841493857,3.9529729917571004,3.2910104226273997,6.167518587322203,52.30182766073873,40.14207878434965,480,Terra Ultra Desk Lamp
BOO-KIT-2533,KitchenMaster Pro Gear Set 505,Books,Children Books,KitchenMaster,17.59,29.98,2023-09-12,,"Wilson, Mccormick and Smith",44.44,85x60x21,497,53,3.4333418349887226,2.922623801733353,3.4005304926744517,2.8673305587494666,6.208592038167039,29.757171520718863,11.991166521906102,493,Harbor Coffee Grinder
ELE-KIT-2534,KitchenMaster Premium Camera Series 645,Electronics,Smart Home,KitchenMaster,34.26,90.23,2022-12-15,,Perkins Ltd,28.91,73x34x48,362,53,4.513383790357383,3.562749176969724,4.50236196600641,3.5339784928959737,5.891646974252895,90.14527811949485,66.48389114556053,365,Lumen Eco Portable Speaker 2023
CLO-STY-2535,StyleMax Classic Hat,Clothing,Mens Apparel,StyleMax,3.4,12.96,2022-06-24,,Barker-Moore,19.55,99x70x38,152,89,2.6361960973342264,1.4816045409242156,2.561867690924129,1.2237754316221157,5.023887099772003,12.58944837147021,5.094088668063963,151,Granite Lite Trail Shoes 2025
AUT-KIT-2536,KitchenMaster Advanced Equipment Model 943,Automotive,Accessories,KitchenMaster,31.89,84.91,2023-05-18,,Wright Group,35.53,49x71x13,484,76,4.453300236649965,3.4931686602009657,4.441591872011272,3.4622924810219664,6.1820869728301995,84.59752636254399,34.6078351464851,484,Harbor Prime Desk Lamp
BEA-KIT-2537,KitchenMaster Premium Product Edition 863,Beauty,Skincare,KitchenMaster,12.44,29.54,2024-01-19,,Parks LLC,33.05,89x85x9,419,27,3.4190372997904865,2.5982353350950036,3.3857452771032337,2.5209170873110334,6.037873306554134,29.717495496885682,14.337882026215148,416,Harbor Classic Portable Speaker
HOM-OUT-2538,OutdoorAdventure Smart Pot,Home & Garden,Home Decor,OutdoorAdventure,7.01,19.55,2022-03-25,,"Brown, Kelly and Moore",46.32,79x72x24,468,43,3.022860940942244,2.080690761080268,2.972975286431375,1.9473377010464987,6.148470432667501,19.237809580741715,10.31590631351252,466,Lumen Eco Wireless Earbuds
HOM-BEA-2539,BeautyGlow Smart Vase,Home & Garden,Furniture,BeautyGlow,1.51,4.26,2023-06-20,,"Moody, Martinez and Hall",49.1,18x15x16,371,37,1.6601310267496183,0.9202827531436926,1.449269160281279,0.412109650826833,5.916204758021593,4.284660115993718,2.4374453636146542,371,Terra Eco Portable Speaker
BEA-SPO-2540,SportElite Advanced Equipment,Beauty,Skincare,SportElite,19.59,32.74,2022-03-25,,"Kramer, Sherman and Trujillo",30.53,67x73x10,140,53,3.5186840771178223,3.0248055210396982,3.488597571942989,2.9750192319564492,4.941649565440937,32.944865336487986,14.942452757111628,141,Terra Eco Desk Lamp 2024
BOO-TEC-2541,TechPro Elite Item,Books,Fiction,TechPro,98.99,234.18,2023-01-15,,Quinn-Smith,28.06,59x59x42,106,38,5.460351178395269,4.605070180987758,5.4560900504205785,4.595018834931716,4.663448528029832,233.79473938463286,159.9680164978499,101,Canyon Wireless Earbuds
AUT-STY-2542,StyleMax Advanced Accessory,Automotive,Car Care,StyleMax,89.58,235.26,2024-02-12,,Howard-Taylor,48.06,6x90x25,99,26,5.464932893520374,4.506233438128068,5.460691285532295,4.495132080779154,4.595129951093676,235.32596597523633,144.23775954159967,100,Canyon Water Bottle
BEA-TEC-2543,TechPro Pro Item,Beauty,Fragrances,TechPro,13.31,35.69,2022-03-23,2024-03-17,Washington Group,6.37,78x65x24,68,92,3.6025042383671906,2.6609585935683597,3.574870537502069,2.58851563240702,4.219522410950329,35.451431528027335,19.577840787164472,63,Harbor Prime Smart Thermostat
AUT-AUT-2544,AutoCare Pro Product,Automotive,Car Care,AutoCare,11.68,18.26,2022-03-02,,"Phillips, Terry and Lopez",16.47,73x17x37,367,25,2.9580304063699794,2.5400259490090797,2.9047128751668225,2.457877977400081,5.905364572846498,18.71366833773283,11.892981794563788,366,Vertex Yoga Mat
ELE-AUT-2545,AutoCare Premium Laptop Kit 572,Electronics,Tablets,AutoCare,87.25,182.28,2022-03-13,,Stephens LLC,46.64,72x68x18,194,61,5.2110150381452405,4.480173695813406,5.205543966395682,4.468777561082536,5.267863313689218,182.2638747337855,114.6449647795489,194,Harbor Classic Portable Speaker
CLO-STY-2546,StyleMax Smart Hat,Clothing,Shoes,StyleMax,5.48,18.86,2023-02-15,,"Mcdonald, Dillon and George",10.53,35x84x8,360,10,2.9887076586170265,1.8687205103641835,2.937043277205311,1.7011051009599243,5.886106809224075,19.159872698779655,12.796613285544241,356,Lumen Trail Shoes
BEA-OUT-2547,OutdoorAdventure Advanced Equipment Kit 398,Beauty,Hair Care,OutdoorAdventure,26.35,57.33,2022-09-10,2024-02-14,"Martin, Schmidt and Cole",43.05,53x35x42,249,82,4.066116540765546,3.3087165288679903,4.048824046920291,3.2714682749873716,5.5174569125209,57.37922201131313,32.9533045388951,253,Canyon Portable Speaker
CLO-AUT-2548,AutoCare Pro Shirt,Clothing,Kids Clothing,AutoCare,22.49,56.04,2023-11-27,,Weaver-Gibson,33.04,70x35x35,248,33,4.04375277610604,3.1565747986708215,4.0260657214688065,3.1130707659712242,5.513432778414917,55.59254428219772,25.559794580162272,251,Terra Trail Shoes 2025
SPO-HOM-2549,HomeComfort Classic Accessory,Sports,Fitness Equipment,HomeComfort,60.6,91.32,2022-09-13,,"Hunter, Gross and Andrade",26.11,53x37x21,35,100,4.52526080275979,4.120661870539474,4.514369821661595,4.104294893075269,3.5553766325098297,91.45048834808213,65.78844324459602,39,Vertex Desk Lamp 2025
BEA-STY-2550,StyleMax Premium Item,Beauty,Fragrances,StyleMax,18.35,46.71,2022-11-28,,"Vincent, Parsons and Allen",10.32,73x86x24,209,43,3.8651410195280156,2.9626924194757907,3.8439582745140166,2.9096295745005794,5.342339036642359,47.15237527536252,20.09760529509016,209,Harbor Coffee Grinder
ELE-STY-2551,StyleMax Premium Laptop,Electronics,Tablets,StyleMax,44.54,114.27,2022-05-19,,"Brown, Coffey and Fuentes",10.78,38x23x36,214,36,4.7472772026129215,3.8185910606355935,4.738564069158622,3.7963876618292214,5.36598068790813,114.3695795837434,59.97139756478145,215,Canyon Portable Speaker
SPO-OUT-2552,OutdoorAdventure Pro Gear,Sports,Outdoor Gear,OutdoorAdventure,9.11,22.92,2023-04-10,2025-05-21,Warren Group,11.57,45x32x6,294,62,3.1747149290824312,2.3135250330323798,3.132009891846539,2.209372711271867,5.683583168693441,23.232805082238258,10.935465633941318,298,Vertex Edge Wireless Earbuds 2022
BOO-SMA-2553,SmartLife Modern Equipment Set 981,Books,Fiction,SmartLife,9.54,27.45,2023-09-14,,"Moore, Campbell and Ortiz",34.63,5x77x16,88,74,3.34814816057234,2.355177543113216,3.3123661679555396,2.255493485460195,4.477348178050004,27.82652233408144,16.070476775074255,90,Granite Eco Water Bottle 2023
BOO-KIT-2554,KitchenMaster Modern Gear,Books,Educational,KitchenMaster,16.38,43.11,2022-12-26,2024-02-21,Rodriguez-Mills,41.57,47x73x34,69,72,3.786686514116848,2.8553201198372458,3.763754988759043,2.7960610784249234,4.2341209972458635,42.84351817650995,20.915919354665988,74,Canyon Smart Thermostat
ELE-BEA-2555,BeautyGlow Smart Phone,Electronics,Headphones,BeautyGlow,78.84,188.79,2023-07-21,,Williams and Sons,49.26,18x54x22,397,14,5.2459181977488285,4.380024632003209,5.240635286206952,4.367420482284519,5.983938799575705,188.50780394311005,149.58468262430054,401,Terra Edge Smart Thermostat
CLO-SPO-2556,SportElite Pro Shoes,Clothing,Kids Clothing,SportElite,25.3,78.35,2023-03-30,,Russo and Sons,18.02,70x33x19,109,61,4.373868446972418,3.269568939183719,4.36118596880203,3.2308043957334744,4.691357056498987,78.45876136907397,37.08336331249961,104,Granite Pro Yoga Mat 2022
HOM-FAS-2557,FashionForward Premium Lamp Kit 108,Home & Garden,Garden Tools,FashionForward,9.75,23.47,2023-09-30,,Washington Inc,47.11,49x29x37,422,91,3.1974478774545805,2.374905754573672,3.1557230098629323,2.277267285009756,6.04500768370145,23.38280790041057,18.330822627794547,424,Aurora Wireless Earbuds 2023
AUT-TEC-2558,TechPro Elite Tool Collection 457,Automotive,Accessories,TechPro,76.97,145.99,2022-06-20,,Duncan Group,46.2,13x88x15,441,39,4.990364557253896,4.356324137321509,4.983538126211888,4.343415735546226,6.089047143017972,146.3230640768094,64.97251046450636,439,Solstice Action Camera
ELE-TEC-2559,TechPro Advanced Speaker,Electronics,Smart Home,TechPro,41.63,75.36,2024-02-16,,"Burns, Hanson and Garza",1.08,95x93x36,353,85,4.335458998857547,3.752558230777119,4.3222766302681075,3.728821061206884,5.866470889790474,75.75202266093005,30.54434432569599,357,Lumen Prime Wireless Earbuds 2025
AUT-STY-2560,StyleMax Smart Product Set 345,Automotive,Car Care,StyleMax,19.7,54.39,2023-10-21,2026-01-14,Diaz PLC,24.19,83x44x11,488,91,4.014399072045013,3.0301337002713233,3.9961803134348695,2.9806186357439426,6.1903174550313755,54.246352951716666,37.0162474234305,490,Aurora Pro Trail Shoes
CLO-BEA-2561,BeautyGlow Modern Shirt,Clothing,Womens Apparel,BeautyGlow,6.7,23.26,2023-05-02,,"Jones, Conrad and Clark",19.55,37x78x31,104,33,3.1888289035159043,2.0412203288596382,3.1467351470905185,1.9021075263969205,4.64440051447976,23.002133147794993,16.466596344180857,104,Canyon Prime Smart Thermostat
CLO-STY-2562,StyleMax Modern Dress,Clothing,Kids Clothing,StyleMax,1.75,4.15,2022-01-15,,Hebert-Collier,44.51,87x91x18,88,63,1.6389967146756448,1.0116009116784799,1.423108334242607,0.5596157879354227,4.477348178050004,4.424915004938985,2.1852648707647795,93,Solstice Yoga Mat
ELE-OUT-2563,OutdoorAdventure Premium Phone Edition 638,Electronics,Smartphones,OutdoorAdventure,132.16,317.76,2023-12-06,,Owen-Brown,2.61,6x24x39,204,67,5.764438468529548,4.891551412706824,5.761296380856808,4.884013309772668,5.3181248957929865,317.5393099148372,221.89312405743235,207,Aurora Eco Coffee Grinder
BEA-TEC-2564,TechPro Elite Item Model 898,Beauty,Makeup,TechPro,38.98,104.81,2023-02-05,,"Paul, Zamora and Short",20.76,22x13x41,184,35,4.66164503291607,3.6883793290722537,4.652149187182086,3.6630486940794147,5.214941192376826,105.12616203214341,47.70362908879902,189,Canyon Portable Speaker
SPO-TEC-2565,TechPro Advanced Equipment,Sports,Fitness Equipment,TechPro,15.59,30.71,2022-03-03,2023-05-06,"Brown, Jensen and Rice",6.91,77x6x6,408,69,3.456632088550256,2.808800104202353,3.424588334452731,2.7466296830696852,6.0112696253815505,30.635263488575788,23.247966827423657,406,Harbor Prime Blender
CLO-FAS-2566,FashionForward Pro Pants,Clothing,Accessories,FashionForward,12.85,26.6,2023-04-08,,"Jones, Torres and Blackburn",4.77,31x74x29,289,15,3.3178157727231046,2.6282852326333477,3.2809112157876537,2.553343811341229,5.666430148314058,26.764198901305644,20.062923149624453,285,Terra Ultra Smart Thermostat
BEA-STY-2567,StyleMax Classic Equipment Series 125,Beauty,Fragrances,StyleMax,31.96,86.48,2022-09-17,,"Davis, Hardy and Schmidt",46.11,40x100x31,405,24,4.471410195808567,3.495294705041271,4.4599131733309525,3.464485120898074,6.003889536239293,86.08362460755798,35.15133372477118,401,Granite Classic Portable Speaker 2025
SPO-KIT-2568,KitchenMaster Elite Tool,Sports,Fitness Equipment,KitchenMaster,4.92,14.5,2023-05-01,,Lee Ltd,22.79,44x36x31,27,28,2.740840023925201,1.7783364488959144,2.6741486494265287,1.5933085305042167,3.295873902355512,14.62138213818304,7.756123298075239,26,Canyon Flex Trail Shoes
AUT-BEA-2569,BeautyGlow Ultra Product Collection 195,Automotive,Tools,BeautyGlow,12.48,30.84,2022-01-16,2023-01-16,Hudson and Sons,10.81,80x39x10,72,95,3.460723360976182,2.601207105484161,3.4288125486951286,2.5241273629412815,4.276680007808494,30.792732325162483,14.202997215553768,76,Granite Lite Blender
BEA-KIT-2570,KitchenMaster Ultra Gear,Beauty,Skincare,KitchenMaster,41.05,89.05,2023-05-01,,"Curry, Perry and Garcia",18.85,7x31x48,93,63,4.500365071621965,3.738859386418957,4.489198009735671,3.714790835898437,4.532610245783618,89.13487629391196,59.74427746364594,96,Canyon Wireless Earbuds
BEA-AUT-2571,AutoCare Pro Product,Beauty,Hair Care,AutoCare,6.5,14.33,2022-03-22,,"Ray, Craig and Park",30.17,43x97x40,12,96,2.7298116928837226,2.0149030205422647,2.6623552418400807,1.8718021769015913,2.4849899796493045,14.004653923589967,7.41415482008454,9,Pulse Portable Speaker
CLO-AUT-2572,AutoCare Advanced Shoes,Clothing,Kids Clothing,AutoCare,15.41,34.26,2022-02-07,2022-11-22,Andrade-Jackson,28.79,19x45x39,297,21,3.562749176969724,2.7978909051019993,3.5339784928959737,2.7350166493320245,5.693735505800398,34.49213627004529,19.395040982080694,299,Canyon Desk Lamp
CLO-OUT-2573,OutdoorAdventure Classic Hat System 921,Clothing,Shoes,OutdoorAdventure,4.12,12.64,2023-02-28,,Pierce PLC,27.84,70x91x31,64,37,2.613006652415316,1.6331544390514163,2.5368663887187113,1.415853163361435,4.1588987082376025,12.995541135992365,7.261128029899294,62,Granite Action Camera
SPO-TEC-2574,TechPro Premium Tool,Sports,Athletic Wear,TechPro,30.56,60.15,2022-09-23,2023-11-13,Sandoval-Ferguson,21.97,89x76x10,500,82,4.113329862133181,3.4518904959776733,4.096841442420688,3.4196919642983197,6.2146100984201915,59.87240500408896,31.551980064919398,500,Pulse Smart Thermostat
ELE-TEC-2575,TechPro Modern Tablet,Electronics,Smart Home,TechPro,52.69,136.68,2022-03-29,,"Ramos, Gomez and Edwards",2.28,56x78x38,477,35,4.924932151903284,3.983226764434478,4.917642427247091,3.9644256842211942,6.167518587322203,136.28380026440976,77.662186359119,481,Terra Classic Wireless Earbuds
SPO-SPO-2576,SportElite Advanced Product Model 622,Sports,Outdoor Gear,SportElite,4.69,10.12,2023-04-05,,Kirk-Gutierrez,2.05,25x20x19,293,77,2.4087452888224363,1.7387102481382395,2.3145136638593193,1.545432582458188,5.680176021980526,9.653165814325408,6.0658085732339435,293,Vertex Edge Desk Lamp
SPO-BEA-2577,BeautyGlow Classic Product Set 109,Sports,Team Sports,BeautyGlow,57.3,100.4,2022-06-20,,"Jordan, Swanson and Franklin",36.37,92x100x14,443,11,4.619073091157083,4.065602093356446,4.609162207257629,4.048300623720694,6.093572027378931,100.5391320704344,69.33489437172516,440,Granite Lite Smart Thermostat
HOM-TEC-2578,TechPro Smart Table Series 118,Home & Garden,Bedding,TechPro,10.37,24.09,2023-01-21,,"Gardner, Brooks and Pierce",14.66,96x56x34,122,85,3.222469360378331,2.4309783077624445,3.18179681662678,2.3389170222414357,4.8040292414209755,24.194952155367005,11.917646312712316,121,Aurora Coffee Grinder
ELE-TEC-2579,TechPro Premium Monitor,Electronics,Smart Home,TechPro,24.28,69.82,2023-08-05,,"King, Nixon and West",6.15,20x56x5,11,84,4.2601414466837575,3.2300135692786567,4.24592050167689,3.1896529661912973,2.3979861777572986,69.86576346445977,49.56913234231536,8,Vertex Desk Lamp
AUT-SMA-2580,SmartLife Elite Product Edition 306,Automotive,Car Parts,SmartLife,24.06,69.79,2024-01-30,,Smith-Johnson,33.7,78x98x34,378,89,4.259717747786098,3.221272949467922,4.245490733029061,3.180550710546533,5.934896841118734,69.52730815419366,36.36683404500258,383,Aurora Classic Trail Shoes
ELE-TEC-2581,TechPro Advanced Tablet,Electronics,Headphones,TechPro,172.2,513.1,2022-03-26,,Larson-Holmes,43.34,75x59x35,132,59,6.242417799061459,5.154446996128335,6.240470757947919,5.14865659199363,4.88280949831525,512.9930878759874,362.5152202233106,137,Nimbus Max Water Bottle
CLO-TEC-2582,TechPro Premium Shoes,Clothing,Mens Apparel,TechPro,5.41,21.32,2023-06-12,,Smith-Joyce,11.03,60x20x11,370,41,3.1054831375131102,1.8578592709325787,3.0596455992976437,1.6882490928583902,5.91350570833732,21.412586808482448,11.774094827540829,365,Pulse Blender
SPO-STY-2583,StyleMax Pro Gear System 668,Sports,Fitness Equipment,StyleMax,21.23,52.41,2023-12-12,,Foley Inc,25.11,78x44x14,498,12,3.977997994351679,3.101442727976105,3.959097412814075,3.055415275715165,6.210602085054766,52.40683152168198,26.26466326576913,499,Vertex Water Bottle 2022
CLO-TEC-2584,TechPro Pro Dress Set 344,Clothing,Kids Clothing,TechPro,17.17,43.87,2023-02-25,2024-07-18,"Short, Ellison and Dixon",18.82,78x82x43,128,46,3.803769419987892,2.89977188240808,3.7812307151781224,2.843163674909384,4.8520380763891,44.34802980981058,31.598611821829746,126,Canyon Smart Thermostat
BOO-SMA-2585,SmartLife Classic Equipment Series 197,Books,Educational,SmartLife,37.48,59.51,2022-05-22,,"Howe, Moore and Johnson",32.23,7x22x50,394,79,4.10280864063423,3.6501386257975055,4.086144365656761,3.6238074573702215,5.976353447365779,59.153710957505595,45.904621288809025,395,Nimbus Portable Speaker
ELE-OUT-2586,OutdoorAdventure Elite Laptop,Electronics,Gaming,OutdoorAdventure,65.13,164.05,2023-09-03,,Moore-Baker,14.52,5x24x30,72,14,5.106248458299202,4.191622501686571,5.1001712594071105,4.17638527255831,4.276680007808494,164.24124166296664,122.78847726052953,69,Nimbus Classic Water Bottle 2022
BOO-OUT-2587,OutdoorAdventure Pro Equipment Model 239,Books,Educational,OutdoorAdventure,14.44,31.78,2023-01-03,,"Wright, Scott and Evans",9.71,44x25x19,176,68,3.4898185733156835,2.73696154459663,3.45883716110857,2.67000213346468,5.170489676840192,31.68623239274221,17.668281620495083,181,Solstice Max Coffee Grinder
ELE-BEA-2588,BeautyGlow Pro Laptop,Electronics,Smartphones,BeautyGlow,23.86,76.12,2023-07-28,,"Ross, Hardin and Navarro",27.63,47x18x40,59,97,4.34536265030229,3.213260086082565,4.332311042427949,3.17220341666977,4.077554392914626,76.04963562262711,34.99967262833478,58,Lumen Smart Thermostat 2024
SPO-HOM-2589,HomeComfort Advanced Gear,Sports,Fitness Equipment,HomeComfort,21.7,41.9,2023-02-12,2023-09-12,"Nguyen, Olson and Freeman",3.14,82x27x19,28,43,3.758871825933971,3.122364924487357,3.735285826928092,3.077312260546414,3.3322402238231783,42.11324581034501,32.93261177092738,27,Pulse Lite Desk Lamp
SPO-TEC-2590,TechPro Premium Item Collection 634,Sports,Athletic Wear,TechPro,7.65,13.12,2022-03-30,2023-03-24,"Warner, Weiss and Davis",10.11,21x77x45,218,18,2.647592232065096,2.157559320943788,2.574137783515943,2.0347056478384444,5.384499649934531,13.308587428297882,6.73866345601802,214,Granite Prime Blender
HOM-HOM-2591,HomeComfort Premium Pot,Home & Garden,Furniture,HomeComfort,1.45,4.23,2024-01-03,,"Evans, Cross and Johnston",24.94,59x60x25,114,43,1.6544112780768316,0.8960880245566356,1.4422019930581866,0.371563556432483,4.736207220285847,4.711430873828145,3.1259050165255986,119,Lumen Flex Desk Lamp
HOM-TEC-2592,TechPro Ultra Pot Collection 550,Home & Garden,Garden Tools,TechPro,29.75,63.33,2022-08-13,,Deleon LLC,15.06,8x18x44,45,52,4.1640260854229085,3.4258899942525267,4.148359150528339,3.392829131991639,3.806684711745632,62.96582640366504,38.32028741509945,49,Granite Coffee Grinder 2025
CLO-AUT-2593,AutoCare Modern Hat,Clothing,Mens Apparel,AutoCare,25.11,81.64,2022-07-29,,Hobbs-Hamilton,15.53,24x38x20,179,81,4.414493824811383,3.2623183827110376,4.402319337941644,3.2232661731694936,5.187391392417329,81.25202745639649,34.812933306242,175,Solstice Desk Lamp
SPO-FAS-2594,FashionForward Classic Tool Model 875,Sports,Fitness Equipment,FashionForward,2.39,3.96,2023-11-27,2025-09-06,Kane and Sons,33.44,28x55x33,1,75,1.601405740736836,1.220829921392359,1.3762440252663892,0.8712933659434193,0.0009995003330834232,4.179852040786166,2.7888449240077415,0,Granite Smart Thermostat
SPO-SMA-2595,SmartLife Advanced Accessory,Sports,Athletic Wear,SmartLife,8.09,23.71,2022-05-14,,"Delgado, Guzman and Smith",3.92,84x61x31,436,79,3.2072080200005186,2.2071749081893874,3.165896900077314,2.0906287310704004,6.077644536924386,23.78681917866628,14.601901141023614,434,Pulse Ultra Blender
SPO-KIT-2596,KitchenMaster Ultra Equipment,Sports,Team Sports,KitchenMaster,35.07,56.83,2022-06-13,,"Reyes, Torres and Williams",31.99,51x6x7,211,23,4.057507672170127,3.5854614949154477,4.04006435530903,3.5573460641520867,5.351862872801329,56.60867745322861,44.97712460099541,209,Lumen Flex Trail Shoes
AUT-OUT-2597,OutdoorAdventure Modern Gear,Automotive,Car Care,OutdoorAdventure,127.96,216.04,2022-11-17,,"Cunningham, Murphy and Wolfe",40.6,44x11x24,371,63,5.380081668350677,4.859502278758318,5.37546357572469,4.8517177150813176,5.916204758021593,215.6278309816092,165.4642827830798,371,Vertex Ultra Action Camera
BEA-OUT-2598,OutdoorAdventure Elite Item Model 909,Beauty,Fragrances,OutdoorAdventure,20.46,50.26,2022-09-16,,Williams Ltd,37.59,25x50x21,294,32,3.936910720935925,3.0661907372025525,3.917209532115446,3.0184717605234805,5.683583168693441,49.8539450846045,34.72643167417399,290,Vertex Select Portable Speaker
ELE-BEA-2599,BeautyGlow Ultra Camera,Electronics,Headphones,BeautyGlow,26.36,75.74,2022-04-14,,Maddox-Mullins,30.66,30x74x40,41,77,4.340423084818807,3.3090820927543496,4.327306422473649,3.2718477096343066,3.713596456650773,76.12630705717083,60.05293035094651,41,Granite Action Camera
CLO-SPO-2600,SportElite Premium Hat,Clothing,Shoes,SportElite,10.52,27.5,2022-12-12,,"Wagner, Walker and Roberts",39.47,69x69x16,370,18,3.349904087274605,2.444084655267745,3.3141860046725258,2.3532782073095637,5.91350570833732,27.19802997822437,14.889557964430889,371,Harbor Coffee Grinder 2024
BOO-KIT-2601,KitchenMaster Classic Tool Edition 514,Books,Educational,KitchenMaster,69.23,130.8,2024-03-03,2024-12-08,Hernandez-Rogers,40.85,10x28x10,82,57,4.881285622068407,4.251775570170929,4.873669439023098,4.237434294689934,4.406731442311845,130.6269041308732,82.2218843945036,87,Lumen Portable Speaker
HOM-BEA-2602,BeautyGlow Pro Pot Set 130,Home & Garden,Kitchen,BeautyGlow,11.23,18.84,2023-02-16,2025-05-01,Duncan-Williams,37.22,72x59x5,421,40,2.987700101856727,2.503891949699081,2.935982269148217,2.418588768750352,6.042635208976472,18.57212327418245,10.785610508459339,425,Canyon Wireless Earbuds
SPO-STY-2603,StyleMax Classic Item,Sports,Outdoor Gear,StyleMax,9.78,17.65,2022-03-05,,Baker-Ross,10.16,81x62x40,423,85,2.9258461460898246,2.377692565480851,2.8707357833793057,2.280339484046726,6.047374543109678,17.507896379715298,12.783235170299513,420,Terra Smart Thermostat
BOO-STY-2604,StyleMax Pro Gear Series 314,Books,Fiction,StyleMax,13.01,25.32,2023-05-02,,Ayala-Anderson,12.11,93x68x11,301,69,3.2703291064571163,2.6397713603489157,3.2315945972759756,2.565718292524414,5.707113587002493,24.89803536589117,16.97117783878781,306,Granite Wireless Earbuds 2024
AUT-TEC-2605,TechPro Pro Accessory,Automotive,Accessories,TechPro,8.52,24.07,2022-06-09,,Castillo and Sons,47.0,92x96x44,500,16,3.221671912170202,2.253394848803274,3.1809662517949806,2.1424163408412245,6.2146100984201915,24.088678595090105,12.874681108759379,502,Granite Desk Lamp
BEA-STY-2606,StyleMax Ultra Accessory,Beauty,Hair Care,StyleMax,22.43,51.27,2023-01-09,,Foster-Duncan,31.47,14x31x33,174,38,3.9564225927248304,3.1540172525197043,3.9371057857956093,3.110399348532117,5.159061046324451,50.846260312320375,21.044194823495037,170,Solstice Trail Shoes
HOM-HOM-2607,HomeComfort Pro Chair,Home & Garden,Home Decor,HomeComfort,86.68,151.66,2023-06-26,,"Gilbert, Fitzgerald and Sanchez",41.87,71x100x5,241,27,5.028213226370324,4.473693823199706,5.02164117327279,4.462223176668158,5.48480108285964,151.95434937766592,118.49906028995483,246,Pulse Select Desk Lamp
AUT-KIT-2608,KitchenMaster Premium Accessory Series 525,Automotive,Accessories,KitchenMaster,26.86,44.56,2022-01-29,,Adams Group,25.65,83x65x14,66,35,3.8190301385789813,3.3271919683516598,3.7968365956190286,3.2906381910950917,4.189669893426794,44.29903784027223,19.661962783436774,68,Solstice Yoga Mat
BEA-BEA-2609,BeautyGlow Modern Equipment,Beauty,Fragrances,BeautyGlow,16.0,36.86,2023-05-12,,Cohen-Johnston,11.41,62x58x40,442,23,3.633895145781177,2.833213344056216,3.607126952241677,2.772588722239781,6.091312144518578,36.89921167631242,21.004784717342865,447,Nimbus Blender 2024
ELE-BEA-2610,BeautyGlow Premium Camera,Electronics,Laptops,BeautyGlow,40.78,104.75,2022-12-27,,Powers Group,48.52,9x6x15,333,42,4.661077817926388,3.7324177561284198,4.6515765588022475,3.708191765146309,5.808145492978937,105.12247750581022,60.38573321610646,332,Nimbus Blender
BEA-SPO-2611,SportElite Elite Product,Beauty,Hair Care,SportElite,4.92,14.49,2022-06-16,,Bailey-Flores,6.16,79x9x29,308,95,2.740194654428777,1.7783364488959144,2.673458756332591,1.5933085305042167,5.73010302972155,14.63785982166625,8.781085029269112,304,Canyon Yoga Mat 2024
AUT-OUT-2612,OutdoorAdventure Advanced Equipment Kit 583,Automotive,Accessories,OutdoorAdventure,44.47,68.03,2023-03-30,,"Rios, Carrillo and Jackson",17.89,60x84x49,60,41,4.234541192715384,3.8170527678369193,4.219948784356969,3.794814804522605,4.09436122874988,68.06229863082031,52.56059050544691,61,Solstice Portable Speaker
BOO-HOM-2613,HomeComfort Pro Gear Series 958,Books,Educational,HomeComfort,18.73,39.51,2022-11-02,,Jensen-Branch,19.48,5x66x5,111,35,3.701548857214599,2.982140320034524,3.6765538044232993,2.930126516455997,4.709539210280762,39.337847078053066,30.056052922660875,107,Lumen Max Portable Speaker 2023
HOM-OUT-2614,OutdoorAdventure Ultra Table Collection 819,Home & Garden,Furniture,OutdoorAdventure,17.07,44.77,2022-04-26,,Hanson-Alexander,43.3,78x22x23,277,47,3.823628854665551,2.8942531046041373,3.8015382722528743,2.837322536806349,5.624021116289125,44.60634187479704,24.963278955397968,277,Granite Water Bottle 2023
BOO-SPO-2615,SportElite Premium Item,Books,Fiction,SportElite,355.6,590.54,2023-03-12,,Gonzalez LLC,40.49,6x45x19,23,28,6.382729305815005,5.87661470542904,6.381037372547285,5.8738065036397495,3.135537693244867,590.7060972160942,392.002354954846,27,Pulse Eco Smart Thermostat
ELE-STY-2616,StyleMax Classic Speaker,Electronics,Tablets,StyleMax,73.61,211.19,2024-01-02,,Todd Inc,19.47,42x56x50,406,41,5.357482099716008,4.312274546483423,5.352758202226283,4.298780886070615,6.006355622652887,211.67425657399673,91.67459083043825,403,Nimbus Pro Trail Shoes
CLO-AUT-2617,AutoCare Smart Dress,Clothing,Accessories,AutoCare,6.68,14.6,2022-11-30,2023-09-27,Singh and Sons,44.04,40x68x31,132,29,2.747270914255491,2.038619547159581,2.681021528714291,1.8991179875485542,4.88280949831525,14.758602406052391,9.406598691661255,135,Canyon Select Trail Shoes
SPO-STY-2618,StyleMax Advanced Equipment Model 428,Sports,Athletic Wear,StyleMax,13.68,35.81,2022-04-24,2023-01-07,"Mcintosh, Melton and Wilkins",45.3,68x47x11,68,39,3.60576954739093,2.6864860231863696,3.5782271840103412,2.615934912194404,4.219522410950329,35.866627749022626,26.637693102168267,65,Lumen Water Bottle
BOO-KIT-2619,KitchenMaster Modern Tool Model 365,Books,Educational,KitchenMaster,56.46,97.8,2023-10-17,2026-03-02,Cooper Inc,40.62,64x25x19,375,59,4.593097604753822,4.051089053551143,4.582924577040772,4.033532422825343,5.926928692633522,98.02603750003446,50.39640793008699,380,Terra Smart Thermostat
ELE-BEA-2620,BeautyGlow Ultra Speaker,Electronics,Laptops,BeautyGlow,61.15,182.19,2023-01-14,,Cole-Johnson,21.2,64x64x14,18,55,5.210523865597368,4.12955081795672,5.205050098577594,4.113329862133181,2.8904273119085677,182.15590150003806,124.35029842374735,15,Canyon Action Camera 2023
ELE-STY-2621,StyleMax Premium Speaker Set 612,Electronics,Headphones,StyleMax,12.96,31.74,2023-01-06,,Singh and Sons,13.25,88x66x39,328,39,3.488597571942989,2.6361960973342264,3.457577715098263,2.561867690924129,5.793016657159984,31.308939495748767,18.466384372671747,327,Canyon Select Smart Thermostat
SPO-SPO-2622,SportElite Pro Equipment,Sports,Fitness Equipment,SportElite,45.94,136.35,2023-06-27,2024-07-01,Payne LLC,44.44,42x14x24,257,51,4.922532412541283,3.8488701904228773,4.9152251092915975,3.8273361972609523,5.549079975938233,136.41105087956035,71.05199926005984,258,Nimbus Ultra Wireless Earbuds
BEA-HOM-2623,HomeComfort Classic Item Collection 440,Beauty,Fragrances,HomeComfort,11.01,20.8,2024-02-09,,"Webb, Blair and Thomas",26.45,23x62x16,284,76,3.0819099697950434,2.485739636091892,3.0349529867072724,2.3988039507345884,5.648977759281768,21.248472778815273,9.347083238803611,286,Lumen Coffee Grinder 2025
AUT-TEC-2624,TechPro Modern Equipment,Automotive,Car Care,TechPro,108.42,184.76,2023-04-02,,"Barnett, Bennett and Escobar",18.92,31x23x35,484,18,5.224455517949581,4.69519368863568,5.2190576855624045,4.686012573832192,6.1820869728301995,184.4417968835105,89.1081705290019,489,Nimbus Max Trail Shoes 2023
AUT-AUT-2625,AutoCare Smart Accessory,Automotive,Tools,AutoCare,53.09,152.98,2023-05-03,,"Williams, Jackson and Campbell",7.0,82x21x18,457,77,5.0368227238499035,3.9906493258833358,5.03030719389372,3.97198858659558,6.124685579075618,153.16620479300425,81.09470070007993,458,Nimbus Flex Coffee Grinder
SPO-KIT-2626,KitchenMaster Premium Equipment,Sports,Athletic Wear,KitchenMaster,13.43,34.12,2022-09-27,,"Williamson, Brown and Pena",46.81,55x80x48,119,32,3.558770768766916,2.6693093727857793,3.5298837226234783,2.5974910105351463,4.7791318964375655,33.82691501488587,17.86557445103792,122,Canyon Blender 2025
ELE-AUT-2627,AutoCare Advanced Laptop Model 907,Electronics,Gaming,AutoCare,196.57,360.82,2023-06-22,,Jones Ltd,30.24,23x65x17,295,63,5.891146850593115,5.286092951925314,5.888379219024657,5.281018601969707,5.686978746164582,360.8551111307836,152.14739188720867,294,Aurora Yoga Mat 2025
BEA-AUT-2628,AutoCare Modern Equipment,Beauty,Skincare,AutoCare,21.35,56.89,2022-11-18,,Alvarado-Durham,32.85,46x57x33,29,70,4.058544658090914,3.106826321059578,4.041119578762556,3.0610517396746335,3.367330312150578,56.494742920653785,38.51079180140254,33,Aurora Trail Shoes 2022
BOO-FAS-2629,FashionForward Advanced Gear Edition 970,Books,Children Books,FashionForward,43.27,69.9,2023-12-23,,Lin-Smith,12.14,72x38x14,432,33,4.2612704335380815,3.7903072467440495,4.247065649239764,3.7674595542367935,6.068427903056246,69.85136351753303,55.85001829564097,437,Granite Smart Thermostat
SPO-SMA-2630,SmartLife Elite Equipment,Sports,Outdoor Gear,SmartLife,31.07,55.01,2023-12-25,,"Hughes, Whitney and Romero",47.19,23x66x11,54,19,4.025530246221741,3.4679210137050633,4.007514986887367,3.436242723404956,3.989002564911327,55.26104006231734,38.19743532904039,51,Pulse Edge Action Camera 2023
AUT-AUT-2631,AutoCare Modern Equipment,Automotive,Accessories,AutoCare,9.38,27.69,2022-04-20,,"Garcia, Stewart and Delacruz",2.95,42x25x44,452,79,3.3565486299932736,2.339880877737743,3.3210713371828704,2.238579763018133,6.113684392219164,27.540620093754203,19.63215059180171,452,Lumen Smart Thermostat
HOM-BEA-2632,BeautyGlow Ultra Tool,Home & Garden,Furniture,BeautyGlow,11.25,26.23,2022-02-03,,"Miller, Gonzalez and Rasmussen",47.01,59x79x5,106,84,3.3043193066856684,2.505525936990736,3.2669037938787824,2.4203681286504293,4.663448528029832,26.391613489997475,14.126537766141388,105,Vertex Edge Coffee Grinder
AUT-HOM-2633,HomeComfort Premium Product,Automotive,Tools,HomeComfort,50.75,151.87,2023-08-06,,"House, Smith and Wright",0.79,39x28x48,203,44,5.0295878870129425,3.9464244321454784,5.023024891742178,3.926911617921897,5.313210905138028,152.15954096157395,83.15752632032014,201,Granite Eco Action Camera
SPO-TEC-2634,TechPro Classic Tool Series 561,Sports,Fitness Equipment,TechPro,14.86,32.65,2024-02-17,2025-03-24,"Torres, Burns and Garner",40.33,15x56x17,228,15,3.5160130560907366,2.7638002162067017,3.48584485572244,2.698673039289613,5.429350014909735,33.06863426308986,18.604924444899844,224,Aurora Smart Thermostat
HOM-TEC-2635,TechPro Ultra Tool Collection 523,Home & Garden,Furniture,TechPro,13.97,38.45,2022-07-07,,Reed LLC,14.06,78x33x12,441,66,3.6750340472918834,2.706048198431537,3.649358695951653,2.6369121732688705,6.089047143017972,38.18994924021835,30.303824883512515,442,Vertex Blender
CLO-BEA-2636,BeautyGlow Modern Jacket,Clothing,Accessories,BeautyGlow,5.67,21.74,2022-01-06,,Garrett-Young,47.9,9x99x30,387,51,3.12412548832239,1.8976198599275325,3.0791538816930633,1.7351891177396608,5.958427277005772,21.64132959749312,11.004373246079997,386,Harbor Water Bottle
HOM-HOM-2637,HomeComfort Advanced Tool,Home & Garden,Furniture,HomeComfort,29.41,80.18,2023-07-18,,"Hill, Brown and Scott",34.97,33x99x43,115,26,4.396668911410751,3.4147715016892732,4.384274107214361,3.3813347525659037,4.744940823977617,79.83936769306382,53.53930872952395,113,Nimbus Wireless Earbuds
SPO-FAS-2638,FashionForward Elite Tool,Sports,Outdoor Gear,FashionForward,128.54,223.68,2023-08-10,2025-03-08,Zamora-Briggs,11.19,88x11x24,499,82,5.414677167664232,4.863989713754771,5.410216459045445,4.85624013994314,6.212608099757527,224.1626338321152,119.69782620907272,501,Aurora Portable Speaker
AUT-TEC-2639,TechPro Elite Equipment,Automotive,Accessories,TechPro,7.68,16.74,2023-10-24,,Raymond LLC,8.67,26x75x46,155,55,2.8758219768814333,2.1610215286722587,2.817801065061329,2.038619547159581,5.0434315685113384,17.158460948565807,9.906757066745316,158,Lumen Select Blender 2022
CLO-FAS-2640,FashionForward Ultra Shoes,Clothing,Accessories,FashionForward,12.42,39.41,2022-01-24,,Hernandez Group,0.13,74x60x24,417,10,3.6990772790903823,2.5967461315435356,3.6740195912069122,2.519308076505333,6.033088619877461,39.449157987674944,26.151147820352936,420,Harbor Edge Wireless Earbuds
SPO-AUT-2641,AutoCare Classic Item System 110,Sports,Athletic Wear,AutoCare,71.59,178.82,2022-04-16,,"Taylor, Blair and Meyer",42.14,26x81x7,84,33,5.191956350556627,4.284827171296749,5.186379713307172,4.270955399408094,4.430828703534357,179.1551926284889,133.68013928028736,81,Lumen Edge Portable Speaker 2022
AUT-AUT-2642,AutoCare Ultra Product,Automotive,Car Parts,AutoCare,18.7,35.88,2023-07-10,,"Salazar, Garrett and Perez",1.83,33x27x15,178,34,3.607669398688393,2.9806186357439426,3.5801800371905954,2.928523523860541,5.181789168253832,35.900538817726606,27.364555333946466,175,Pulse Ultra Action Camera
CLO-HOM-2643,HomeComfort Premium Pants Series 141,Clothing,Womens Apparel,HomeComfort,17.49,40.38,2023-01-19,,Berry Group,40.29,49x12x12,316,38,3.722797672317397,2.9172300453990334,3.6983346128846915,2.8616292890305104,5.755745378138867,40.501113974242706,18.929923666973973,315,Pulse Classic Action Camera
HOM-AUT-2644,AutoCare Premium Table,Home & Garden,Bedding,AutoCare,7.72,18.31,2023-07-22,,Browning-Murphy,14.31,31x84x17,386,41,2.960623096440423,2.1656192379208883,2.907447358686419,2.0438143640366846,5.95583996013505,17.907341943473696,7.747450024338863,385,Lumen Pro Desk Lamp 2022
CLO-BEA-2645,BeautyGlow Smart Jacket,Clothing,Womens Apparel,BeautyGlow,17.16,54.64,2022-05-16,2024-05-15,"Anderson, Delgado and Carpenter",1.43,77x100x39,330,39,4.018902367055242,2.8992213731731473,4.0007662152625345,2.8425810940598164,5.7990956847589645,54.890165012086875,29.64534276575989,334,Vertex Yoga Mat
ELE-BEA-2646,BeautyGlow Ultra Phone System 158,Electronics,Laptops,BeautyGlow,45.28,109.67,2022-12-08,,"Mcbride, Huffman and Parker",19.7,83x81x44,68,17,4.706552800276694,3.834709902325476,4.697475856772117,3.8128654338949275,4.219522410950329,109.30515921396253,82.92177441397786,64,Aurora Portable Speaker 2022
ELE-SPO-2647,SportElite Modern Speaker Edition 570,Electronics,Laptops,SportElite,146.31,326.65,2023-01-16,,"Roach, Browning and Jordan",3.37,6x54x16,304,44,5.791945965485506,4.992539209826847,5.7888892612867595,4.985727658390071,5.717030990874496,326.96954627764745,208.99537434323258,299,Harbor Pro Action Camera
BEA-KIT-2648,KitchenMaster Smart Equipment,Beauty,Skincare,KitchenMaster,58.48,174.2,2022-04-11,,Douglas PLC,9.12,62x14x49,117,22,5.165928178502291,4.085640121591954,5.160204064418402,4.068684815441523,4.762182481769778,174.47638752591698,88.70803867658185,119,Pulse Classic Yoga Mat 2023
SPO-SPO-2649,SportElite Classic Product,Sports,Team Sports,SportElite,206.56,574.75,2022-10-08,,Stewart PLC,7.64,70x85x30,128,59,6.3556735387007945,5.3354204544995385,6.353935163643291,5.330590927098332,4.8520380763891,574.9545698037881,280.6190234870231,125,Terra Select Portable Speaker
ELE-TEC-2650,TechPro Classic Phone,Electronics,Laptops,TechPro,97.48,280.06,2022-01-28,2024-03-25,"Fry, Wilson and Stewart",8.0,99x73x22,161,27,5.638568169672599,4.589853481876198,5.635003865927631,4.579647228757006,5.081410576145298,279.60543717291426,210.46252191125964,156,Granite Flex Trail Shoes
HOM-SPO-2651,SportElite Elite Pot Model 807,Home & Garden,Furniture,SportElite,26.93,49.7,2022-12-06,,Acosta LLC,15.96,39x31x13,51,84,3.9259259105971376,3.3297013799570854,3.906004933102583,3.2932409068235073,3.9318452403752318,49.507065788826424,39.605044311101416,46,Granite Eco Trail Shoes
BEA-BEA-2652,BeautyGlow Smart Accessory,Beauty,Skincare,BeautyGlow,23.93,54.46,2023-03-29,,Ali-Turner,29.6,86x22x21,238,87,4.015662040187632,3.2160718975354667,3.9974664872456134,3.175132901920282,5.47227487534332,54.22785031851263,27.93521580269762,243,Aurora Yoga Mat
CLO-BEA-2653,BeautyGlow Elite Pants,Clothing,Kids Clothing,BeautyGlow,9.18,27.58,2022-08-30,,"Peck, Shannon and Mahoney",12.79,91x46x49,477,79,3.3527071725017215,2.3204250111223765,3.3170908723651555,2.217027204632399,6.167518587322203,27.44293367932209,18.03992886030195,473,Nimbus Wireless Earbuds
AUT-KIT-2654,KitchenMaster Elite Accessory,Automotive,Car Parts,KitchenMaster,27.24,41.16,2024-03-01,,Hernandez-Lopez,24.68,60x68x45,195,83,3.741471904233107,3.3407394126250414,3.717466910965849,3.3046864812813115,5.273004686755725,40.75588989182856,28.456066661078957,195,Vertex Yoga Mat
CLO-SPO-2655,SportElite Elite Shoes,Clothing,Womens Apparel,SportElite,9.62,29.97,2022-12-29,2025-03-20,Lopez PLC,47.14,26x48x34,366,79,3.4330189939851112,2.362739015813793,3.4001968813285717,2.263844264677615,5.902636065638071,30.39821866657044,24.16175089049336,366,Lumen Wireless Earbuds 2023
BEA-SMA-2656,SmartLife Ultra Item,Beauty,Hair Care,SmartLife,23.37,46.75,2023-05-31,,"Adams, Bradley and Hall",18.03,72x72x17,424,79,3.865979066926739,3.193352867637115,3.844814255734696,3.1514531485507664,6.049735813719742,46.80272619589813,27.327186877332643,421,Solstice Water Bottle
CLO-SMA-2657,SmartLife Modern Pants,Clothing,Kids Clothing,SmartLife,34.96,81.93,2024-01-28,,Hall Inc,19.96,21x89x42,398,31,4.4179968784631125,3.5824072096034194,4.4058652241537235,3.5542045507873348,5.986454517844095,81.73941382444487,37.56250618356994,396,Lumen Prime Smart Thermostat
HOM-SPO-2658,SportElite Advanced Pot,Home & Garden,Bedding,SportElite,8.12,21.75,2023-02-06,,Miller-Chan,8.04,28x49x5,386,23,3.1245651453969594,2.21046980408624,3.079613757534693,2.0943301541735866,5.95583996013505,21.649041886732796,9.02651046049978,382,Terra Yoga Mat 2022
BOO-AUT-2659,AutoCare Classic Product,Books,Non-Fiction,AutoCare,56.03,167.15,2023-04-03,,Shaw PLC,20.62,80x37x16,330,11,5.124856438186279,4.043577445168448,5.118891612866108,4.025887261577193,5.7990956847589645,167.09825848969476,95.8646083930282,326,Canyon Yoga Mat
ELE-HOM-2660,HomeComfort Smart Tablet System 687,Electronics,Laptops,HomeComfort,203.8,416.76,2022-01-12,,Joseph-Brooks,30.31,88x58x30,87,98,6.034907104950818,5.322033893165353,6.032510516543983,5.3171391207886245,4.4659196128413985,416.8585824466934,247.70381803523628,88,Granite Coffee Grinder 2024
SPO-HOM-2661,HomeComfort Classic Equipment Set 450,Sports,Fitness Equipment,HomeComfort,18.06,49.52,2022-02-23,,Henry-Taylor,18.13,29x28x9,244,46,3.9223692974822906,2.947591898226056,3.9023766283763406,2.8936995479888394,5.49717232364546,49.53536583914257,37.942973002448184,239,Aurora Desk Lamp
BEA-TEC-2662,TechPro Smart Tool Kit 878,Beauty,Skincare,TechPro,2.98,4.84,2022-08-13,,Perez Group,38.17,73x84x16,68,30,1.7647307968401358,1.3812818192963463,1.5769147207285403,1.091923300517313,4.219522410950329,5.251004133750129,3.0479499670788215,69,Harbor Classic Trail Shoes
HOM-STY-2663,StyleMax Pro Tool Set 105,Home & Garden,Garden Tools,StyleMax,11.62,29.55,2023-03-06,,Schaefer Group,46.6,23x64x36,337,14,3.4193646856176043,2.5352828571130672,3.386083743852107,2.4527277514237653,5.82008589770701,29.547024213247713,19.146718951910938,332,Lumen Yoga Mat 2024
HOM-BEA-2664,BeautyGlow Classic Chair,Home & Garden,Garden Tools,BeautyGlow,64.54,169.26,2022-02-26,,Newton and Sons,21.85,21x55x23,111,100,5.137326680455911,4.182660643270669,5.13143599424196,4.167285186623816,4.709539210280762,169.74231485452682,94.57123268080879,111,Pulse Yoga Mat
BOO-TEC-2665,TechPro Premium Tool,Books,Educational,TechPro,19.68,43.18,2022-07-24,,Jones Group,4.6,59x89x14,438,38,3.7882721979919713,3.0291670496402285,3.7653774250866614,2.9796028916241073,6.082221193478863,43.524396458590196,28.051885295320687,435,Harbor Wireless Earbuds
BEA-SPO-2666,SportElite Smart Equipment Kit 911,Beauty,Skincare,SportElite,8.17,19.82,2022-10-17,,"Burns, Nguyen and Ellis",48.25,43x22x17,366,22,3.035914063186823,2.2159372862683733,2.986691528901842,2.1004689088719113,5.902636065638071,19.534340304070188,13.749838302356457,368,Solstice Smart Thermostat
SPO-BEA-2667,BeautyGlow Ultra Item,Sports,Team Sports,BeautyGlow,12.75,22.89,2022-07-02,,Patterson Inc,32.96,54x71x28,244,63,3.173459961337718,2.6210388241125804,3.1307001339644756,2.545531271604435,5.49717232364546,23.31198331035104,17.76405508380611,244,Vertex Blender 2022
AUT-SMA-2668,SmartLife Smart Gear,Automotive,Car Parts,SmartLife,42.8,75.76,2022-02-16,,"Moss, James and Edwards",44.01,13x65x25,439,53,4.340683671139499,3.7796338173824005,4.327570448877823,3.756538102587751,6.0845016909769045,75.38403906992777,50.81130152365014,444,Vertex Action Camera
ELE-OUT-2669,OutdoorAdventure Modern Phone,Electronics,Smart Home,OutdoorAdventure,94.32,280.17,2023-05-22,,"Crosby, Armstrong and Herrera",28.28,27x43x49,93,15,5.6389594686121916,4.557239652230542,5.635396561789737,4.546693256229116,4.532610245783618,280.48110071432137,213.5420607717043,89,Canyon Action Camera
CLO-OUT-2670,OutdoorAdventure Smart Jacket,Clothing,Kids Clothing,OutdoorAdventure,10.06,35.65,2022-03-21,,"Liu, Buchanan and Meyer",8.49,39x49x32,399,52,3.6014134283326604,2.4033349960941885,3.573749146860305,2.3085671646715933,5.988963923152387,35.53301082760705,25.912136154485925,401,Nimbus Prime Water Bottle
AUT-OUT-2671,OutdoorAdventure Classic Tool System 879,Automotive,Tools,OutdoorAdventure,14.44,43.26,2022-06-19,,Bryant-Rich,14.74,73x52x19,193,27,3.7900813346229034,2.73696154459663,3.7672284205249125,2.67000213346468,5.262695370238613,43.630414834036166,17.67317739544121,192,Pulse Action Camera
SPO-BEA-2672,BeautyGlow Modern Product Edition 851,Sports,Fitness Equipment,BeautyGlow,14.12,36.13,2022-03-06,,Stone Group,48.96,5x81x26,116,74,3.614425268188989,2.716018370751387,3.587123545159549,2.647592232065096,4.753598811758862,36.490695556305305,22.710297368823554,118,Vertex Flex Blender
AUT-AUT-2673,AutoCare Modern Accessory,Automotive,Car Care,AutoCare,8.76,15.43,2023-02-05,,"Williams, Hughes and Hubbard",11.8,80x82x6,427,14,2.799108932049177,2.278292400425001,2.7363136663750693,2.1701959049483,6.056786355146257,15.729806892115269,9.237349442295363,429,Canyon Ultra Blender
BOO-FAS-2674,FashionForward Pro Gear,Books,Non-Fiction,FashionForward,85.96,135.37,2023-05-16,,Lee Group,31.79,99x17x23,113,68,4.9153717798697425,4.465448242812954,4.908011770197695,4.453882071774309,4.727396668230706,135.65422982758093,61.11936439048421,113,Pulse Edge Wireless Earbuds
BOO-BEA-2675,BeautyGlow Smart Equipment Kit 484,Books,Educational,BeautyGlow,15.03,24.4,2024-02-10,,Wilkerson-Ayala,32.63,49x58x21,458,63,3.2347491740244907,2.7744619666214616,3.1945831322991562,2.710048203764883,6.126871367517915,24.208585556316077,9.726342483158325,454,Solstice Wireless Earbuds
AUT-HOM-2676,HomeComfort Classic Product,Automotive,Accessories,HomeComfort,60.07,173.41,2024-03-11,2026-07-13,Murray-Henderson,14.92,93x16x38,190,76,5.161408849280577,4.112020747235043,5.1556587328104575,4.09551054886207,5.24702933530453,172.9993008973902,98.07576377413712,192,Aurora Edge Yoga Mat 2023
BEA-TEC-2677,TechPro Elite Equipment,Beauty,Skincare,TechPro,78.98,200.9,2023-08-14,,"Ellison, Vaughn and Mckee",0.65,71x44x26,20,99,5.307772525318792,4.381776603418673,5.302807271820889,4.369194655858504,2.995782272304033,200.80492057518987,95.38444001847353,25,Granite Trail Shoes
SPO-TEC-2678,TechPro Ultra Product,Sports,Athletic Wear,TechPro,49.33,129.7,2023-03-15,2023-10-18,Gallegos-Hayes,11.47,36x61x22,468,64,4.872904620630176,3.9186013207882686,4.865224091322398,3.8985324152456466,6.148470432667501,129.38005402468676,86.5841842631232,468,Canyon Desk Lamp
BOO-SPO-2679,SportElite Premium Equipment,Books,Non-Fiction,SportElite,13.62,29.42,2022-08-05,2024-03-21,"Mason, White and Richards",23.6,20x75x13,93,33,3.4151002868311466,2.6823904543216326,3.3816747151732915,2.611539300721366,4.532610245783618,29.611052067124415,20.06748155642737,93,Terra Portable Speaker 2023
SPO-FAS-2680,FashionForward Ultra Item,Sports,Athletic Wear,FashionForward,28.89,76.74,2023-04-08,,"Payne, Long and Morris",25.4,47x32x37,389,52,4.353369925424077,3.3975239762958465,4.340423084818807,3.363495514478144,5.96358191430923,76.58917773200703,48.93424344136845,391,Nimbus Edge Desk Lamp
BEA-SMA-2681,SmartLife Modern Product,Beauty,Skincare,SmartLife,19.65,35.5,2023-11-28,,White PLC,34.85,93x84x37,387,71,3.597312260588446,3.027715319407042,3.56953269648137,2.9780773383152703,5.958427277005772,35.96609799684272,19.097893552310612,382,Lumen Ultra Yoga Mat
SPO-AUT-2682,AutoCare Advanced Item,Sports,Fitness Equipment,AutoCare,8.91,21.86,2023-08-08,2024-06-03,"Huang, Khan and Davis",34.75,12x38x46,438,81,3.129388658366665,2.2935443483418965,3.0846584827483925,2.187174241482718,6.082221193478863,21.998152635798427,11.595739345796009,434,Lumen Select Portable Speaker
SPO-OUT-2683,OutdoorAdventure Classic Accessory,Sports,Fitness Equipment,OutdoorAdventure,26.89,41.54,2023-02-05,,Holt-Meadows,41.96,13x56x15,295,96,3.750444809772091,3.3282682016393976,3.726656818447966,3.2917544702807735,5.686978746164582,41.85603095236167,28.206956148252377,298,Aurora Action Camera
ELE-SPO-2684,SportElite Elite Monitor,Electronics,Headphones,SportElite,16.79,32.11,2023-08-04,,Higgins Inc,46.53,67x20x40,78,63,3.4998353515591547,2.8786365016777435,3.4691675081014224,2.8207834710894493,4.356721647120231,31.749874179287012,23.70814001112148,83,Aurora Eco Coffee Grinder 2025
BEA-SPO-2685,SportElite Smart Equipment Kit 106,Beauty,Hair Care,SportElite,58.49,134.58,2022-11-12,,Wilson Group,8.66,80x42x15,15,36,4.909561872002819,4.085808231199814,4.9021588177601725,4.068855799454934,2.7081168655467533,134.93477419262717,73.81492092752728,17,Canyon Coffee Grinder 2023
BEA-STY-2686,StyleMax Smart Gear,Beauty,Makeup,StyleMax,13.22,39.46,2023-09-08,,"Cox, Mills and Cruz",5.74,50x77x44,500,63,3.7003138317395994,2.6546494243750947,3.6752875005944694,2.5817308344235403,6.2146100984201915,39.87430204670313,29.852679961635147,501,Aurora Yoga Mat
SPO-SMA-2687,SmartLife Elite Item,Sports,Fitness Equipment,SmartLife,24.07,65.7,2023-03-26,,"Salazar, Moore and Pierce",18.46,82x72x15,490,44,4.200204952921578,3.221671912170202,4.185098925490565,3.1809662517949806,6.194407431918917,65.68732068044255,37.35000738463662,491,Pulse Flex Blender 2022
CLO-OUT-2688,OutdoorAdventure Ultra Hat,Clothing,Accessories,OutdoorAdventure,15.28,55.37,2023-12-16,2026-05-24,Tate LLC,33.95,99x14x34,371,78,4.031937102093484,2.789937360574394,4.014037930834876,2.7265447837383743,5.916204758021593,55.47412787899596,28.992507180828287,370,Solstice Action Camera
ELE-FAS-2689,FashionForward Premium Speaker,Electronics,Headphones,FashionForward,42.14,132.14,2022-10-05,,"Savage, Huffman and Martin",33.92,48x87x38,296,16,4.891401206172557,3.7644506409610106,4.8838619666017395,3.740997408376043,5.690362832696732,132.39951360488493,68.81536234446156,292,Solstice Classic Desk Lamp
ELE-BEA-2690,BeautyGlow Elite Camera,Electronics,Headphones,BeautyGlow,98.17,221.86,2022-07-24,,White Ltd,38.76,19x65x8,479,86,5.4065437716189075,4.596835549198033,5.402046552310513,4.58670066970443,6.171702685091408,221.54134185471523,110.46298450551957,484,Nimbus Ultra Blender
CLO-BEA-2691,BeautyGlow Premium Jacket,Clothing,Shoes,BeautyGlow,8.33,20.06,2023-06-10,,Barnes LLC,1.67,86x13x34,81,61,3.0473755067058295,2.2332350148592526,2.9987277825337895,2.1198634561787513,4.394461500275244,20.062514754934174,9.045309794289558,81,Pulse Prime Yoga Mat 2024
CLO-HOM-2692,HomeComfort Classic Shoes Set 888,Clothing,Accessories,HomeComfort,24.46,63.4,2022-11-03,,"Mack, Griffin and Sims",16.38,8x89x6,234,28,4.165113633110308,3.2371085931292605,4.14946386144318,3.1970391302590264,5.4553253888528435,63.300689767216866,37.981452195096075,238,Aurora Coffee Grinder 2022
BOO-KIT-2693,KitchenMaster Elite Accessory,Books,Educational,KitchenMaster,5.98,14.64,2022-04-01,2024-04-02,Roach and Sons,0.21,80x92x12,368,86,2.7498317351171653,1.943048916774281,2.6837575085331657,1.7884205679625405,5.908085655556543,14.293446512319004,7.259646117373112,365,Terra Classic Portable Speaker
SPO-HOM-2694,HomeComfort Modern Equipment,Sports,Fitness Equipment,HomeComfort,22.51,34.28,2022-02-03,,Dean LLC,42.05,35x84x12,233,17,3.5633162311385904,3.157425862551978,3.534562093729579,3.113959654918641,5.451042745401984,34.1501837338457,18.8622019167841,231,Terra Ultra Trail Shoes
BEA-SMA-2695,SmartLife Smart Accessory,Beauty,Makeup,SmartLife,115.01,218.16,2022-10-03,,Ellis Group,40.17,53x85x46,94,92,5.389802056670215,4.753676394287315,5.385228738537333,4.74501908110449,4.54330542051129,217.73680886319778,157.93409313137153,98,Granite Coffee Grinder
HOM-OUT-2696,OutdoorAdventure Modern Chair Series 853,Home & Garden,Bedding,OutdoorAdventure,8.16,21.39,2023-11-09,,"Aguirre, Franklin and Snyder",7.22,25x89x28,110,62,3.1086144306106633,2.214846178686039,3.062923523094314,2.0992441689760155,4.700489456660185,20.9252956688105,16.525211169240755,115,Vertex Blender
BOO-KIT-2697,KitchenMaster Pro Product,Books,Fiction,KitchenMaster,10.91,23.88,2022-09-12,2024-09-25,Chapman Group,45.48,77x62x30,421,100,3.2140642678709788,2.477378383367209,3.1730412885244013,2.3896797998449792,6.042635208976472,23.522462963371726,16.140724688244525,417,Harbor Portable Speaker 2022
ELE-KIT-2698,KitchenMaster Classic Camera,Electronics,Laptops,KitchenMaster,91.28,164.4,2024-02-12,,Ortiz-Miller,18.83,22x93x24,21,55,5.108366782589591,4.524827433305553,5.10230248262208,4.51393170555382,3.0445700556372914,164.8538528093574,102.66875688181953,17,Lumen Eco Blender
HOM-SMA-2699,SmartLife Ultra Tool,Home & Garden,Kitchen,SmartLife,23.61,60.2,2023-03-27,,"Smith, Khan and Ramirez",38.97,40x91x6,497,41,4.11414718951828,3.2031528644029645,4.097672352314776,3.1616703510974213,6.208592038167039,60.24853894517712,33.32693854565761,499,Terra Edge Action Camera
AUT-BEA-2700,BeautyGlow Elite Item,Automotive,Accessories,BeautyGlow,27.54,70.92,2023-04-08,,"Grant, Bryan and Williams",12.51,52x40x50,204,62,4.275554390163365,3.3513066120486905,4.2615524812060075,3.315639493300509,5.3181248957929865,71.37650571793016,32.83435376887608,206,Terra Prime Blender
CLO-HOM-2701,HomeComfort Smart Jacket Edition 926,Clothing,Womens Apparel,HomeComfort,18.02,52.74,2024-03-05,,Brown LLC,26.49,41x79x9,66,57,3.984157603187345,2.9454910571172443,3.965374180925141,2.8914822521801917,4.189669893426794,52.67384792076353,38.0042715218581,70,Terra Ultra Portable Speaker
BOO-KIT-2702,KitchenMaster Modern Accessory,Books,Educational,KitchenMaster,35.56,60.54,2022-02-21,,Thomas Inc,9.38,72x54x16,84,62,4.119687369893896,3.5989547465859495,4.103304303593573,3.571221410645704,4.430828703534357,60.355579810423556,45.253411702579065,84,Pulse Classic Portable Speaker 2022
BOO-TEC-2703,TechPro Classic Equipment,Books,Non-Fiction,TechPro,54.53,160.85,2023-08-06,,"Lane, Morrison and Rivera",8.93,49x53x44,302,86,5.086669980372253,4.016923415253516,5.080472253685035,3.9987510089379703,5.710430328627665,160.85601902558344,66.69219571578732,301,Terra Wireless Earbuds 2024
BEA-KIT-2704,KitchenMaster Smart Product,Beauty,Makeup,KitchenMaster,29.04,67.65,2023-05-04,,Williams Group,20.05,70x64x50,253,67,4.229021132213981,3.402529826895934,4.214347354616797,3.3686741899565953,5.5333934412888786,67.59072145486026,51.15145327687867,255,Pulse Edge Action Camera
BOO-AUT-2705,AutoCare Classic Item,Books,Non-Fiction,AutoCare,16.17,30.24,2023-06-22,,Martin LLC,26.21,37x82x20,48,51,3.441699324971485,2.843163674909384,3.4091655513113324,2.783157673589016,3.8712218440242134,29.853551390576506,18.168978011910436,46,Solstice Desk Lamp 2024
CLO-OUT-2706,OutdoorAdventure Smart Shoes Collection 512,Clothing,Accessories,OutdoorAdventure,20.86,42.14,2022-01-05,,"Guerrero, Graves and Armstrong",14.55,11x88x47,357,69,3.7644506409610106,3.0846584827483925,3.740997408376043,3.0378334495726262,5.877738582896164,42.2780097883964,23.919820207655878,362,Terra Action Camera
SPO-KIT-2707,KitchenMaster Pro Gear,Sports,Outdoor Gear,KitchenMaster,111.04,276.71,2022-02-04,,"Thompson, Gibson and Riley",36.58,77x14x18,153,25,5.62657740374723,4.718855950391908,5.622970026363907,4.7098904967584945,5.030444457318788,276.43171741885936,161.28414955985406,151,Pulse Yoga Mat
ELE-OUT-2708,OutdoorAdventure Modern Tablet Kit 963,Electronics,Laptops,OutdoorAdventure,47.82,122.46,2022-05-16,2024-07-31,Davis LLC,27.05,87x46x47,196,48,4.81591721696575,3.888140064964814,4.8077844460498085,3.867443962030179,5.278119761258318,122.57719619579987,93.84352471992992,195,Vertex Edge Desk Lamp
CLO-BEA-2709,BeautyGlow Premium Dress,Clothing,Womens Apparel,BeautyGlow,5.59,19.1,2022-06-04,2023-06-06,Richardson-Gray,11.75,34x8x41,477,72,3.0007198150650303,1.8855533485144158,2.9496883350525844,1.7209792871670078,6.167518587322203,19.247197070550193,14.958714355578962,472,Pulse Blender
SPO-KIT-2710,KitchenMaster Pro Tool,Sports,Athletic Wear,KitchenMaster,54.4,127.19,2023-09-28,,Chang PLC,45.78,77x74x7,332,57,4.8535135383240435,4.014579593753238,4.845682031463393,3.996364153861897,5.805137980960145,126.84898435606607,96.12700122892119,327,Vertex Select Blender
SPO-TEC-2711,TechPro Pro Equipment,Sports,Outdoor Gear,TechPro,18.02,33.69,2022-01-03,,Carter and Sons,20.48,17x72x32,292,52,3.5464514609816584,2.9454910571172443,3.5172010574184616,2.8914822521801917,5.6767572269199515,33.260122634568454,18.817410836096364,288,Granite Lite Coffee Grinder
SPO-BEA-2712,BeautyGlow Premium Gear Model 602,Sports,Outdoor Gear,BeautyGlow,2.84,5.36,2023-12-29,,Neal LLC,11.35,14x89x17,246,94,1.8500283773520307,1.3454723665996355,1.6789639750827108,1.0438040521731147,5.505335600964751,5.6351463543470715,3.2811318398536526,248,Solstice Prime Trail Shoes
BOO-SMA-2713,SmartLife Pro Item Edition 607,Books,Educational,SmartLife,43.06,77.29,2022-06-23,2023-12-13,Rose-Warren,3.2,58x16x41,390,94,4.360419880919823,3.785552341374197,4.34756458111878,3.762594491936217,5.966149303222969,77.25060441529394,54.577836547695945,391,Canyon Portable Speaker
CLO-HOM-2714,HomeComfort Advanced Shoes,Clothing,Mens Apparel,HomeComfort,7.94,25.15,2024-01-10,2025-01-27,"Clark, Brown and Duncan",25.83,29x31x34,20,34,3.263849190510932,2.190535589185423,3.224857896545748,2.0719132752590443,2.995782272304033,24.717000519595366,13.468054897523501,24,Terra Coffee Grinder
HOM-BEA-2715,BeautyGlow Ultra Lamp,Home & Garden,Kitchen,BeautyGlow,18.51,35.73,2023-09-16,2024-12-16,"Rice, Miller and Ramsey",24.72,8x61x39,212,26,3.6035938598315758,2.97092715463502,3.5759906720353185,2.9183111265854063,5.35659099164202,36.21496899082637,17.092487529729183,215,Vertex Ultra Trail Shoes
AUT-AUT-2716,AutoCare Pro Item,Automotive,Tools,AutoCare,27.08,59.73,2022-11-26,2025-02-05,"Peck, Andersen and Mitchell",3.66,65x85x7,500,98,4.106437809909484,3.3350575791576103,4.089834406744215,3.298795448044074,6.2146100984201915,59.29662494977644,46.45110316469104,499,Aurora Wireless Earbuds
BOO-STY-2717,StyleMax Modern Accessory Kit 270,Books,Educational,StyleMax,23.84,66.66,2023-08-31,,"Abbott, Green and Andrews",13.47,54x29x21,18,87,4.214495163352562,3.212455257065278,4.199605072879594,3.171364842197149,2.8904273119085677,66.85113452428138,40.16068687274396,14,Solstice Flex Wireless Earbuds
AUT-OUT-2718,OutdoorAdventure Advanced Tool Model 657,Automotive,Car Parts,OutdoorAdventure,38.03,99.38,2024-01-17,,"Gomez, Anderson and Hart",4.86,62x38x22,367,89,4.608962984226787,3.6643305811925235,4.598950886174174,3.638375321940168,5.905364572846498,99.85400534675814,52.35104204713527,368,Granite Ultra Wireless Earbuds
SPO-SPO-2719,SportElite Pro Equipment Edition 940,Sports,Team Sports,SportElite,13.57,29.98,2022-02-21,,"Daniel, Jimenez and Morton",29.43,6x96x24,163,49,3.4333418349887226,2.6789646202071133,3.4005304926744517,2.6078614738467776,5.093756335757269,29.724396502131608,20.77958929673077,165,Nimbus Classic Coffee Grinder 2025
ELE-BEA-2720,BeautyGlow Premium Laptop,Electronics,Smart Home,BeautyGlow,91.2,264.84,2023-07-14,2024-04-02,"Hall, Roberts and Lee",40.23,8x92x18,301,58,5.582894624046339,4.523960130562548,5.579125870056645,4.513054897080286,5.707113587002493,264.4894043813134,179.03066613429766,302,Solstice Portable Speaker
SPO-TEC-2721,TechPro Smart Tool,Sports,Outdoor Gear,TechPro,15.9,43.43,2023-07-22,,Johnson Ltd,47.43,85x93x6,337,66,3.7939149169478172,2.827313621929028,3.7711504465467307,2.766319109226186,5.82008589770701,43.05895724063398,23.87812250208631,338,Aurora Pro Wireless Earbuds 2024
BOO-HOM-2722,HomeComfort Classic Gear Kit 446,Books,Fiction,HomeComfort,39.05,63.88,2023-01-27,,Mclaughlin and Sons,21.92,81x31x18,369,40,4.1725394098071575,3.6901286735143684,4.1570063233468115,3.664842876285695,5.910799354063955,63.687209644616246,28.07497040335249,368,Vertex Coffee Grinder 2023
HOM-HOM-2723,HomeComfort Smart Chair,Home & Garden,Garden Tools,HomeComfort,34.95,84.13,2023-04-25,,"Duarte, Gutierrez and Cook",42.52,69x69x8,390,65,4.444179499895966,3.5821290841670557,4.432363221562722,3.5539184686798193,5.966149303222969,83.73902489479043,39.86230743797507,386,Aurora Desk Lamp
SPO-OUT-2724,OutdoorAdventure Modern Item,Sports,Fitness Equipment,OutdoorAdventure,8.65,13.51,2023-11-27,,"Shaffer, Lewis and Davidson",30.01,83x16x39,429,98,2.6748380668960965,2.2669579153508947,2.6034301519721073,2.157559320943788,6.061459249927631,13.69831811486025,7.7634931944425,429,Aurora Classic Desk Lamp
BEA-SPO-2725,SportElite Pro Item Set 248,Beauty,Hair Care,SportElite,53.38,144.98,2023-01-23,2024-06-29,"Campbell, Tyler and Parker",26.9,75x48x40,24,53,4.983469626023486,3.995996439204325,4.976595801872731,3.9774361439763783,3.178095496146581,144.55104596216745,73.41911153529357,22,Solstice Flex Yoga Mat
CLO-SPO-2726,SportElite Elite Hat System 771,Clothing,Shoes,SportElite,7.93,22.27,2022-10-30,,"Pierce, Wang and Wilson",39.96,91x25x14,9,50,3.1471649773142003,2.189416394888408,3.1032404812692764,2.0706530356467567,2.1973356822749484,22.279233685586792,14.572200921464406,13,Vertex Water Bottle
CLO-FAS-2727,FashionForward Premium Jacket,Clothing,Accessories,FashionForward,23.25,59.19,2023-12-30,,Peterson-Ramsey,24.06,94x12x39,347,96,4.0975062255596795,3.188416617383492,4.080752608702634,3.1463051320333655,5.849327661787087,59.676762916775914,32.44111119015048,343,Granite Pro Trail Shoes
AUT-SPO-2728,SportElite Pro Equipment,Automotive,Tools,SportElite,27.95,54.06,2024-02-03,2026-04-25,"Choi, Collier and Lee",28.66,98x36x41,139,63,4.008423499714461,3.3655702040190043,3.9900945408483017,3.3304171996011083,4.934481127349418,54.3676908641159,33.35606603810684,142,Solstice Flex Water Bottle
AUT-SMA-2729,SmartLife Classic Product,Automotive,Accessories,SmartLife,105.04,185.89,2022-12-01,,Nielsen-Mendoza,28.85,5x51x19,499,11,5.230520208482211,4.663816381420824,5.225155100919053,4.65434122999454,6.212608099757527,186.00291504946637,134.67086201783727,500,Granite Wireless Earbuds
CLO-STY-2730,StyleMax Ultra Shirt Edition 932,Clothing,Shoes,StyleMax,10.19,31.7,2023-04-05,2024-11-02,Robles-Brewer,25.9,11x47x8,201,40,3.4873750779032076,2.4150205223238337,3.456316680883235,2.321406847234633,5.303309883171078,31.51012854837088,16.363357551823,201,Terra Wireless Earbuds 2023
ELE-SMA-2731,SmartLife Smart Speaker,Electronics,Headphones,SmartLife,38.5,89.3,2022-05-13,,Moore-Murray,44.37,16x87x45,219,44,4.5031374604229395,3.676300671907076,4.492001487882454,3.6506582412937387,5.389076296016121,89.4214179195658,51.633191578121185,218,Pulse Max Wireless Earbuds
AUT-KIT-2732,KitchenMaster Pro Item,Automotive,Car Parts,KitchenMaster,19.74,46.97,2023-08-30,2024-08-12,"Huang, Ford and Olsen",3.03,99x35x45,14,28,3.8705758155139725,3.032064202801381,3.8495091000389037,2.9826470340053355,2.639128755635788,46.99650063463342,30.855616746156656,11,Lumen Portable Speaker 2022
HOM-TEC-2733,TechPro Ultra Lamp Collection 885,Home & Garden,Kitchen,TechPro,15.29,44.55,2024-02-15,,"Brown, Meyer and Cunningham",23.43,81x51x19,439,24,3.8188106237059674,2.790551422613954,3.796612153916818,2.727199019940971,6.0845016909769045,44.47756171621256,19.368391344519864,443,Canyon Select Portable Speaker
BOO-SMA-2734,SmartLife Premium Item,Books,Non-Fiction,SmartLife,41.26,94.91,2022-02-14,2023-11-30,"Stewart, Herrera and Clark",17.51,68x42x47,164,42,4.563410251739859,3.7438410121879104,4.5529290741424004,3.7198935076431057,5.099872525366584,94.5480961692054,74.84676454116453,168,Lumen Prime Coffee Grinder 2024
AUT-KIT-2735,KitchenMaster Elite Item,Automotive,Car Care,KitchenMaster,4.69,12.29,2023-09-12,,"Rivera, Hendricks and Flynn",14.34,47x33x37,46,25,2.587011872725154,1.7387102481382395,2.5087859235779435,1.545432582458188,3.828663135383238,12.668872130935657,8.534901834523538,44,Lumen Smart Thermostat
BOO-OUT-2736,OutdoorAdventure Pro Accessory,Books,Fiction,OutdoorAdventure,7.78,16.22,2023-10-07,,Montes LLC,10.65,41x47x30,207,30,2.8460714989995846,2.172476407647025,2.7862450486872667,2.0515563381903004,5.3327236241715745,16.170788955844895,12.5687043330856,204,Harbor Edge Portable Speaker
AUT-KIT-2737,KitchenMaster Advanced Product System 606,Automotive,Tools,KitchenMaster,7.68,12.13,2023-12-18,,Morgan Group,0.7,57x18x31,430,27,2.574899688314705,2.1610215286722587,2.495681722955959,2.038619547159581,6.063787534266299,11.830730061584351,5.837152944047969,435,Solstice Wireless Earbuds
HOM-SMA-2738,SmartLife Premium Vase Edition 984,Home & Garden,Home Decor,SmartLife,47.24,116.24,2024-02-15,,"Ferguson, Martin and Obrien",46.08,7x21x17,180,18,4.764223115842691,3.87618855241893,4.755657019262028,3.8552409913291616,5.192962406430334,116.11040416385974,60.27953122564336,182,Solstice Eco Action Camera
HOM-AUT-2739,AutoCare Premium Chair,Home & Garden,Home Decor,AutoCare,93.65,168.43,2022-01-05,2023-02-24,Larson LLC,34.0,86x16x32,254,22,5.132439862170015,4.550185877655332,5.126520233210295,4.539564428890097,5.537338204018661,168.34584715747835,112.36396973771254,251,Terra Desk Lamp
HOM-TEC-2740,TechPro Advanced Tool,Home & Garden,Garden Tools,TechPro,18.28,29.12,2022-05-13,,"Hodge, Mckinney and Nelson",15.18,31x36x42,167,49,3.405189402931693,2.9590682891823996,3.3714252233284854,2.905807566026004,5.117999800422779,29.440987137655537,15.59591658481665,168,Lumen Classic Trail Shoes 2024
SPO-TEC-2741,TechPro Classic Gear,Sports,Team Sports,TechPro,17.25,35.34,2022-04-10,,Crawford and Sons,16.06,64x79x8,163,68,3.592919062968025,2.9041650800285006,3.5650154668915506,2.847812143477369,5.093756335757269,35.56894209295018,22.821926365957324,164,Solstice Select Portable Speaker
ELE-STY-2742,StyleMax Classic Speaker,Electronics,Smart Home,StyleMax,58.56,182.2,2024-01-06,,Hayes-Sampson,10.82,47x54x12,283,40,5.21057845224003,4.086984207815808,5.205104984825858,4.0700518696530565,5.645450431205899,182.4639187957685,90.77552288177677,284,Granite Eco Smart Thermostat
CLO-KIT-2743,KitchenMaster Modern Dress,Clothing,Kids Clothing,KitchenMaster,30.86,96.26,2023-02-10,,Warren and Sons,0.45,92x64x8,395,33,4.57738780497564,3.4613513044819024,4.567052863874963,3.4294608469350147,5.978888296543487,95.78081063914009,59.22381675292186,396,Canyon Ultra Coffee Grinder 2023
CLO-FAS-2744,FashionForward Pro Shoes Set 106,Clothing,Shoes,FashionForward,5.8,20.95,2022-04-13,,Brooks Inc,8.28,82x51x32,250,40,3.08876713952118,1.916922612182061,3.0421386463681466,1.7578579175523736,5.521464917854247,20.867830918216164,13.252911274013181,246,Harbor Classic Trail Shoes 2022
CLO-HOM-2745,HomeComfort Modern Pants,Clothing,Womens Apparel,HomeComfort,14.74,33.41,2023-08-03,,Gentry Group,20.3,38x10x16,444,81,3.538347219809389,2.756205242989257,3.508855256368665,2.6905648867611904,6.09582681468194,33.39171726860261,14.228478990686027,448,Harbor Classic Wireless Earbuds
CLO-SPO-2746,SportElite Elite Jacket,Clothing,Kids Clothing,SportElite,26.58,100.78,2023-04-17,,"Johnson, Webb and Porter",42.99,88x28x21,84,66,4.622813621160686,3.3170908723651555,4.612939923252452,3.2801590532850993,4.430828703534357,100.3088084312866,70.18089331688932,81,Lumen Flex Wireless Earbuds 2024
SPO-KIT-2747,KitchenMaster Elite Product,Sports,Outdoor Gear,KitchenMaster,31.53,88.33,2023-10-30,2024-09-13,Peterson Group,11.99,28x7x41,48,42,4.492337377713747,3.48216274048526,4.4810798007570405,3.4509394735569696,3.8712218440242134,88.09461694457013,66.23138864406017,52,Solstice Portable Speaker
BEA-STY-2748,StyleMax Classic Tool Set 917,Beauty,Skincare,StyleMax,23.82,41.99,2022-10-13,,"Russo, Collins and Murphy",10.7,43x68x47,36,87,3.76096753050819,3.211649779776461,3.737431494696102,3.170525563927154,3.5835467158480925,42.2450840266597,23.91843804658733,39,Lumen Max Yoga Mat 2024
BOO-KIT-2749,KitchenMaster Premium Accessory,Books,Non-Fiction,KitchenMaster,49.45,134.99,2022-03-28,,Short PLC,13.51,48x21x29,29,66,4.912581353620868,3.920982746799618,4.9052007016207355,3.900962058068721,3.367330312150578,134.6343675116144,55.50588236445463,26,Granite Action Camera
HOM-KIT-2750,KitchenMaster Pro Table,Home & Garden,Garden Tools,KitchenMaster,1.76,3.23,2022-01-31,2023-09-05,"Haney, Harris and Johnson",39.45,36x32x48,79,33,1.4422019930581866,1.0152306797290587,1.172482137234565,0.5653138090500605,4.369460510614755,3.26460392882354,2.1182849904198835,75,Aurora Smart Thermostat
AUT-HOM-2751,HomeComfort Elite Equipment,Automotive,Accessories,HomeComfort,36.97,81.34,2022-07-28,,Reeves-Boyd,20.77,97x69x49,491,14,4.410857016341758,3.636796374243711,4.398637900479079,3.6101067729485403,6.1964461644523245,81.06089783457689,62.83721596426133,494,Vertex Lite Action Camera
SPO-BEA-2752,BeautyGlow Modern Item,Sports,Athletic Wear,BeautyGlow,11.15,24.13,2022-08-01,,Collins Inc,2.71,53x9x26,314,50,3.2240623515555007,2.4973291697865574,3.1834558796369405,2.411439497906128,5.749396170616558,23.651878359151013,15.711419923710768,318,Lumen Portable Speaker
CLO-OUT-2753,OutdoorAdventure Ultra Pants,Clothing,Accessories,OutdoorAdventure,2.82,6.11,2022-02-08,,"Charles, Wiggins and Cook",39.58,43x98x8,67,73,1.9615022438151495,1.3402504226184837,1.809926773183504,1.0367368849500223,4.2047075446527185,5.856377428447551,3.4999312544803645,70,Canyon Coffee Grinder
HOM-SMA-2754,SmartLife Modern Lamp,Home & Garden,Furniture,SmartLife,31.82,68.16,2023-03-07,2025-04-07,Garcia Ltd,46.31,60x25x5,431,15,4.23642266081509,3.4910380856619447,4.221857882521061,3.4600950229096408,6.0661104102866705,68.62635627981184,50.45621064663322,429,Solstice Action Camera
CLO-SPO-2755,SportElite Advanced Hat,Clothing,Shoes,SportElite,36.56,132.31,2023-02-18,,"Edwards, Lane and Collins",39.79,57x98x9,144,83,4.892677243125585,3.6259396543400624,4.88514765405432,3.5989547465859495,4.969820243996333,132.60550636964533,71.17721394836911,147,Solstice Select Smart Thermostat 2023
SPO-AUT-2756,AutoCare Modern Accessory,Sports,Team Sports,AutoCare,17.75,29.4,2022-08-11,,Flores and Sons,34.98,78x91x36,383,83,3.414442608412176,2.9311937524164198,3.380994674344636,2.8763855159214247,5.948037600143294,29.850385111434612,11.967026686486461,380,Terra Ultra Desk Lamp
AUT-KIT-2757,KitchenMaster Pro Gear,Automotive,Car Care,KitchenMaster,47.35,121.18,2023-03-14,2025-06-06,Hill-Flores,44.45,45x6x23,305,99,4.805495367221621,3.8784662218993033,4.797277043516843,3.8575668196320874,5.720315055290561,121.16809696304784,75.03991251933587,306,Pulse Eco Coffee Grinder
AUT-HOM-2758,HomeComfort Classic Equipment Collection 234,Automotive,Tools,HomeComfort,85.72,224.4,2023-08-28,,Lambert-Nelson,19.11,21x17x15,367,80,5.417876601605676,4.462684537691336,5.413430173648541,4.451086170605376,5.905364572846498,224.01754147470396,147.42786551193424,368,Granite Edge Water Bottle 2022
BOO-STY-2759,StyleMax Advanced Tool Model 333,Books,Fiction,StyleMax,65.59,123.13,2022-01-05,,Hill Inc,9.2,62x60x49,470,30,4.821329403527856,4.198554416122531,4.81324070780478,4.183423245305645,6.152734822361415,123.17700029919422,78.79858532813239,475,Vertex Desk Lamp
CLO-KIT-2760,KitchenMaster Ultra Jacket,Clothing,Womens Apparel,KitchenMaster,45.24,165.28,2023-10-15,,"Castro, Garcia and Daniels",19.94,64x100x37,356,72,5.1136731143844365,3.833845224364122,5.107641005371328,3.81198165124792,5.874933539836849,165.23528978786877,124.57774696825633,358,Terra Portable Speaker
ELE-OUT-2761,OutdoorAdventure Elite Laptop System 758,Electronics,Smart Home,OutdoorAdventure,114.68,294.09,2023-05-10,2025-09-09,"Flores, Thomas and Bush",27.38,42x13x29,267,16,5.687280394556694,4.750827758410455,5.683885842941744,4.742145641015169,5.587252403711588,294.4274699410848,131.51797125939856,271,Granite Eco Action Camera 2025
SPO-SPO-2762,SportElite Ultra Tool,Sports,Fitness Equipment,SportElite,21.5,45.17,2023-04-24,,Andrews-Jackson,28.79,73x39x30,12,96,3.8323302365188976,3.1135153092103742,3.8104331496665127,3.068052935133617,2.4849899796493045,44.77612092916856,28.39118325687658,10,Solstice Edge Smart Thermostat
HOM-SMA-2763,SmartLife Modern Tool Set 915,Home & Garden,Home Decor,SmartLife,4.75,9.88,2023-11-26,,Austin-Morgan,48.56,84x61x14,103,60,2.3869262414277967,1.749199854809259,2.2905125117597764,1.55814461804655,4.634738696920371,9.868476314281343,6.366057708915757,100,Harbor Select Trail Shoes 2025
AUT-TEC-2764,TechPro Premium Tool,Automotive,Car Parts,TechPro,16.1,34.22,2023-01-29,,Williams-Johnson,0.47,58x46x27,461,50,3.56161410306806,2.8390784635086144,3.5328102684640474,2.7788192719904172,6.133400212191693,33.8770476914001,18.16229461807271,458,Aurora Eco Desk Lamp 2023
BEA-OUT-2765,OutdoorAdventure Classic Gear,Beauty,Fragrances,OutdoorAdventure,9.4,23.49,2023-06-20,,"Williams, Reyes and Miller",16.19,50x68x27,51,32,3.1982648709640764,2.341805806147327,3.1565747986708215,2.2407096892759584,3.9318452403752318,23.318182408352257,14.531579550737849,50,Harbor Ultra Water Bottle
HOM-SMA-2766,SmartLife Ultra Chair Edition 636,Home & Garden,Garden Tools,SmartLife,141.72,307.48,2023-06-18,,White-Carlson,20.8,72x21x23,349,17,5.731657011422181,4.960884668831699,5.728410044480931,4.953853279997271,5.855074787527835,307.7126099358401,166.38224293482196,354,Aurora Eco Desk Lamp
HOM-SMA-2767,SmartLife Classic Lamp Series 257,Home & Garden,Furniture,SmartLife,17.14,30.22,2022-09-20,,"Soto, Vaughn and Griffin",13.07,70x80x44,241,47,3.441058915087286,2.8981194446869907,3.4085039568445934,2.8414149131696336,5.48480108285964,30.19649776678139,23.41501310834058,236,Nimbus Desk Lamp
ELE-SPO-2768,SportElite Smart Monitor,Electronics,Laptops,SportElite,61.76,157.37,2023-03-13,2024-05-04,Edwards-Roth,41.84,65x10x9,231,12,5.064934067503635,4.139317927864832,5.058599720612773,4.123255905716521,5.442422039516752,157.24837051944286,74.61602847397319,235,Nimbus Action Camera
CLO-SPO-2769,SportElite Premium Shoes Model 257,Clothing,Shoes,SportElite,18.94,72.58,2023-06-09,,"Chang, Lamb and Miller",3.13,10x93x26,374,16,4.2983732496766285,2.9927277645336923,4.284689401784925,2.9412760877579323,5.924258471207748,72.47658675299863,30.715462869438042,371,Vertex Prime Wireless Earbuds 2024
BOO-TEC-2770,TechPro Ultra Accessory Model 784,Books,Non-Fiction,TechPro,20.89,49.46,2023-08-21,,Bradley-Davis,31.93,82x65x43,248,83,3.921180943212912,3.0860299115347716,3.9011642620932703,3.0392705755684744,5.513432778414917,49.420257833037866,26.711345203571398,248,Terra Wireless Earbuds
SPO-BEA-2771,BeautyGlow Advanced Product,Sports,Outdoor Gear,BeautyGlow,92.35,153.69,2023-01-07,,"Mcdonald, Bryant and Cohen",13.59,6x43x25,468,15,5.041423114248573,4.536355869987732,5.034937586619221,4.5255857066452485,6.148470432667501,153.9693162129603,64.38590763173607,465,Harbor Pro Wireless Earbuds
SPO-AUT-2772,AutoCare Classic Accessory,Sports,Outdoor Gear,AutoCare,11.47,34.2,2022-01-15,,"Miranda, Ruiz and Meza",24.96,86x33x41,128,96,3.5610460826040513,2.523325759691945,3.5322256440685598,2.4397349311412793,4.8520380763891,34.58424299516143,25.572525613132953,127,Granite Portable Speaker
ELE-KIT-2773,KitchenMaster Premium Laptop,Electronics,Tablets,KitchenMaster,66.33,159.52,2022-06-22,,Callahan PLC,12.62,23x88x7,410,39,5.078418545398716,4.20960590255719,5.072169306213528,4.194642283537465,6.016159598719769,159.96622799277387,97.42479558867686,413,Terra Edge Smart Thermostat 2022
ELE-OUT-2774,OutdoorAdventure Elite Tablet,Electronics,Tablets,OutdoorAdventure,25.99,68.98,2022-01-18,,Durham-Myers,42.23,24x10x19,49,82,4.248209486939542,3.295466427029913,4.233816607508695,3.2577118486533987,3.8918407060656484,69.26116531853019,38.736197978984016,45,Harbor Max Smart Thermostat
BEA-FAS-2775,FashionForward Modern Gear,Beauty,Fragrances,FashionForward,6.12,13.41,2023-09-17,,"Stark, Rivera and Valencia",47.44,89x44x9,262,64,2.667922410011431,1.9629077254238845,2.596000697293587,1.8115620965242347,5.568348320547706,13.229098757833052,7.504938382352207,267,Vertex Edge Action Camera
BEA-OUT-2776,OutdoorAdventure Elite Product System 872,Beauty,Hair Care,OutdoorAdventure,11.58,29.95,2023-09-13,,Chavez-Johnson,32.11,55x94x37,412,45,3.432372999130605,2.5321082512722946,3.3995293245614584,2.449279472144849,6.021025776531046,30.13437201196481,19.26837816971006,408,Canyon Action Camera 2022
ELE-SMA-2777,SmartLife Elite Laptop,Electronics,Smart Home,SmartLife,52.61,110.89,2023-03-16,2025-07-01,Rodriguez-Mendoza,18.09,75x53x50,318,45,4.717516245819629,3.9817356178394463,4.708538718965125,3.962906215742716,5.762054527429321,110.82885106157428,73.67527818850195,318,Granite Pro Blender 2024
CLO-SMA-2778,SmartLife Modern Dress,Clothing,Shoes,SmartLife,8.64,20.91,2023-03-31,,Campbell LLC,0.22,56x28x42,109,94,3.086943153607375,2.265921108622454,3.0402275134405423,2.1564025828159643,4.691357056498987,20.66957720960513,15.48710219722867,109,Nimbus Wireless Earbuds
BEA-AUT-2779,AutoCare Pro Tool,Beauty,Skincare,AutoCare,10.77,29.05,2022-04-03,,"Andrews, Romero and Sullivan",25.08,42x23x29,421,56,3.4028626609812167,2.4655539212721855,3.3690184832979204,2.3767644911682972,6.042635208976472,29.384054147837404,18.902850766538524,426,Lumen Trail Shoes 2022
AUT-KIT-2780,KitchenMaster Ultra Equipment,Automotive,Car Care,KitchenMaster,5.67,13.54,2022-01-24,,"Robles, Nguyen and Banks",46.4,35x22x34,371,28,2.6769034721053733,1.8976198599275325,2.605648267484129,1.7351891177396608,5.916204758021593,13.087657821983077,9.618586621928284,376,Lumen Pro Coffee Grinder 2022
CLO-STY-2781,StyleMax Modern Shoes,Clothing,Shoes,StyleMax,11.4,36.0,2022-06-05,,Patel-Morales,11.48,91x78x8,18,100,3.6109179126442243,2.517696472610991,3.58351893845611,2.4336133554004498,2.8904273119085677,36.393726752292714,18.42445989522602,20,Canyon Prime Blender
AUT-AUT-2782,AutoCare Ultra Accessory,Automotive,Accessories,AutoCare,5.18,12.74,2022-02-26,,Allen-Sanchez,27.65,64x62x42,165,100,2.620311286794203,1.8213182714695995,2.5447466501440172,1.6448050562713916,5.105951534488276,12.70224791533224,9.100749406248578,170,Granite Ultra Wireless Earbuds 2023
HOM-FAS-2783,FashionForward Classic Vase,Home & Garden,Furniture,FashionForward,39.81,71.8,2023-06-22,2025-06-28,Dickson Group,27.09,92x10x33,383,36,4.28771595520264,3.7089271494177143,4.273884476054178,3.684118137012226,5.948037600143294,71.93445744727211,55.86242057346697,379,Pulse Classic Smart Thermostat 2023
SPO-AUT-2784,AutoCare Pro Gear,Sports,Fitness Equipment,AutoCare,21.63,34.33,2023-08-18,,Peterson Ltd,25.55,82x96x45,199,31,3.5647324613710536,3.119276459645446,3.5360196074696004,3.0740812399649675,5.293309849837494,34.486166843761666,19.969337159965573,202,Canyon Max Desk Lamp
SPO-OUT-2785,OutdoorAdventure Ultra Tool,Sports,Outdoor Gear,OutdoorAdventure,5.41,11.45,2023-06-22,2024-05-26,"Reynolds, Baird and Bradley",47.98,92x66x30,40,29,2.5217206229107165,1.8578592709325787,2.4379897300002487,1.6882490928583902,3.6889044538014413,11.837215385892405,6.651427288599234,36,Vertex Blender 2022
CLO-SMA-2786,SmartLife Pro Pants Kit 905,Clothing,Accessories,SmartLife,9.51,31.73,2022-01-29,,Stephens-Young,16.75,16x75x39,51,29,3.4882920885130893,2.3523271848888596,3.4572626055951043,2.252343876557299,3.9318452403752318,31.863936288523863,14.378116137309561,46,Lumen Ultra Action Camera
BOO-STY-2787,StyleMax Elite Item,Books,Children Books,StyleMax,10.21,22.79,2023-02-16,,"Caldwell, Stevenson and Joseph",38.05,81x9x12,24,68,3.1692653243148663,2.4168062370840686,3.126321843257593,2.3233676321765744,3.178095496146581,22.90165491306486,13.035790418942494,28,Vertex Lite Smart Thermostat
BOO-SPO-2788,SportElite Modern Product,Books,Non-Fiction,SportElite,26.77,45.94,2023-07-21,,Wilson-Carlson,11.63,40x95x37,339,65,3.8488701904228773,3.323956301318708,3.8273361972609523,3.2872818575322613,5.826003057228607,45.515318999749475,30.122386693588215,335,Lumen Ultra Wireless Earbuds
BEA-KIT-2789,KitchenMaster Modern Item Model 145,Beauty,Hair Care,KitchenMaster,67.11,143.03,2022-12-02,,Peters-Short,30.75,71x98x19,498,34,4.970021611210958,4.221124045253227,4.9630543984668085,4.206333064170148,6.210602085054766,143.0480398615063,68.49072163406895,499,Lumen Max Trail Shoes
HOM-FAS-2790,FashionForward Premium Vase,Home & Garden,Bedding,FashionForward,3.71,9.69,2024-02-24,,Parker Group,40.29,32x17x25,168,53,2.3693087250369538,1.5496879080283263,2.2710944259026746,1.3110318766193438,5.123969931766496,9.3471656208007,5.457701978222274,170,Terra Eco Blender
BEA-AUT-2791,AutoCare Modern Accessory,Beauty,Skincare,AutoCare,22.28,45.36,2023-10-22,2025-08-21,George Ltd,30.93,91x99x19,264,45,3.836437018471551,3.147594622863237,3.8146306594194965,3.1036894150590832,5.57595289101793,45.59268509334706,35.02830765415731,263,Solstice Coffee Grinder 2022
BEA-BEA-2792,BeautyGlow Premium Gear,Beauty,Hair Care,BeautyGlow,17.39,39.36,2022-08-03,2023-04-18,"Wise, Gray and Snyder",15.64,44x66x8,333,99,3.6978391954854084,2.91180703861623,3.6727500721840527,2.855895328366192,5.808145492978937,39.37197748239642,22.586119778295316,333,Granite Blender
ELE-SPO-2793,SportElite Advanced Phone System 554,Electronics,Laptops,SportElite,106.84,209.34,2023-10-05,,"Brown, Robinson and Taylor",40.97,73x82x9,380,14,5.348725269091882,4.680648647163997,5.343959724426738,4.67133238824176,5.940173884295916,209.51662322362418,91.51530679442986,375,Solstice Classic Trail Shoes
BOO-FAS-2794,FashionForward Modern Tool Collection 337,Books,Children Books,FashionForward,24.33,59.82,2022-11-06,,"Berger, Fields and Smith",31.42,50x59x37,149,43,4.107918682249219,3.2319894640135836,4.091340053201802,3.1917101567954314,5.003953017332334,59.37083944259034,38.08490625106175,149,Vertex Select Desk Lamp 2024
SPO-KIT-2795,KitchenMaster Ultra Item,Sports,Athletic Wear,KitchenMaster,10.21,30.47,2024-03-01,,Guerrero Group,42.83,43x7x9,221,37,3.4490347110763153,2.4168062370840686,3.416742592997618,2.3233676321765744,5.398167226394394,30.063096175724887,20.487088507834912,223,Pulse Water Bottle
CLO-AUT-2796,AutoCare Modern Pants,Clothing,Accessories,AutoCare,9.44,28.43,2022-08-02,,"Carter, Gilbert and West",17.82,68x51x33,361,30,3.382014562245381,2.3456445824544927,3.3474449256629084,2.244955980157409,5.888880728412147,28.641996920301427,21.269896837814162,358,Lumen Action Camera 2023
BOO-FAS-2797,FashionForward Smart Item,Books,Non-Fiction,FashionForward,9.81,28.87,2024-03-03,,Maldonado LLC,35.56,22x77x10,169,81,3.3968546322280186,2.380471631651117,3.3628029936748436,2.2834022735772717,5.1299046320653305,28.450642649278702,21.037025149256422,174,Nimbus Ultra Coffee Grinder
HOM-HOM-2798,HomeComfort Smart Table Series 484,Home & Garden,Bedding,HomeComfort,52.9,147.16,2024-01-25,,Hudson-Gentry,27.54,85x99x21,275,41,4.998292770897869,3.9871304779149517,4.991520430236574,3.9684033388642534,5.616774734023596,146.73983159320994,91.98993938230315,270,Pulse Prime Blender 2024
BOO-SMA-2799,SmartLife Premium Equipment,Books,Children Books,SmartLife,20.47,39.92,2023-01-29,,Sellers-Zuniga,35.48,54x27x12,176,90,3.711618941083426,3.0666566118906897,3.686877451443263,3.018960399673198,5.170489676840192,39.441866305730194,22.155603450344188,181,Terra Lite Coffee Grinder
BOO-OUT-2800,OutdoorAdventure Ultra Accessory Kit 598,Books,Educational,OutdoorAdventure,111.17,211.4,2023-09-17,2024-05-19,"Haas, Cooper and Davis",22.15,48x6x15,459,31,5.358471289367784,4.720015577657132,5.353752073436137,4.711060561245524,6.129052388707409,211.8473713703335,162.646632425413,457,Terra Smart Thermostat 2023
ELE-STY-2801,StyleMax Classic Monitor,Electronics,Smart Home,StyleMax,51.38,138.93,2022-10-21,,Carr PLC,5.03,43x40x47,245,59,4.941142297567622,3.958524839079566,4.93397020916077,3.9392489916817377,5.50126229216905,139.16275819226982,59.02902400999134,240,Harbor Trail Shoes
BEA-KIT-2802,KitchenMaster Ultra Tool Edition 930,Beauty,Skincare,KitchenMaster,10.62,23.09,2022-01-27,,Abbott-Phelps,6.51,97x21x39,207,46,3.18179681662678,2.4527277514237653,3.139399623366404,2.362739015813793,5.3327236241715745,22.946186380332023,11.425974413084894,209,Granite Flex Desk Lamp
BEA-SPO-2803,SportElite Premium Product,Beauty,Makeup,SportElite,5.14,14.29,2022-12-23,,Wood PLC,37.48,78x97x46,299,59,2.727199019940971,1.814824742159051,2.659559991941776,1.6370530794670737,5.7004469178666985,14.0906048696619,7.966129559878352,298,Canyon Edge Trail Shoes
BEA-STY-2804,StyleMax Smart Equipment,Beauty,Makeup,StyleMax,3.96,8.68,2023-09-07,,Smith PLC,49.5,57x60x9,0,27,2.2700619012884857,1.601405740736836,2.1610215286722587,1.3762440252663892,-6.907755278982137,8.532709165150932,3.9986368360061126,0,Canyon Action Camera
HOM-SPO-2805,SportElite Ultra Table,Home & Garden,Garden Tools,SportElite,4.83,13.91,2022-05-18,,Rodriguez-Campbell,41.93,22x92x49,112,44,2.702032128776647,1.763017000362401,2.6326080059353516,1.5748464676644813,4.718507799826663,14.179160460557558,10.888536011785781,114,Lumen Portable Speaker 2022
BOO-STY-2806,StyleMax Smart Accessory,Books,Fiction,StyleMax,25.54,54.54,2022-08-15,,Young Ltd,24.46,84x99x6,48,70,4.017103481878653,3.2786530289040616,3.9989343774174424,3.2402458506043934,3.8712218440242134,54.698143198849,33.325634072269246,51,Terra Eco Trail Shoes
AUT-KIT-2807,KitchenMaster Pro Gear Model 382,Automotive,Accessories,KitchenMaster,31.75,86.4,2022-05-04,,"Long, Flores and Reyes",1.44,26x32x20,397,54,4.470495282661489,3.488902962081261,4.45898767581001,3.457892725338701,5.983938799575705,86.09149165651013,47.174930455594,401,Terra Flex Trail Shoes
ELE-BEA-2808,BeautyGlow Classic Tablet,Electronics,Headphones,BeautyGlow,11.23,25.05,2023-01-21,,Graham-Clark,5.59,54x36x36,384,26,3.260017768199376,2.503891949699081,3.2208738275308737,2.418588768750352,5.950645156751003,24.730627148627402,11.587259296166739,380,Solstice Ultra Desk Lamp 2025
SPO-STY-2809,StyleMax Advanced Accessory,Sports,Outdoor Gear,StyleMax,44.95,93.14,2023-09-20,,Wells and Sons,17.87,25x86x16,248,97,4.544783035972996,3.827553848801696,4.534103737554231,3.8055507609176296,5.513432778414917,92.74642773671913,45.13154101536389,251,Pulse Ultra Desk Lamp
SPO-BEA-2810,BeautyGlow Pro Gear,Sports,Athletic Wear,BeautyGlow,13.0,20.02,2023-07-15,,"Cruz, Middleton and Larsen",48.64,100x47x26,32,36,3.045474365448805,2.639057329615259,2.9967317738870745,2.5649493574615367,3.4657671523114555,20.17709666530731,13.905496118465274,34,Granite Yoga Mat 2024
AUT-BEA-2811,BeautyGlow Ultra Tool,Automotive,Car Care,BeautyGlow,22.92,39.22,2023-07-01,,Roberts Ltd,11.51,5x43x35,386,40,3.6943643843445058,3.1747149290824312,3.6691868207682004,3.132009891846539,5.95583996013505,39.4790852089773,16.725232812995905,387,Pulse Ultra Wireless Earbuds
CLO-BEA-2812,BeautyGlow Advanced Dress,Clothing,Mens Apparel,BeautyGlow,44.25,153.88,2022-03-27,,Taylor Inc,24.16,79x30x14,183,21,5.042650623528266,3.8122026701459353,5.0361730778840945,3.7898553714539385,5.209491617307365,153.6497454997585,115.27751364388418,180,Solstice Wireless Earbuds
ELE-KIT-2813,KitchenMaster Modern Monitor,Electronics,Tablets,KitchenMaster,133.87,351.47,2022-11-21,,"Smith, Griffith and Tucker",6.79,93x6x23,7,84,5.864965512247591,4.904311351528766,5.862124359101927,4.896869179797807,1.9460529959950605,351.0005260618103,157.93147664528823,3,Pulse Ultra Desk Lamp 2025
HOM-SPO-2814,SportElite Modern Vase,Home & Garden,Bedding,SportElite,15.77,33.71,2023-06-11,,Proctor-Taylor,34.95,52x69x8,30,22,3.547027829873695,2.8195915758351173,3.5177945292459696,2.758109400974947,3.4012307144399454,33.3005282341269,13.707293309057992,31,Nimbus Pro Wireless Earbuds
BEA-SPO-2815,SportElite Pro Gear Series 432,Beauty,Fragrances,SportElite,9.01,14.75,2022-03-08,,May Group,21.71,73x57x15,323,23,2.7568403652716422,2.303584593327129,2.691243082785829,2.1983350716202463,5.777655419193096,15.20850283414813,11.089106323314253,322,Vertex Select Trail Shoes
AUT-FAS-2816,FashionForward Pro Tool,Automotive,Car Parts,FashionForward,2.9,4.54,2023-11-19,,English-Dominguez,26.27,59x43x13,169,68,1.7119945007591926,1.3609765531356006,1.5129270120532565,1.0647107369924282,5.1299046320653305,4.339535881927872,2.2182560676483933,169,Solstice Wireless Earbuds
AUT-SMA-2817,SmartLife Premium Product,Automotive,Car Parts,SmartLife,10.51,28.74,2023-11-04,,Hanson-Gibson,46.23,97x14x28,482,43,3.392492941032009,2.443216222733791,3.358289880650879,2.3523271848888596,6.177946188737245,29.00383868488137,22.735697072715567,480,Canyon Lite Yoga Mat 2023
CLO-TEC-2818,TechPro Classic Shirt Collection 155,Clothing,Womens Apparel,TechPro,10.29,24.39,2023-05-30,,Arnold-Cole,16.83,87x93x26,465,99,3.234355395716587,2.423917378161571,3.194173212227829,2.331172549845958,6.142039556122678,24.51217029747718,15.634618905063633,461,Terra Edge Wireless Earbuds
ELE-AUT-2819,AutoCare Elite Laptop Series 198,Electronics,Gaming,AutoCare,20.34,44.86,2022-06-07,2024-01-26,Perez-Coleman,24.07,18x45x9,131,50,3.8255932774297583,3.060583245873607,3.803546529092062,3.012589390620414,4.875204956759802,44.744300846859836,26.555146572883842,134,Solstice Yoga Mat
BEA-TEC-2820,TechPro Pro Equipment,Beauty,Makeup,TechPro,17.85,33.46,2024-01-28,,Lane Ltd,6.52,22x40x7,16,50,3.5397992310997837,2.93651291389402,3.510350695558678,2.8820035082256483,2.7726512202867375,33.171573516951646,18.832892494149945,13,Pulse Prime Action Camera
CLO-HOM-2821,HomeComfort Elite Hat Model 486,Clothing,Accessories,HomeComfort,12.95,29.53,2022-01-29,2024-06-06,Joseph LLC,36.98,10x14x12,388,36,3.4187098067467865,2.6354795082673745,3.3854066957558313,2.5610957881455465,5.96100791693954,29.15895868979622,12.410784728668458,389,Lumen Portable Speaker
HOM-BEA-2822,BeautyGlow Smart Table,Home & Garden,Home Decor,BeautyGlow,16.41,29.34,2023-10-20,,House-Johnston,9.16,53x19x18,81,41,3.4124669739203863,2.8570447537800976,3.3789517727148355,2.7978909051019993,4.394461500275244,29.45271270867809,15.64232762250755,83,Canyon Blender
BEA-AUT-2823,AutoCare Classic Accessory Collection 321,Beauty,Hair Care,AutoCare,11.19,21.89,2023-05-28,,Good PLC,38.65,43x83x33,219,10,3.130700133964475,2.5006159434931803,3.0860299115347716,2.4150205223238337,5.389076296016121,22.159141105025032,13.461430471298254,215,Nimbus Yoga Mat 2023
CLO-KIT-2824,KitchenMaster Classic Jacket Collection 863,Clothing,Kids Clothing,KitchenMaster,13.94,29.4,2023-08-21,,Bush-Wilson,12.45,63x86x47,242,90,3.414442608412176,2.7040421797046714,3.380994674344636,2.6347624053323777,5.488941858379554,29.541026168470307,14.065368361061132,242,Harbor Prime Action Camera 2025
AUT-BEA-2825,BeautyGlow Advanced Product,Automotive,Tools,BeautyGlow,29.9,82.08,2022-12-31,,Nixon-Miller,38.74,47x93x16,196,61,4.419803999007912,3.4307561839036995,4.407694381422459,3.3978584803966405,5.278119761258318,82.10969609058418,34.46857245139047,201,Nimbus Prime Coffee Grinder 2023
HOM-KIT-2826,KitchenMaster Pro Lamp,Home & Garden,Bedding,KitchenMaster,7.53,21.42,2022-06-11,,"Simon, Terrell and Terrell",12.39,86x70x8,317,63,3.109953417644014,2.143589361503588,3.064325065019603,2.018895041811802,5.758904928446437,20.971112198963006,16.591789087244276,319,Aurora Blender
SPO-STY-2827,StyleMax Ultra Equipment,Sports,Team Sports,StyleMax,71.51,146.9,2022-09-13,,Marshall-Miller,29.12,52x25x23,449,66,4.996536369716754,4.2837244833835015,4.989752083179832,4.2698373000603045,6.107025114911266,147.3591190020425,59.97390756946767,450,Pulse Eco Smart Thermostat
AUT-SMA-2828,SmartLife Classic Accessory,Automotive,Car Care,SmartLife,18.38,34.0,2022-08-02,,"Davis, Kennedy and Harmon",34.97,94x57x13,390,91,3.5553480614894135,2.96424160646262,3.5263605246161616,2.911263116927541,5.966149303222969,34.292739907821485,26.252709109211146,395,Pulse Edge Action Camera 2022
AUT-SPO-2829,SportElite Elite Gear Kit 873,Automotive,Car Care,SportElite,20.43,60.98,2023-05-21,,"Miller, Schultz and Yates",7.62,18x48x35,41,30,4.126811752359602,3.064791809485486,4.110545941560109,3.0170044088295307,3.713596456650773,60.77696559596694,28.82318957060242,38,Nimbus Action Camera 2025
BEA-SMA-2830,SmartLife Smart Accessory,Beauty,Fragrances,SmartLife,37.99,110.06,2022-11-28,,Austin-Berger,47.02,41x57x40,168,74,4.710070595813461,3.663305202994506,4.701025671631613,3.6373229671995344,5.123969931766496,110.53037092277168,76.03009506539692,163,Harbor Coffee Grinder
BEA-SPO-2831,SportElite Premium Equipment,Beauty,Fragrances,SportElite,24.78,51.78,2023-07-06,2025-08-03,"Osborne, Harrison and Hunt",23.57,86x35x44,311,79,3.966132331075178,3.2495989975110415,3.947003974323392,3.2100368762009963,5.739796127608148,51.8798439578436,38.76089115880606,311,Pulse Blender
AUT-SMA-2832,SmartLife Pro Gear,Automotive,Car Parts,SmartLife,47.36,118.91,2023-05-28,2024-12-31,Berry-Rivera,44.86,70x88x17,355,69,4.786741461391342,3.878673025746592,4.778366904449488,3.8577779905757503,5.872120606372857,118.9907742050431,74.25711412083298,357,Solstice Flex Wireless Earbuds
ELE-SPO-2833,SportElite Premium Speaker,Electronics,Smartphones,SportElite,72.76,179.24,2023-01-24,2025-06-29,Yu-Yates,8.39,5x17x22,274,88,5.194289296123989,4.300816579248338,5.188725689917942,4.287166353649922,5.613131756016447,179.48311171584095,97.35475709701402,274,Aurora Prime Desk Lamp
SPO-OUT-2834,OutdoorAdventure Premium Tool,Sports,Athletic Wear,OutdoorAdventure,11.57,24.07,2022-10-09,,Jackson-Neal,5.98,20x41x30,401,35,3.221671912170202,2.531313022602156,3.1809662517949806,2.448415541205585,5.993963921069046,24.375534392328333,15.78606559378641,400,Vertex Edge Yoga Mat
BOO-FAS-2835,FashionForward Classic Product,Books,Educational,FashionForward,27.81,53.31,2022-05-28,,"Curry, Acosta and Elliott",49.58,86x26x29,431,99,3.994708372046754,3.360722549096437,3.9761239308346696,3.3253956682458736,6.0661104102866705,53.463349035184876,41.60377944084178,436,Vertex Classic Blender
HOM-SMA-2836,SmartLife Smart Table,Home & Garden,Bedding,SmartLife,7.18,15.71,2024-02-06,,Soto PLC,43.04,80x85x24,5,37,2.8160073426073025,2.1016921506146558,2.75429745226753,1.9712993830601329,1.6096378924367667,15.345533831438877,8.596806585444805,7,Granite Action Camera
SPO-OUT-2837,OutdoorAdventure Pro Accessory Kit 523,Sports,Team Sports,OutdoorAdventure,22.15,56.56,2023-01-28,,Berry Ltd,28.4,16x84x31,231,96,4.052827882019167,3.141994780532243,4.0353020215883175,3.0978374964911444,5.442422039516752,56.40150215587461,24.762441595489875,227,Nimbus Water Bottle
ELE-OUT-2838,OutdoorAdventure Smart Laptop,Electronics,Headphones,OutdoorAdventure,52.81,139.43,2022-02-03,2023-09-04,Lamb-Weber,5.46,49x78x6,58,61,4.944709143980089,3.9854593235013285,4.93756268320693,3.966700566718842,4.060460251777099,139.84952196751954,90.44262327868314,53,Vertex Max Action Camera
AUT-KIT-2839,KitchenMaster Ultra Accessory,Automotive,Tools,KitchenMaster,16.65,44.0,2022-03-25,,Washington-Martinez,11.66,39x32x35,469,95,3.8066624897703196,2.8707357833793057,3.784189633918261,2.8124102164264526,6.150604900640168,43.73012329960697,31.19999502386857,464,Lumen Action Camera
SPO-SPO-2840,SportElite Ultra Tool,Sports,Athletic Wear,SportElite,17.89,34.39,2023-07-31,,York LLC,34.6,16x98x8,488,19,3.566429294357372,2.9386326815134183,3.537765824444175,2.884241897520628,6.1903174550313755,34.264723683360764,21.345862759927375,486,Nimbus Trail Shoes
AUT-FAS-2841,FashionForward Smart Item Model 657,Automotive,Accessories,FashionForward,3.69,6.04,2023-02-15,2024-05-29,Anderson-Campbell,28.96,95x80x47,336,20,1.951608170169951,1.545432582458188,1.7984040119467235,1.3056264580524357,5.817114136149251,5.973435345285312,4.663191665199206,336,Pulse Lite Desk Lamp
AUT-TEC-2842,TechPro Ultra Accessory,Automotive,Car Parts,TechPro,12.26,21.36,2022-02-09,,Smith-Rodriguez,28.13,58x58x12,206,79,3.1072736482868986,2.5847519847577165,3.061520014091994,2.506341930508065,5.32788102314673,21.300616889900564,10.049736831946747,209,Granite Pro Yoga Mat
ELE-STY-2843,StyleMax Premium Laptop Series 965,Electronics,Gaming,StyleMax,59.91,172.4,2022-09-22,,Kent Ltd,37.16,47x43x40,133,29,5.155601064346442,4.109397364848393,5.149817358229593,4.0928434360958335,4.8903566469904804,172.51068079084465,80.98749828776558,128,Aurora Eco Trail Shoes
ELE-AUT-2844,AutoCare Smart Phone,Electronics,Laptops,AutoCare,64.06,177.68,2023-08-03,,Hopkins LLC,4.9,80x17x18,471,79,5.185596496483918,4.175309921045206,5.179984179586172,4.159820144181012,6.154860217156414,178.11421432098982,100.59887523113339,466,Harbor Flex Action Camera 2023
SPO-STY-2845,StyleMax Advanced Equipment Kit 188,Sports,Fitness Equipment,StyleMax,7.97,21.4,2022-04-29,,Green Ltd,6.85,95x17x42,349,49,3.109060958860994,2.1938856760707046,3.0633909220278057,2.075684492802124,5.855074787527835,21.145878857595854,13.930034720573358,348,Solstice Classic Smart Thermostat
AUT-HOM-2846,HomeComfort Ultra Equipment,Automotive,Car Parts,HomeComfort,62.75,94.53,2023-06-18,,Washington PLC,32.79,42x16x12,67,78,4.559440334281917,4.154969184038536,4.548917244437293,4.139158578011894,4.2047075446527185,94.1590713487749,45.20451352845441,71,Solstice Pro Desk Lamp
SPO-AUT-2847,AutoCare Elite Equipment,Sports,Team Sports,AutoCare,9.21,14.85,2023-09-15,,Cooper Inc,21.86,70x52x36,194,47,2.7631695003232895,2.3233676321765744,2.6979998652487085,2.2202898502672155,5.267863313689218,14.553521080062739,8.413757140812278,193,Solstice Yoga Mat
AUT-SPO-2848,SportElite Pro Product,Automotive,Accessories,SportElite,48.06,141.59,2022-02-08,,Larson and Sons,25.02,83x19x47,194,25,4.959973379294028,3.893044038830343,4.95293555729688,3.872450230308323,5.267863313689218,141.96918640220508,66.67257397450773,193,Canyon Pro Portable Speaker 2022
AUT-HOM-2849,HomeComfort Smart Accessory Model 390,Automotive,Car Care,HomeComfort,29.5,83.06,2022-03-19,,Mullins-Gutierrez,4.21,47x32x26,26,62,4.431530829576971,3.417726683613366,4.419563238202607,3.3843902633457743,3.2581349988203177,83.2028945964021,45.546635932619125,30,Granite Flex Trail Shoes 2023
BOO-HOM-2850,HomeComfort Classic Item,Books,Children Books,HomeComfort,11.23,21.11,2022-12-19,,Young-Alexander,49.92,27x88x36,378,49,3.096029994869355,2.503891949699081,3.0497468618602293,2.418588768750352,5.934896841118734,20.900188653454375,10.162461974383653,378,Canyon Smart Thermostat 2022
ELE-HOM-2851,HomeComfort Advanced Tablet,Electronics,Smartphones,HomeComfort,322.24,944.89,2023-12-26,,"Jackson, Lane and Wilkinson",27.19,95x83x22,266,77,6.852126283221176,5.778395081365247,6.851068518602088,5.775296609530198,5.583500068173128,945.1996280001893,529.8550949905089,268,Harbor Blender
HOM-SMA-2852,SmartLife Ultra Tool,Home & Garden,Garden Tools,SmartLife,6.86,20.06,2022-08-15,,May Inc,1.63,18x80x45,358,53,3.0473755067058295,2.061786606441115,2.9987277825337895,1.925707441737794,5.880535779692888,20.414142596436164,12.949580148510929,355,Aurora Ultra Trail Shoes
SPO-AUT-2853,AutoCare Classic Product,Sports,Athletic Wear,AutoCare,45.94,122.53,2022-10-31,,Jackson Group,42.6,28x62x45,370,21,4.816484041548723,3.8488701904228773,4.808355897961355,3.8273361972609523,5.91350570833732,122.86958405191648,51.2147035001812,373,Lumen Yoga Mat
SPO-SMA-2854,SmartLife Classic Product,Sports,Outdoor Gear,SmartLife,49.43,100.95,2023-01-11,2024-08-04,Turner-Reese,43.71,65x7x47,21,20,4.624482497020464,3.920586236088634,4.614625344758847,3.9005575273188677,3.0445700556372914,101.36054800296677,59.14940087369297,16,Pulse Flex Portable Speaker
HOM-STY-2855,StyleMax Smart Chair,Home & Garden,Bedding,StyleMax,10.98,22.71,2023-10-26,,"Hall, Vega and Price",21.11,28x38x7,403,99,3.165896900077314,2.4832385926873033,3.122805356117467,2.3960754360813845,5.998939043333182,22.467196199769894,12.535890987226082,401,Pulse Coffee Grinder
BOO-STY-2856,StyleMax Premium Item,Books,Children Books,StyleMax,70.33,208.93,2023-02-26,,Thomas-Berg,30.02,91x39x11,248,27,5.346774141816231,4.267316996289947,5.34199926763416,4.2531984503199265,5.513432778414917,209.17994109017135,148.89531630258182,251,Granite Action Camera
BOO-TEC-2857,TechPro Modern Equipment System 837,Books,Non-Fiction,TechPro,16.04,26.73,2022-12-26,,Roberts Group,33.01,22x34x14,282,28,3.322514859627687,2.83556352140117,3.2857865301508276,2.7750856024383683,5.641910617031117,26.69132870732866,14.673282615221684,284,Pulse Eco Trail Shoes
CLO-OUT-2858,OutdoorAdventure Elite Dress Model 582,Clothing,Womens Apparel,OutdoorAdventure,15.35,40.72,2022-06-09,,Gregory-Nixon,17.96,82x80x43,152,14,3.7309806301325716,2.794227897343262,3.7067193722422673,2.731115474033206,5.023887099772003,41.05515858183226,23.45714978702155,156,Vertex Blender
ELE-STY-2859,StyleMax Premium Camera,Electronics,Tablets,StyleMax,70.83,154.07,2023-09-12,,"Blanchard, Davis and Schmidt",11.49,18x95x12,479,41,5.043876627876058,4.27430221608671,5.037407044593683,4.260282639765531,6.171702685091408,154.29392086361838,112.0273602327362,482,Harbor Edge Wireless Earbuds
HOM-AUT-2860,AutoCare Smart Lamp,Home & Garden,Furniture,AutoCare,17.8,51.89,2022-05-30,,Blanchard-Reynolds,32.19,80x21x5,405,65,3.9682142850778885,2.9338568698359033,3.949126093379648,2.8791984572980396,6.003889536239293,52.16091849756973,40.48548770663815,400,Canyon Lite Water Bottle 2024
HOM-AUT-2861,AutoCare Modern Tool,Home & Garden,Furniture,AutoCare,41.67,99.93,2023-04-21,,"Garrison, Rogers and Adams",1.56,74x7x9,12,48,4.614427207250769,3.7534960971999087,4.604469940873698,3.7297814454343623,2.4849899796493045,100.08303860092745,55.871984031204484,15,Aurora Coffee Grinder
ELE-BEA-2862,BeautyGlow Advanced Laptop,Electronics,Smart Home,BeautyGlow,120.72,320.95,2024-02-17,2026-01-19,Scott PLC,38.07,17x88x21,147,70,5.774396253984192,4.80172332502877,5.771285347757787,4.793473814459594,4.990439389476687,320.6338801940803,158.56085791685786,144,Pulse Prime Smart Thermostat
BOO-FAS-2863,FashionForward Ultra Accessory,Books,Children Books,FashionForward,4.16,7.05,2022-02-07,,Murray-Leonard,32.11,91x76x44,114,12,2.085672091430472,1.6409365794934714,1.9530276168241774,1.425515074273172,4.736207220285847,7.094126380519,4.190070915192148,119,Terra Prime Trail Shoes
SPO-AUT-2864,AutoCare Modern Tool,Sports,Outdoor Gear,AutoCare,64.97,191.79,2023-11-21,,Navarro PLC,23.29,79x19x47,74,22,5.261601513611377,4.1892000932347795,5.256401023446745,4.17392562489244,4.304078606626376,192.264976344734,136.37180769870125,78,Nimbus Lite Action Camera
CLO-FAS-2865,FashionForward Ultra Pants,Clothing,Accessories,FashionForward,3.22,9.04,2023-08-13,2025-01-13,Meyer Ltd,27.67,49x68x28,303,83,2.306577114263583,1.4398351280479205,2.201659174404085,1.169381359556317,5.713736105833956,9.468640305167176,5.050489503015593,306,Lumen Portable Speaker
HOM-OUT-2866,OutdoorAdventure Ultra Table,Home & Garden,Furniture,OutdoorAdventure,50.87,132.51,2023-03-06,,"Kaiser, Edwards and Smith",21.55,86x11x49,152,55,4.894176381402003,3.9487405883633087,4.886658114276544,3.9292733588346738,5.023887099772003,132.06231026108105,101.41826928038219,147,Aurora Classic Desk Lamp
CLO-KIT-2867,KitchenMaster Classic Shirt,Clothing,Accessories,KitchenMaster,30.01,103.69,2023-02-02,,Decker Inc,23.04,34x62x22,190,66,4.651003602331263,3.4343097331123578,4.6414056785701865,3.4015306594522756,5.24702933530453,103.36151851941484,64.42177375097631,185,Lumen Prime Smart Thermostat
ELE-SMA-2868,SmartLife Advanced Laptop,Electronics,Smartphones,SmartLife,18.34,35.4,2022-08-17,,Davis-Garcia,28.05,43x80x40,29,27,3.594568774642695,2.9621754900251482,3.5667118201397288,2.9090844668283187,3.367330312150578,35.03909419798547,25.741586063851667,32,Canyon Lite Water Bottle 2022
HOM-TEC-2869,TechPro Ultra Table,Home & Garden,Kitchen,TechPro,13.88,29.11,2023-09-21,,Bell-Hardy,30.68,55x42x22,154,68,3.4048573424936426,2.700018029404946,3.371081757757532,2.6304489550786583,5.03695909589904,29.331460311785587,21.30098691530343,159,Nimbus Action Camera 2024
AUT-HOM-2870,HomeComfort Advanced Item,Automotive,Accessories,HomeComfort,7.43,18.66,2022-09-04,,Lee-Johnson,45.06,27x32x24,262,10,2.9785861147190205,2.131796772013764,2.926382195419198,2.005525858729668,5.568348320547706,18.971429623259805,13.642021530741381,262,Granite Max Yoga Mat
AUT-BEA-2871,BeautyGlow Pro Equipment,Automotive,Car Parts,BeautyGlow,16.55,32.47,2024-01-08,,Brown PLC,12.41,55x81x11,167,78,3.510649515223235,2.865053949911875,3.4803165861147547,2.806386101823072,5.117999800422779,32.18924113898446,20.77227022745332,165,Nimbus Desk Lamp
HOM-FAS-2872,FashionForward Ultra Tool,Home & Garden,Bedding,FashionForward,15.22,31.61,2023-05-26,,"Shannon, Robinson and Greene",19.0,25x40x15,188,67,3.484618989801228,2.7862450486872667,3.4534735262275262,2.7226103524335397,5.236447281964739,31.61573563909279,24.64572795976234,189,Canyon Trail Shoes
ELE-SPO-2873,SportElite Smart Camera Set 446,Electronics,Laptops,SportElite,119.06,326.94,2022-10-26,,Erickson Inc,46.55,15x46x45,275,27,5.7928306648217225,4.787991617823697,5.7897766678230616,4.779627567725244,5.616774734023596,327.273888967451,209.7441486065168,274,Solstice Portable Speaker
BOO-SPO-2874,SportElite Premium Gear Set 243,Books,Children Books,SportElite,65.32,157.26,2023-02-06,,Gates and Sons,44.1,84x81x10,226,30,5.064239250181047,4.1944915108270395,5.05790048656337,4.179298268102264,5.420539424041258,157.4881455138709,93.75537365440417,230,Pulse Action Camera
ELE-BEA-2875,BeautyGlow Elite Monitor Collection 127,Electronics,Headphones,BeautyGlow,220.45,490.03,2023-02-22,,Douglas-Yoder,46.39,27x20x27,350,40,6.196505225724338,5.400196830369207,6.1944666137203255,5.395670911803947,5.857936011622235,490.071392461382,297.31763268827564,351,Granite Water Bottle
BOO-SMA-2876,SmartLife Classic Tool Set 954,Books,Non-Fiction,SmartLife,12.11,18.26,2022-08-15,,"Pratt, Lopez and Rodriguez",40.99,9x32x12,429,39,2.9580304063699794,2.5733752977756086,2.9047128751668225,2.494031557565001,6.061459249927631,18.3485407366496,11.869420725484895,431,Solstice Max Wireless Earbuds 2022
BOO-OUT-2877,OutdoorAdventure Premium Gear,Books,Non-Fiction,OutdoorAdventure,16.64,48.36,2023-01-02,2023-12-02,King Group,2.35,17x90x42,24,23,3.8991403795971324,2.8701690505786455,3.878673025746592,2.8118094353930627,3.178095496146581,48.368193335977956,22.459352518223852,26,Pulse Portable Speaker
BOO-SPO-2878,SportElite Smart Gear,Books,Non-Fiction,SportElite,4.41,9.86,2023-05-14,2024-01-12,"Mayer, Fowler and Livingston",0.2,87x7x16,362,84,2.3850863145057892,1.6882490928583902,2.288486168614544,1.4838746894587547,5.891646974252895,9.661597482292443,7.1676427835940215,357,Nimbus Flex Portable Speaker
BEA-SMA-2879,SmartLife Pro Equipment Set 448,Beauty,Hair Care,SmartLife,9.73,20.08,2024-01-06,,Hammond-Schwartz,35.03,13x70x28,181,86,3.0483247236731614,2.373043556642607,2.9997242948235283,2.2752138961979136,5.198502556112442,20.143721553001836,12.040331483604783,183,Terra Edge Blender
HOM-FAS-2880,FashionForward Elite Table Set 898,Home & Garden,Furniture,FashionForward,47.86,96.5,2022-08-11,2023-10-04,"Carrillo, Morris and Martin",4.23,54x88x45,239,69,4.579852378003801,3.8889590658295945,4.56954300834494,3.868280082480227,5.476467736023176,96.68510759600909,74.94869364726594,239,Granite Flex Action Camera
AUT-BEA-2881,BeautyGlow Advanced Equipment Kit 394,Automotive,Car Parts,BeautyGlow,85.97,237.01,2023-03-31,2024-01-26,Ramirez Inc,30.79,50x30x48,314,99,5.472312689595516,4.465563231601674,5.468102334337813,4.453998398186353,5.749396170616558,237.3758564575436,183.14442907985014,312,Vertex Water Bottle
ELE-FAS-2882,FashionForward Modern Speaker,Electronics,Smartphones,FashionForward,15.89,44.43,2022-12-15,2023-12-11,Price-Ferrell,32.98,87x58x9,64,13,3.816172679771312,2.826721730819709,3.7939149169478172,2.7656899805486246,4.1588987082376025,44.563565526899666,25.421449063225637,66,Nimbus Prime Action Camera
AUT-OUT-2883,OutdoorAdventure Pro Accessory,Automotive,Tools,OutdoorAdventure,11.78,26.1,2022-02-26,,Sosa-Baker,3.8,97x84x8,79,26,3.299533727885655,2.5478814489493886,3.261935314328648,2.4664031782234406,4.369460510614755,26.355899106302296,15.117549485581215,76,Harbor Prime Wireless Earbuds 2024
CLO-STY-2884,StyleMax Classic Jacket,Clothing,Mens Apparel,StyleMax,11.93,40.07,2023-03-29,2025-06-30,Jones-Krause,41.31,85x59x18,171,41,3.7152779279684673,2.559550192783766,3.6906279246480533,2.4790562361098245,5.141669404438777,39.73687020225548,17.83337466855214,169,Vertex Blender
CLO-SPO-2885,SportElite Modern Shirt,Clothing,Womens Apparel,SportElite,15.24,48.34,2022-03-15,,Bishop and Sons,18.99,86x71x23,331,75,3.8987351111012107,2.787477334733532,3.878259375275337,2.7239235502585,5.802121396520535,48.3023263249314,27.8632225280164,331,Nimbus Yoga Mat
HOM-SPO-2886,SportElite Modern Chair Set 255,Home & Garden,Garden Tools,SportElite,9.69,23.35,2022-07-17,2023-02-11,"Vasquez, Thomas and Mack",46.95,36x63x26,395,41,3.192531849528599,2.3693087250369538,3.150596984114906,2.2710944259026746,5.978888296543487,22.869144987430552,9.515475988635467,400,Canyon Eco Wireless Earbuds 2024
BOO-SPO-2887,SportElite Pro Product Edition 452,Books,Non-Fiction,SportElite,29.42,70.58,2023-10-04,,Mendez Inc,19.07,83x31x13,497,71,4.2708157053378795,3.4151002868311466,4.256746818247124,3.3816747151732915,6.208592038167039,70.33174528723119,54.895478759999264,498,Vertex Wireless Earbuds
AUT-STY-2888,StyleMax Modern Accessory,Automotive,Car Care,StyleMax,13.11,35.43,2023-05-24,,Baldwin-Garcia,28.55,48x31x38,71,15,3.5953926110204724,2.6468837658647226,3.5675589188773804,2.5733752977756086,4.262693961449172,35.65193248081074,27.12388064048717,69,Solstice Blender
ELE-BEA-2889,BeautyGlow Premium Speaker,Electronics,Smartphones,BeautyGlow,53.81,109.2,2023-03-15,,Jones Ltd,9.28,61x33x28,32,28,4.702296896718814,4.003872659058025,4.693181063310805,3.9854593235013285,3.4657671523114555,109.68197375232238,85.81228673300349,30,Canyon Pro Action Camera
SPO-BEA-2890,BeautyGlow Advanced Gear Set 354,Sports,Outdoor Gear,BeautyGlow,32.84,73.35,2023-01-10,,Waters-Smith,15.77,54x83x35,500,62,4.308783672906164,3.521643534738023,4.295242504588991,3.4916472845842277,6.2146100984201915,72.95719453759547,52.95884394483756,501,Lumen Prime Action Camera
HOM-FAS-2891,FashionForward Ultra Tool,Home & Garden,Home Decor,FashionForward,20.2,35.29,2023-08-15,,Hernandez-Bowman,18.44,20x7x24,208,90,3.591542221224979,3.054001181677967,3.5635996376871786,3.005682604407159,5.337542887382069,35.193464429544065,20.535103385154727,208,Granite Max Action Camera 2023
CLO-TEC-2892,TechPro Classic Shoes System 528,Clothing,Kids Clothing,TechPro,8.59,22.8,2023-07-01,,Ortega LLC,42.95,23x91x8,443,63,3.169685580677429,2.2607208888953467,3.126760535960395,2.150598735996164,6.093572027378931,23.094069549325177,12.511700096662306,448,Lumen Flex Action Camera
AUT-FAS-2893,FashionForward Classic Accessory,Automotive,Tools,FashionForward,18.2,43.6,2022-08-25,,Graves Group,35.14,83x61x42,398,37,3.7977338590260183,2.9549102790337356,3.775057150354989,2.9014215940827497,5.986454517844095,43.309954921936324,33.85824748320258,400,Terra Blender
HOM-HOM-2894,HomeComfort Pro Table,Home & Garden,Bedding,HomeComfort,18.55,36.2,2023-11-04,,"Smith, Zimmerman and Wise",0.32,23x30x23,457,73,3.616308761279101,2.972975286431375,3.5890591188317256,2.920469789053444,6.124685579075618,36.253983250316246,15.285101481953355,452,Canyon Desk Lamp
SPO-BEA-2895,BeautyGlow Advanced Equipment,Sports,Fitness Equipment,BeautyGlow,14.4,31.61,2022-05-21,,Graham-Anthony,43.21,42x94x46,26,68,3.484618989801228,2.7343675094195836,3.4534735262275262,2.667228206581955,3.2581349988203177,31.838409870109082,14.745445320003416,30,Canyon Yoga Mat 2023
ELE-SPO-2896,SportElite Elite Phone System 796,Electronics,Laptops,SportElite,42.15,125.49,2022-05-28,,Fernandez Inc,9.73,87x98x14,355,17,4.84016325365945,3.764682417529437,4.832226074122216,3.7412346844478646,5.872120606372857,125.60366574125497,85.5806865675866,360,Aurora Coffee Grinder
BOO-AUT-2897,AutoCare Pro Accessory,Books,Educational,AutoCare,84.67,189.02,2024-02-24,,Finley-Meyers,0.69,30x57x45,112,95,5.247129329778604,4.4505027059759525,5.24185282956691,4.438761347654186,4.718507799826663,188.71426423992312,145.14485620186463,113,Vertex Action Camera
CLO-SMA-2898,SmartLife Smart Shirt Collection 912,Clothing,Accessories,SmartLife,19.08,69.67,2022-01-28,,Martinez-Nichols,42.07,97x91x38,149,74,4.258021154702763,2.9997242948235283,4.2437698090420275,2.9486406660201405,5.003953017332334,69.52827687731202,50.8978393159893,150,Vertex Prime Blender 2022
HOM-SMA-2899,SmartLife Ultra Tool Set 317,Home & Garden,Kitchen,SmartLife,15.4,32.86,2023-04-08,,Cook-Turner,19.11,70x26x49,276,87,3.522234376704989,2.797281334830153,3.492256112609122,2.7343675094195836,5.620404488898992,33.13811594879569,24.82781327821088,281,Nimbus Water Bottle
SPO-STY-2900,StyleMax Smart Equipment Model 755,Sports,Athletic Wear,StyleMax,37.61,94.62,2023-09-14,,Chen Ltd,44.54,81x22x6,287,57,4.560382003197957,3.653511310276145,4.549868870203002,3.627269972482245,5.659485700074108,94.67314198384938,71.0698484903296,288,Vertex Classic Action Camera 2025
SPO-KIT-2901,KitchenMaster Premium Item,Sports,Team Sports,KitchenMaster,14.87,25.56,2023-09-29,,Diaz LLC,43.37,77x32x28,25,93,3.279406324608233,2.7644305345383176,3.241028629509334,2.6993457604720636,3.218915824068222,25.075125021272054,14.85890034720355,26,Harbor Portable Speaker
AUT-STY-2902,StyleMax Pro Gear Series 586,Automotive,Car Parts,StyleMax,57.73,116.47,2023-06-28,,Randall LLC,44.74,87x12x39,449,16,4.766182981835795,4.072950669534428,4.75763372911456,4.055776969072842,6.107025114911266,116.72577094482753,81.9019238519195,453,Granite Trail Shoes
CLO-OUT-2903,OutdoorAdventure Premium Dress Series 162,Clothing,Accessories,OutdoorAdventure,16.37,41.98,2022-10-06,,"Harris, Spencer and Ponce",17.49,54x70x26,38,97,3.7607348912143643,2.854744580253014,3.7371933143924867,2.7954503913830435,3.6376124751696053,41.52460512784143,27.271039978485234,42,Granite Yoga Mat
CLO-SPO-2904,SportElite Pro Dress,Clothing,Kids Clothing,SportElite,11.18,27.22,2022-11-14,,"Lee, Dominguez and Mosley",17.68,11x30x7,319,91,3.340030946424668,2.4997952622817508,3.30395199722332,2.414126467726953,5.7651942375761696,27.460819107076606,11.099604499439524,321,Aurora Classic Trail Shoes
ELE-SMA-2905,SmartLife Advanced Speaker Series 598,Electronics,Smartphones,SmartLife,85.43,254.34,2023-04-07,,"Barker, Tucker and Mcclure",1.9,82x9x14,454,69,5.542595990392205,4.459334837764547,5.5386719545926,4.447697327163527,6.118099400682094,254.04843094896194,133.69916027296907,457,Lumen Edge Wireless Earbuds
AUT-SMA-2906,SmartLife Smart Equipment,Automotive,Car Parts,SmartLife,4.89,10.52,2022-04-20,,Moss-Taylor,46.4,59x71x32,57,20,2.444084655267745,1.7732559976634952,2.3532782073095637,1.5871923034867805,4.043068811540308,10.968912010516991,4.611415433805482,60,Canyon Yoga Mat 2023
BOO-SMA-2907,SmartLife Modern Gear,Books,Children Books,SmartLife,7.29,18.72,2022-07-26,,Johnson PLC,8.08,13x65x7,368,51,2.9816333491744893,2.115049969147204,2.929592471049446,1.986503546020567,5.908085655556543,18.590581936276042,13.812381822262282,364,Granite Smart Thermostat
AUT-AUT-2908,AutoCare Smart Gear Model 759,Automotive,Car Parts,AutoCare,6.86,15.83,2023-08-26,,Burns Inc,16.42,95x24x39,189,41,2.8231630082027146,2.061786606441115,2.761906873892921,1.925707441737794,5.241752306050936,15.660392984011317,10.134532646976359,190,Harbor Flex Portable Speaker 2023
HOM-SPO-2909,SportElite Elite Lamp Edition 775,Home & Garden,Kitchen,SportElite,22.84,39.13,2023-04-25,,"Schneider, Porter and Hanna",35.05,47x76x7,34,97,3.6921241842788253,3.171364842197149,3.666889436222321,3.1285133847878095,3.52638993594835,38.7859102893258,22.422417048762508,35,Granite Select Blender
HOM-BEA-2910,BeautyGlow Classic Vase,Home & Garden,Home Decor,BeautyGlow,95.51,229.91,2022-08-02,2023-08-24,Levy-Smith,0.42,70x48x18,80,69,5.442028024214336,4.569646629919045,5.437687927995845,4.5592309540466465,4.3820391345957574,229.7194921311804,176.72246450732248,78,Lumen Edge Smart Thermostat
CLO-SMA-2911,SmartLife Classic Shoes,Clothing,Shoes,SmartLife,72.61,239.21,2022-09-19,,Brown-French,31.93,99x95x8,84,50,5.481513540752652,4.298780886070615,5.477341827222697,4.285102653392156,4.430828703534357,239.57911774659163,191.26200457727342,87,Nimbus Wireless Earbuds
CLO-AUT-2912,AutoCare Ultra Jacket Collection 104,Clothing,Accessories,AutoCare,20.3,73.22,2023-04-24,,Sullivan and Sons,47.07,5x73x41,473,70,4.307033655632451,3.0587070727153796,4.29346860769209,3.0106208860477417,6.159097502654603,73.7064076508747,39.19900359670847,475,Vertex Portable Speaker 2025
CLO-FAS-2913,FashionForward Smart Shoes,Clothing,Mens Apparel,FashionForward,18.19,67.09,2023-05-11,,"Contreras, Ellis and Gregory",23.51,100x19x12,449,74,4.220830359494875,2.9543893100196086,4.206035001574797,2.900871992530031,6.107025114911266,66.96094333989672,36.37801855232505,444,Pulse Edge Trail Shoes 2023
HOM-AUT-2914,AutoCare Elite Pot,Home & Garden,Kitchen,AutoCare,3.97,9.84,2023-02-04,,"Hernandez, Riley and Buckley",39.03,12x6x33,464,20,2.3832429960115,1.6034198401085373,2.286455711064162,1.3787660946990992,6.139886707396347,9.789638418335452,6.223121168190561,460,Nimbus Ultra Water Bottle 2022
CLO-TEC-2915,TechPro Elite Hat,Clothing,Mens Apparel,TechPro,7.89,18.01,2022-10-30,,Moss Group,24.49,91x11x27,378,94,2.944965156500338,2.1849270495258133,2.8909271591878647,2.065596134857783,5.934896841118734,18.227629519438683,11.012083289831043,374,Lumen Select Yoga Mat 2022
SPO-FAS-2916,FashionForward Pro Tool,Sports,Athletic Wear,FashionForward,9.88,26.45,2023-03-14,,"Smith, Meadows and Montgomery",33.93,79x85x35,55,58,3.3123661679555396,2.3869262414277967,3.2752561583043085,2.2905125117597764,4.0073513668853655,26.82847186485577,17.00449715075016,60,Solstice Select Yoga Mat
HOM-SMA-2917,SmartLife Advanced Vase,Home & Garden,Home Decor,SmartLife,11.49,25.08,2022-10-31,2025-01-12,Haynes and Sons,36.2,53x72x20,99,46,3.261168737058452,2.5249283241374862,3.22207071576472,2.4414770918606643,4.595129951093676,25.171183447503047,19.895252603019944,101,Harbor Edge Water Bottle
AUT-TEC-2918,TechPro Premium Tool,Automotive,Car Care,TechPro,17.26,29.84,2022-10-16,,Jackson Inc,49.32,53x92x50,186,35,3.4288125486951286,2.9047128751668225,3.3958497753355603,2.848391685655282,5.225752050042835,29.733695184214273,19.79822130228727,181,Pulse Water Bottle
AUT-KIT-2919,KitchenMaster Smart Accessory Set 190,Automotive,Accessories,KitchenMaster,13.13,31.11,2024-02-18,,Hoover-Davis,49.21,95x6x34,10,56,3.4691675081014224,2.648300196696436,3.4375293109095457,2.574899688314705,2.3026850879943788,31.02436940403165,22.62194940068748,8,Terra Water Bottle
BEA-FAS-2920,FashionForward Smart Equipment Series 442,Beauty,Hair Care,FashionForward,3.38,7.57,2023-10-18,,"Jackson, Garza and Meyers",4.22,47x9x49,49,15,2.1482677326096886,1.4770487243883548,2.0241930674493576,1.2178757094949273,3.8918407060656484,7.761705783566871,5.903788787737108,53,Aurora Pro Wireless Earbuds 2023
ELE-HOM-2921,HomeComfort Classic Phone Series 237,Electronics,Headphones,HomeComfort,115.34,272.42,2023-07-28,,Wilson PLC,10.53,38x64x26,306,68,5.611009074503846,4.756516938482616,5.607344993019195,4.747884288187267,5.723588369920897,271.9331538983322,113.48092112406108,305,Vertex Portable Speaker
AUT-SPO-2922,SportElite Advanced Gear,Automotive,Tools,SportElite,7.65,19.66,2023-01-02,,"Walker, Brock and Simmons",4.55,28x18x23,292,61,3.0281994636914926,2.157559320943788,2.9785861147190205,2.0347056478384444,5.6767572269199515,19.777197550710643,11.080295766129106,295,Harbor Desk Lamp
SPO-BEA-2923,BeautyGlow Classic Product,Sports,Fitness Equipment,BeautyGlow,24.91,63.93,2023-02-28,,"Gregory, Nguyen and Daugherty",19.43,41x91x20,415,29,4.173309766520395,3.2546289945740186,4.157788734778635,3.215269329274089,6.028280929866349,63.78838315023253,32.43878402270236,416,Lumen Pro Yoga Mat
ELE-STY-2924,StyleMax Modern Camera Kit 517,Electronics,Laptops,StyleMax,434.45,1039.47,2022-05-30,,"Gardner, Morris and Oconnell",7.19,55x73x26,135,85,6.947427813125864,6.076379979138749,6.946466246852749,6.074080863285215,4.905282185818402,1039.7583133846515,700.6458211873017,137,Nimbus Yoga Mat
CLO-HOM-2925,HomeComfort Ultra Shirt Series 805,Clothing,Shoes,HomeComfort,5.84,21.96,2023-11-23,,Duran PLC,1.14,55x90x8,44,48,3.133753571451366,1.922787731634459,3.08922261664133,1.7647307968401356,3.784212360932728,21.56113082702667,13.858225984305152,49,Vertex Max Water Bottle
BEA-TEC-2926,TechPro Advanced Item,Beauty,Fragrances,TechPro,2.06,4.82,2022-12-13,,Rogers Inc,41.21,68x19x30,488,93,1.7613002617433464,1.1184149159642893,1.572773928062509,0.7227059828014898,6.1903174550313755,4.906438221609423,3.4601694015790416,491,Solstice Coffee Grinder
CLO-SPO-2927,SportElite Smart Dress,Clothing,Mens Apparel,SportElite,9.69,35.76,2022-08-11,,Thomas-Perry,35.67,30x6x10,464,17,3.6044102974874863,2.3693087250369538,3.576829950305313,2.2710944259026746,6.139886707396347,35.7413534320884,27.206809018968787,465,Lumen Pro Portable Speaker
ELE-TEC-2928,TechPro Premium Monitor,Electronics,Gaming,TechPro,164.18,430.82,2022-03-09,,"Wood, Martin and Sanchez",26.1,98x5x24,437,78,6.068008834747768,5.107035788382571,6.065690369459953,5.10096338692012,6.079935483422491,430.9594790153871,313.905430732671,436,Granite Edge Action Camera 2024
ELE-OUT-2929,OutdoorAdventure Smart Tablet,Electronics,Laptops,OutdoorAdventure,386.97,847.52,2022-12-10,,"Williams, Garcia and Boone",47.17,28x84x48,25,89,6.74349365540415,5.9609280170463315,6.7423144377962165,5.958347170645155,3.218915824068222,847.0935565225933,407.44724161530644,24,Nimbus Select Water Bottle
BEA-TEC-2930,TechPro Ultra Accessory Edition 527,Beauty,Makeup,TechPro,6.64,14.19,2022-09-06,,"Bennett, Moore and Hobbs",19.76,73x87x6,262,20,2.7206373166076814,2.033397603178429,2.6525374911719513,1.8931119634883424,5.568348320547706,14.268384111679568,7.547713768695925,266,Pulse Flex Trail Shoes
CLO-SMA-2931,SmartLife Pro Dress,Clothing,Womens Apparel,SmartLife,18.13,67.62,2023-08-09,,Smith and Sons,23.0,94x37x34,433,10,4.228584037430304,2.9512577834521614,4.21390379727974,2.8975680247667595,6.070740037468645,67.68025489620034,39.337689622244504,438,Vertex Classic Wireless Earbuds
AUT-SPO-2932,SportElite Pro Item Model 797,Automotive,Car Care,SportElite,13.21,30.69,2022-08-06,,Mann PLC,37.11,6x83x32,254,35,3.4560011737028296,2.6539459421090092,3.4239368686316447,2.580974118534234,5.537338204018661,30.74944689252785,18.75605718806448,254,Solstice Action Camera
BOO-KIT-2933,KitchenMaster Ultra Product System 227,Books,Children Books,KitchenMaster,18.26,47.85,2022-05-24,,Butler-Aguirre,30.36,65x57x27,331,13,3.888754378488792,2.9580304063699794,3.8680711178989635,2.9047128751668225,5.802121396520535,47.95141791326453,20.668321597364578,330,Nimbus Desk Lamp
AUT-SMA-2934,SmartLife Modern Equipment,Automotive,Car Parts,SmartLife,217.0,607.64,2023-06-06,,Schwartz-Harris,19.97,21x89x38,277,37,6.411226959916971,5.384495062789089,6.409582601339462,5.37989735354046,5.624021116289125,607.8129385784819,468.56665392410355,282,Terra Flex Smart Thermostat
SPO-SMA-2935,SmartLife Advanced Item Kit 506,Sports,Outdoor Gear,SmartLife,5.19,14.64,2023-10-18,,"Nelson, Cole and Allen",46.22,27x80x15,94,64,2.7498317351171653,1.8229350866965048,2.6837575085331657,1.6467336971777973,4.54330542051129,14.938889219687155,10.274365590183583,97,Harbor Classic Water Bottle
SPO-FAS-2936,FashionForward Premium Tool,Sports,Athletic Wear,FashionForward,25.24,45.23,2023-10-22,,Bishop Inc,47.49,46x26x16,281,92,3.833628938000134,3.267284964075888,3.8117605834897517,3.228430037673012,5.6383582280462745,45.00442430572565,29.704038787487995,278,Vertex Coffee Grinder
BOO-FAS-2937,FashionForward Ultra Tool,Books,Fiction,FashionForward,30.6,83.0,2023-08-03,,"White, Porter and Clements",6.87,48x84x35,245,69,4.430816798843313,3.4531571205928664,4.418840607796598,3.4210000089583352,5.50126229216905,83.31854842197646,40.578605568998995,242,Pulse Water Bottle
CLO-AUT-2938,AutoCare Modern Jacket System 958,Clothing,Shoes,AutoCare,29.04,68.99,2023-07-25,,"Serrano, Turner and Barnes",37.13,8x45x6,473,19,4.248352374701448,3.402529826895934,4.233961566558017,3.3686741899565953,6.159097502654603,68.98829056861818,27.801877651160233,474,Granite Smart Thermostat 2023
BEA-STY-2939,StyleMax Modern Item,Beauty,Hair Care,StyleMax,21.94,58.6,2022-12-04,,"Young, Wilson and Moreno",29.18,78x13x13,302,55,4.087655574071304,3.1328821117012247,4.070734696582967,3.088311454847084,5.710430328627665,58.18551711355165,40.94699834878948,303,Vertex Max Desk Lamp 2024
AUT-AUT-2940,AutoCare Pro Tool,Automotive,Accessories,AutoCare,26.5,42.95,2022-04-27,,Montgomery PLC,15.49,59x10x8,446,93,3.783052624131186,3.3141860046725258,3.7600366484302645,3.2771447329921766,6.100321194170017,42.5173799106591,19.144601094854554,446,Solstice Prime Portable Speaker 2024
HOM-TEC-2941,TechPro Elite Lamp Kit 753,Home & Garden,Furniture,TechPro,14.12,25.01,2023-04-03,,"Robinson, Townsend and Hopkins",44.46,49x86x34,25,90,3.25848107946056,2.716018370751387,3.219275744889528,2.647592232065096,3.218915824068222,24.84755355232214,11.622465433215083,22,Canyon Eco Water Bottle
CLO-HOM-2942,HomeComfort Smart Shirt Kit 998,Clothing,Mens Apparel,HomeComfort,15.11,34.75,2023-10-11,2026-01-27,Brown-Rodriguez,25.41,85x9x36,140,31,3.5765502691400166,2.779440197188883,3.548179572010801,2.715356776284648,4.941649565440937,35.029199037569235,24.875531751153076,141,Solstice Yoga Mat 2024
BOO-SMA-2943,SmartLife Advanced Product,Books,Fiction,SmartLife,14.75,25.71,2022-07-13,,Jennings Group,10.62,20x86x40,8,59,3.2850380271218693,2.7568403652716422,3.246880021277798,2.691243082785829,2.079566533867987,25.9135273160461,16.59157556276499,7,Granite Coffee Grinder
CLO-TEC-2944,TechPro Modern Hat Collection 931,Clothing,Mens Apparel,TechPro,20.03,50.54,2022-06-26,,Thompson-Santiago,32.6,59x22x21,359,83,3.942358205224219,3.0459499897146083,3.922765101960048,2.997231149677727,5.88332517399972,50.82284266537896,32.329978220171945,360,Nimbus Wireless Earbuds 2022
SPO-SPO-2945,SportElite Modern Accessory,Sports,Team Sports,SportElite,14.4,43.08,2023-12-16,,Brown LLC,24.79,93x16x46,390,45,3.7860061648446592,2.7343675094195836,3.7630588522881876,2.667228206581955,5.966149303222969,43.09692367531277,17.614218344609213,386,Nimbus Yoga Mat
HOM-KIT-2946,KitchenMaster Advanced Vase,Home & Garden,Garden Tools,KitchenMaster,28.2,80.73,2022-09-19,2024-04-10,Clark-King,27.18,68x31x28,330,48,4.403421131528038,3.374168709274236,4.391110253406924,3.339321977944068,5.7990956847589645,80.67139501799639,58.69999520171969,330,Aurora Action Camera
HOM-SPO-2947,SportElite Ultra Lamp,Home & Garden,Bedding,SportElite,19.56,37.58,2023-11-03,,"Trujillo, Chang and Williams",27.49,73x89x31,181,75,3.652734007477583,3.0233474405869645,3.6264719939853194,2.9734866646066713,5.198502556112442,37.23450347617216,17.885102679693052,183,Vertex Select Smart Thermostat
CLO-OUT-2948,OutdoorAdventure Smart Dress,Clothing,Kids Clothing,OutdoorAdventure,29.99,111.33,2023-11-09,,"Williams, Medina and Moore",17.72,75x59x45,81,63,4.721440967653478,3.433664571799657,4.712498763740616,3.4008639927609177,4.394461500275244,111.16162889853712,74.06954052942724,76,Granite Blender
AUT-SPO-2949,SportElite Classic Equipment,Automotive,Accessories,SportElite,19.18,43.66,2022-09-04,,Washington Inc,43.05,63x65x28,268,70,3.799078246412012,3.004692014925463,3.7764323511217976,2.953868069455292,5.590990711847179,43.59533897885039,22.13125499359979,266,Aurora Action Camera
ELE-KIT-2950,KitchenMaster Ultra Laptop Kit 518,Electronics,Smart Home,KitchenMaster,9.27,26.7,2023-09-17,,Jacobson Ltd,32.88,88x37x24,124,65,3.3214324131932926,2.329227023940467,3.2846635654062037,2.2267833795777636,4.820289630088648,26.296828421086023,16.61947981089639,129,Solstice Water Bottle 2025
BOO-OUT-2951,OutdoorAdventure Premium Gear Kit 909,Books,Educational,OutdoorAdventure,62.54,122.47,2022-03-03,,Watkins-Nguyen,36.06,81x27x39,137,61,4.815998211579652,4.15166962884137,4.807866102033196,4.135806352029695,4.919988225071559,122.19619971365698,69.48761372287275,132,Vertex Water Bottle 2024
SPO-TEC-2952,TechPro Premium Equipment Collection 876,Sports,Outdoor Gear,TechPro,8.89,21.38,2022-07-20,,Burgess LLC,34.88,62x34x36,464,28,3.108167702883779,2.2915241456346207,3.062455905596899,2.1849270495258133,6.139886707396347,21.47626078818246,10.028453598840748,459,Vertex Ultra Water Bottle
AUT-BEA-2953,BeautyGlow Advanced Accessory,Automotive,Car Care,BeautyGlow,11.15,28.2,2022-09-05,,Maxwell LLC,1.53,58x22x26,286,54,3.374168709274236,2.4973291697865574,3.339321977944068,2.411439497906128,5.655995307317236,28.430949851954406,13.599483541273369,290,Granite Classic Desk Lamp
ELE-TEC-2954,TechPro Elite Camera,Electronics,Tablets,TechPro,30.09,54.37,2022-12-18,2023-12-22,Garcia Ltd,47.98,17x44x18,175,39,4.014037930834876,3.4368862240706624,3.995812531157829,3.4041928906419536,5.164791688192902,54.85838056116509,24.87447535707725,180,Solstice Water Bottle
ELE-FAS-2955,FashionForward Ultra Camera,Electronics,Laptops,FashionForward,215.82,595.31,2022-08-18,,Kane-Bennett,31.06,47x29x10,408,22,6.3907606660706175,5.379067516233146,6.389082278271237,5.374444726935588,6.0112696253815505,595.7344510647166,462.38112301651444,410,Harbor Max Yoga Mat 2025
ELE-SPO-2956,SportElite Advanced Monitor Set 270,Electronics,Laptops,SportElite,6.45,15.24,2022-07-09,,Jones PLC,40.87,24x75x32,430,96,2.787477334733532,2.0082140323914683,2.7239235502585,1.864080130807681,6.063787534266299,15.379713895544487,8.046355313633747,431,Solstice Yoga Mat
SPO-AUT-2957,AutoCare Pro Accessory Model 607,Sports,Outdoor Gear,AutoCare,338.31,620.86,2022-07-17,,Brown-Graham,33.88,49x42x26,488,20,6.432714987018936,5.826914143799146,6.431105613683284,5.823962634912306,6.1903174550313755,620.7828230922282,461.8655549063381,492,Lumen Blender
HOM-TEC-2958,TechPro Pro Tool Series 180,Home & Garden,Garden Tools,TechPro,51.96,115.09,2022-11-08,,Reilly Group,17.94,92x33x49,232,99,4.754365752349944,3.9695369116287527,4.745714430980399,3.9504741918023987,5.446741682001848,115.22345381741407,73.0139424265342,227,Canyon Edge Blender
ELE-HOM-2959,HomeComfort Modern Laptop,Electronics,Headphones,HomeComfort,68.25,133.14,2023-04-12,,Hughes and Sons,22.17,54x17x13,433,21,4.898884030671591,4.237723145067448,4.891401206172557,4.223177434065069,6.070740037468645,133.41993858571863,77.4588978104016,438,Harbor Flex Coffee Grinder
BEA-FAS-2960,FashionForward Advanced Equipment,Beauty,Hair Care,FashionForward,19.12,50.54,2024-02-05,,Cortez-Chen,21.33,17x27x32,14,75,3.942358205224219,3.0017143452315387,3.922765101960048,2.9507349076232554,2.639128755635788,50.165969467104915,32.051248895681105,10,Vertex Classic Action Camera
HOM-STY-2961,StyleMax Modern Vase System 736,Home & Garden,Home Decor,StyleMax,25.97,75.3,2023-03-11,,Harris-Martinez,4.28,60x35x6,404,40,4.334672938290411,3.2947251371516386,4.321480134805848,3.256942025674657,6.001417353205611,75.21170679190236,44.53701303106396,402,Solstice Trail Shoes
BOO-STY-2962,StyleMax Classic Accessory,Books,Educational,StyleMax,32.1,51.01,2022-12-10,2024-05-10,"Carroll, Ramirez and Rodriguez",36.08,80x74x14,469,26,3.951436007784981,3.4995332823830174,3.932021691934835,3.4688560301359703,6.150604900640168,51.3430062399229,20.608542395580386,464,Granite Trail Shoes 2024
BEA-FAS-2963,FashionForward Smart Accessory,Beauty,Fragrances,FashionForward,35.9,104.88,2024-02-18,,Ellis-Jackson,39.1,72x76x38,490,14,4.662306377358901,3.6082115510464816,4.652816839455444,3.580737295494233,6.194407431918917,104.76615629289438,78.146445745537,487,Solstice Max Smart Thermostat
HOM-AUT-2964,AutoCare Pro Pot Collection 158,Home & Garden,Home Decor,AutoCare,33.12,56.89,2023-09-15,,Robinson-Phillips,20.1,51x10x48,74,80,4.058544658090914,3.5298837226234783,4.041119578762556,3.500137329517059,4.304078606626376,56.96043482580264,30.17863984141017,76,Vertex Water Bottle 2025
CLO-STY-2965,StyleMax Smart Dress Model 885,Clothing,Womens Apparel,StyleMax,13.09,35.89,2023-01-23,,Clarke Ltd,30.36,13x19x50,169,47,3.607940511608584,2.645465325910589,3.580458705159516,2.5718485799218085,5.1299046320653305,35.97601397364495,23.082196658809643,171,Canyon Eco Desk Lamp 2023
BOO-BEA-2966,BeautyGlow Ultra Product,Books,Fiction,BeautyGlow,16.82,38.38,2023-12-26,,"Whitehead, Lane and Tran",15.03,60x83x28,115,20,3.6732580732109796,2.8803214220426634,3.647536490579554,2.822568654544802,4.744940823977617,38.07078672807097,28.431114307678968,117,Nimbus Pro Wireless Earbuds
ELE-HOM-2967,HomeComfort Modern Speaker Kit 209,Electronics,Gaming,HomeComfort,46.93,105.55,2023-02-22,2025-04-10,Miller PLC,5.82,91x64x43,64,59,4.668614358544626,3.86974161317154,4.65918477429433,3.8486571298063263,4.1588987082376025,105.41499073281923,77.63869881023116,64,Pulse Lite Blender
AUT-STY-2968,StyleMax Modern Product,Automotive,Car Care,StyleMax,16.85,38.15,2023-03-14,2025-05-31,Atkins-Robinson,4.26,11x98x37,250,39,3.667400422436812,2.8820035082256483,3.641525757730466,2.8243506567983707,5.521464917854247,37.98782106296709,15.965930090395497,250,Harbor Select Trail Shoes
AUT-HOM-2969,HomeComfort Pro Tool,Automotive,Tools,HomeComfort,55.72,116.77,2022-03-19,,Hood-Ramirez,22.19,91x63x32,398,71,4.768733569853457,4.038126882223872,4.760206188087624,4.020339148911605,5.986454517844095,116.30567277436143,52.12348068013044,397,Vertex Coffee Grinder
ELE-AUT-2970,AutoCare Elite Monitor,Electronics,Smartphones,AutoCare,98.85,240.36,2022-01-02,,"Patterson, Salas and Wright",14.67,81x99x44,430,20,5.486289594850806,4.603669059861824,5.482137799465727,4.593603549616626,6.063787534266299,239.89370792861354,104.8775026905715,433,Granite Water Bottle
HOM-TEC-2971,TechPro Ultra Lamp,Home & Garden,Kitchen,TechPro,1.42,2.16,2022-07-01,2024-10-19,Riley-Snow,18.93,71x36x40,253,81,1.1505720275988207,0.8837675401685949,0.7701082216960737,0.35065687161316933,5.5333934412888786,2.485063102802258,1.0024418756707099,251,Granite Classic Desk Lamp
BOO-SPO-2972,SportElite Ultra Accessory,Books,Fiction,SportElite,36.25,57.37,2023-09-01,,"Shah, Mcintyre and Villanueva",20.05,55x11x20,332,16,4.0668020592157,3.6176519448255684,4.04952151861378,3.590439381300684,5.805137980960145,57.14760939377335,40.95619689945135,336,Vertex Ultra Desk Lamp
HOM-KIT-2973,KitchenMaster Smart Lamp,Home & Garden,Furniture,KitchenMaster,23.93,60.66,2023-11-27,,Baird-Williams,31.31,73x96x14,122,64,4.121635422458004,3.2160718975354667,4.105284502260435,3.175132901920282,4.8040292414209755,60.67771719091404,39.91527471629026,123,Solstice Blender
BOO-TEC-2974,TechPro Pro Product,Books,Fiction,TechPro,19.75,49.33,2023-04-03,,Quinn-Gordon,2.52,45x17x20,125,45,3.9186013207882686,3.0325462466767075,3.8985324152456466,2.9831534913471307,4.828321737270302,49.132751062116995,26.153972048361638,120,Terra Max Blender 2022
SPO-STY-2975,StyleMax Ultra Product Series 340,Sports,Fitness Equipment,StyleMax,14.16,32.61,2023-07-15,,Schmidt-Mendoza,39.83,27x9x40,378,35,3.5148236417370144,2.7186603802142257,3.484618989801228,2.6504210882655737,5.934896841118734,33.041865660213034,20.03919711691228,381,Granite Wireless Earbuds
BEA-SMA-2976,SmartLife Pro Accessory,Beauty,Skincare,SmartLife,55.24,116.92,2023-03-02,,"Nicholson, Chavez and Allen",11.95,77x91x47,348,21,4.770006428441026,4.029628247502409,4.761489940243045,4.0116873285410914,5.852205353333564,116.68411082368846,73.81952438687526,349,Vertex Classic Wireless Earbuds
BEA-SPO-2977,SportElite Classic Tool Kit 622,Beauty,Fragrances,SportElite,47.12,112.57,2022-11-10,,"Mullins, Steele and Russell",21.48,28x10x7,11,55,4.732419386903555,3.873697891106478,4.7235752503667126,3.8526975393433314,2.3979861777572986,112.50106367648415,73.89919248292097,15,Solstice Classic Action Camera
CLO-BEA-2978,BeautyGlow Pro Shirt,Clothing,Mens Apparel,BeautyGlow,6.56,25.12,2023-04-13,2024-06-13,Anderson LLC,13.52,51x8x46,343,78,3.2627013044082305,2.0228711901914416,3.223664341599998,1.8809906029559975,5.8377333626135846,25.48527564547491,14.33515528517066,346,Lumen Edge Portable Speaker
AUT-STY-2979,StyleMax Elite Product,Automotive,Car Care,StyleMax,28.97,66.45,2022-03-24,,Holland Inc,44.12,79x15x44,135,92,4.211386582653765,3.4001968813285717,4.196449785159254,3.366260811781259,4.905282185818402,66.78509489545597,38.05165121519328,136,Vertex Eco Wireless Earbuds 2023
HOM-BEA-2980,BeautyGlow Advanced Vase,Home & Garden,Bedding,BeautyGlow,8.38,14.35,2023-02-09,,Castillo LLC,19.54,19x81x16,232,64,2.731115474033206,2.238579763018133,2.66374994220563,2.125847914493992,5.446741682001848,14.042379389489351,10.32700264705737,228,Vertex Lite Action Camera 2022
SPO-SPO-2981,SportElite Modern Equipment,Sports,Fitness Equipment,SportElite,5.8,15.76,2023-12-06,,Warner PLC,25.1,58x23x32,123,84,2.818995095053937,1.916922612182061,2.757475084429733,1.7578579175523736,4.8121924854206695,16.056590443599795,9.81545900809428,123,Granite Action Camera
HOM-STY-2982,StyleMax Elite Pot,Home & Garden,Garden Tools,StyleMax,11.43,31.35,2024-03-05,,"Silva, Bray and Ford",11.02,8x52x28,253,36,3.4766140209469096,2.5201129055226197,3.4452142670789296,2.4362414778067194,5.5333934412888786,31.309023149003135,18.115754257732878,257,Solstice Prime Wireless Earbuds 2025
SPO-SPO-2983,SportElite Modern Accessory Series 269,Sports,Fitness Equipment,SportElite,43.65,113.23,2022-08-11,,Sawyer Group,46.39,41x90x29,492,18,4.738213959745856,3.798854307322508,4.729421148325948,3.776203282285611,6.198480749010567,113.21330949464365,64.74501891757501,497,Aurora Flex Yoga Mat 2024
HOM-SMA-2984,SmartLife Classic Table,Home & Garden,Bedding,SmartLife,47.36,85.59,2022-08-12,2025-01-04,Clarke LLC,5.61,63x58x11,350,48,4.46118433545971,3.878673025746592,4.4495684538935185,3.8577779905757503,5.857936011622235,85.23081037296762,61.02160577153043,348,Granite Ultra Wireless Earbuds 2022
CLO-AUT-2985,AutoCare Elite Dress,Clothing,Mens Apparel,AutoCare,18.37,40.87,2023-02-11,,"Marshall, Schultz and Dalton",36.88,31x58x21,245,13,3.734569580031052,2.9637254774189046,3.7103962975761857,2.9107188992270343,5.50126229216905,40.45898948348198,20.35457140557567,242,Aurora Prime Coffee Grinder 2022
AUT-SMA-2986,SmartLife Advanced Equipment,Automotive,Car Care,SmartLife,38.57,90.57,2023-08-31,,Cruz Ltd,24.2,7x32x29,282,81,4.517103707119641,3.6780712553973327,4.506123032386857,3.6524747722201365,5.641910617031117,90.79338052083428,71.71954001471944,278,Granite Prime Desk Lamp
AUT-TEC-2987,TechPro Premium Gear,Automotive,Tools,TechPro,31.96,71.26,2023-09-10,,Schmidt-Phillips,11.47,98x34x49,431,20,4.280270725719494,3.495294705041271,4.26633516017769,3.464485120898074,6.0661104102866705,71.2565319293082,46.891590565827734,431,Harbor Ultra Trail Shoes
AUT-KIT-2988,KitchenMaster Elite Accessory,Automotive,Car Care,KitchenMaster,11.28,30.1,2023-12-25,,Wolfe-Salazar,29.73,89x87x15,247,17,3.4372078191851885,2.5079719227189963,3.40452517175483,2.423031246069913,5.509392385202777,30.038113688562877,14.656044455663057,249,Vertex Flex Coffee Grinder
SPO-KIT-2989,KitchenMaster Smart Gear Model 151,Sports,Team Sports,KitchenMaster,29.63,61.2,2023-12-04,2024-09-05,"Norton, French and Miller",4.19,62x26x13,262,30,4.130354999745133,3.421979920844684,4.11414718951828,3.388787361585474,5.568348320547706,61.42491806407935,35.285103862166494,262,Terra Water Bottle 2024
HOM-STY-2990,StyleMax Smart Chair Series 557,Home & Garden,Garden Tools,StyleMax,41.28,105.05,2024-03-02,,Fitzgerald-Brown,20.08,11x66x26,346,67,4.663910681010692,3.7443141610020367,4.654436427291009,3.720378121173307,5.846441665226958,105.31020264101129,73.24693463683379,349,Solstice Classic Portable Speaker 2022
BOO-KIT-2991,KitchenMaster Modern Gear,Books,Educational,KitchenMaster,39.6,86.06,2023-09-07,2024-08-17,"Cox, Williams and Reyes",46.5,22x18x36,63,24,4.4665975361241514,3.703768066607687,4.455044727410454,3.6788291182604347,4.143150599281431,85.72573000431596,44.75043861366906,62,Aurora Portable Speaker
HOM-SMA-2992,SmartLife Advanced Vase,Home & Garden,Home Decor,SmartLife,58.56,152.64,2023-07-21,,Harvey-Diaz,33.18,6x60x9,252,37,5.034612203477704,4.086984207815808,5.028082207699977,4.0700518696530565,5.529433055757518,152.74802064648807,87.53127905615756,248,Solstice Wireless Earbuds
BEA-SMA-2993,SmartLife Smart Item,Beauty,Hair Care,SmartLife,38.0,68.4,2022-04-07,,Wong Ltd,23.1,51x50x33,418,32,4.239886867512759,3.6635616461296463,4.225372824628505,3.6375861597263857,6.035483824866392,68.04264700063214,32.76270846260565,420,Nimbus Water Bottle
BEA-STY-2994,StyleMax Classic Tool,Beauty,Fragrances,StyleMax,27.56,58.31,2023-05-15,,Castro and Sons,25.41,16x78x18,269,98,4.082777925850635,3.3520071374713836,4.065773605234065,3.3163654461454577,5.5947150970670485,58.55634758430847,29.62892195314584,272,Canyon Wireless Earbuds 2023
BEA-SMA-2995,SmartLife Elite Accessory Set 312,Beauty,Skincare,SmartLife,52.62,129.69,2022-01-14,,Zavala and Sons,21.36,68x49x17,407,97,4.872828106608945,3.981922132807813,4.86514698734765,3.9630962756121466,6.008815642442033,129.8438160531418,72.18755652193846,411,Solstice Action Camera 2024
BEA-STY-2996,StyleMax Classic Product,Beauty,Makeup,StyleMax,19.61,49.75,2023-03-08,,"Wilson, Mendoza and Crosby",40.14,35x14x35,314,77,3.926911617921897,3.0257763949023677,3.907010463604602,2.976039640208255,5.749396170616558,50.19748232866179,30.35586977106472,312,Pulse Smart Thermostat 2025
HOM-KIT-2997,KitchenMaster Premium Chair,Home & Garden,Bedding,KitchenMaster,9.08,21.83,2022-02-27,,"Pitts, Warner and Mullins",33.66,81x50x23,190,76,3.1280754605417043,2.3105532626432224,3.0832851705618523,2.206074192613202,5.24702933530453,21.407578856029293,15.985620341846989,190,Nimbus Select Smart Thermostat
AUT-OUT-2998,OutdoorAdventure Smart Gear,Automotive,Car Care,OutdoorAdventure,17.34,49.53,2022-08-29,,Flores LLC,45.86,75x20x14,246,45,3.9225672193038172,2.9090844668283187,3.902578546600146,2.853015971352396,5.505335600964751,49.09591362672823,34.144577591817374,251,Vertex Pro Portable Speaker 2022
BEA-KIT-2999,KitchenMaster Elite Product,Beauty,Makeup,KitchenMaster,10.27,27.39,2022-12-17,2024-03-19,"Frazier, Ramirez and Brown",3.58,81x94x16,165,81,3.34603697048488,2.422144328051685,3.3101779832749867,2.329227023940467,5.105951534488276,27.176543333199337,17.1853646718986,169,Solstice Select Action Camera
ELE-BEA-3000,BeautyGlow Modern Speaker,Electronics,Gaming,BeautyGlow,27.79,85.23,2022-04-19,,Chavez-Mason,49.57,95x29x30,415,14,4.457018144964233,3.3600281046240843,4.445353484534206,3.3246762437544124,6.028280929866349,84.99647157006119,47.62184733205037,417,Nimbus Select Desk Lamp
ELE-OUT-3001,OutdoorAdventure Classic Laptop,Electronics,Gaming,OutdoorAdventure,47.25,102.33,2022-09-22,2023-10-19,Harrison PLC,36.19,76x37x25,119,22,4.637927750226264,3.876395827784995,4.628202885098664,3.855452653939752,4.7791318964375655,102.08203922309056,60.68949320835306,122,Granite Action Camera 2022
HOM-SPO-3002,SportElite Premium Tool Set 920,Home & Garden,Garden Tools,SportElite,9.84,21.71,2023-02-14,,"Bryan, Lam and Hayes",36.87,84x10x46,300,64,3.122805356117467,2.3832429960115,3.0777729838902004,2.286455711064162,5.703785807983979,22.108129488910617,15.138015264483053,299,Vertex Ultra Portable Speaker
BEA-AUT-3003,AutoCare Modern Product,Beauty,Hair Care,AutoCare,15.22,43.72,2022-02-02,,Marsh-Dougherty,37.49,82x27x49,55,68,3.8004208288468435,2.7862450486872667,3.777805663308338,2.7226103524335397,4.0073513668853655,43.474555275852516,34.66723018866135,55,Lumen Smart Thermostat
SPO-AUT-3004,AutoCare Pro Equipment,Sports,Outdoor Gear,AutoCare,3.65,5.83,2022-07-31,,Lopez Group,31.12,29x59x33,14,71,1.9213246735826988,1.536867219599265,1.763017000362401,1.2947271675944,2.639128755635788,5.6065107316060585,3.3723403760725454,19,Harbor Yoga Mat 2024
BEA-STY-3005,StyleMax Modern Accessory Model 111,Beauty,Makeup,StyleMax,24.34,62.29,2022-07-04,,Miller and Sons,32.56,87x26x22,48,98,4.147727338787214,3.232384174892993,4.131800899266054,3.1921210875593813,3.8712218440242134,62.544210297169606,42.88966747974613,46,Lumen Ultra Trail Shoes
BOO-TEC-3006,TechPro Classic Accessory,Books,Non-Fiction,TechPro,20.11,35.74,2022-08-29,,Mullen-Jones,15.5,6x17x39,51,93,3.6038660797869797,3.0497468618602293,3.576270509731282,3.001217203784561,3.9318452403752318,35.69074504560153,18.065109008864308,50,Harbor Blender
AUT-BEA-3007,BeautyGlow Ultra Product System 993,Automotive,Car Care,BeautyGlow,9.63,26.76,2022-06-09,,Hill Ltd,33.44,25x93x22,125,57,3.3235961356386037,2.363680192353857,3.286908235260028,2.2648832258100344,4.828321737270302,27.03117634581608,21.36602278891281,126,Harbor Ultra Desk Lamp
ELE-KIT-3008,KitchenMaster Ultra Speaker,Electronics,Gaming,KitchenMaster,105.56,293.68,2022-04-04,2024-03-11,Crawford and Sons,21.35,13x48x31,140,11,5.685890021814613,4.668708206792079,5.682490739188579,4.659279511635123,4.941649565440937,293.2540588344131,166.00199531366272,143,Solstice Wireless Earbuds 2024
BOO-STY-3009,StyleMax Ultra Equipment,Books,Educational,StyleMax,46.7,113.56,2023-09-27,,"Crane, Johnson and Butler",44.87,64x9x25,159,91,4.7410987032123355,3.8649313978942956,4.732331331604771,3.8437441646748516,5.06891049150863,113.54781976979991,48.07731700054054,163,Terra Select Coffee Grinder 2023
CLO-AUT-3010,AutoCare Pro Hat,Clothing,Kids Clothing,AutoCare,3.37,7.11,2022-07-03,,"Weaver, Anderson and Reed",3.9,14x8x46,102,50,2.093097868127322,1.4747630091074988,1.9615022438151495,1.2149127443642704,4.624982617157782,6.652941328179617,4.858219214070248,107,Granite Ultra Portable Speaker
SPO-KIT-3011,KitchenMaster Ultra Product,Sports,Team Sports,KitchenMaster,10.11,24.17,2022-06-29,2023-06-22,Rojas-Smith,12.17,53x96x29,221,84,3.2256528091472245,2.4078456036515385,3.1851121947153915,2.3135250330323798,5.398167226394394,23.74140013938625,14.514072397329944,221,Aurora Max Coffee Grinder 2022
BEA-KIT-3012,KitchenMaster Elite Product,Beauty,Fragrances,KitchenMaster,10.05,18.6,2023-07-05,,Brown and Sons,28.48,16x13x45,421,79,2.975529566236472,2.402430427963762,2.9231615807191558,2.307572634505085,6.042635208976472,18.998308704277523,14.503901674261249,421,Lumen Eco Portable Speaker
AUT-KIT-3013,KitchenMaster Premium Tool,Automotive,Tools,KitchenMaster,8.62,23.06,2022-11-09,2025-03-07,"Newman, Jenkins and Cooper",31.58,24x42x5,193,64,3.180550710546533,2.263844264677615,3.138099514840913,2.1540850846756014,5.262695370238613,22.70646046369524,12.482359729511538,195,Harbor Portable Speaker
BEA-OUT-3014,OutdoorAdventure Smart Gear,Beauty,Makeup,OutdoorAdventure,42.37,76.37,2022-11-04,,"Buchanan, Tucker and Wade",26.99,34x35x21,106,70,4.348599108561364,3.7697679578472747,4.335589948900293,3.7464405646384678,4.663448528029832,76.40177226862971,44.29677937987224,111,Solstice Edge Coffee Grinder
HOM-OUT-3015,OutdoorAdventure Classic Vase,Home & Garden,Furniture,OutdoorAdventure,16.87,31.74,2022-02-08,,"Wilkinson, Wallace and Torres",38.82,51x41x16,145,41,3.488597571942989,2.8831233291713367,3.457577715098263,2.825536896557877,4.976740638948518,31.65287369054869,20.16458315892178,143,Granite Eco Desk Lamp
BEA-SMA-3016,SmartLife Elite Tool,Beauty,Makeup,SmartLife,15.83,24.24,2022-10-03,,Villanueva LLC,41.08,7x78x27,83,81,3.228430037673012,2.8231630082027146,3.1880041612011136,2.761906873892921,4.41885265591679,24.090396459733665,14.248245506867933,80,Canyon Prime Trail Shoes 2023
BEA-KIT-3017,KitchenMaster Ultra Equipment,Beauty,Hair Care,KitchenMaster,3.31,9.26,2022-09-12,,Mccormick and Sons,40.35,82x59x23,167,36,2.3282528397426234,1.4609379041156565,2.225704048658088,1.1969481893889715,5.117999800422779,9.651836678773527,4.2600324734708055,168,Solstice Pro Portable Speaker
HOM-STY-3018,StyleMax Modern Vase,Home & Garden,Home Decor,StyleMax,35.58,67.18,2022-05-08,,Watson-Roberts,26.2,5x9x42,408,85,4.222151266709757,3.5995016429627196,4.207375584184147,3.571783682237689,6.0112696253815505,66.71138692883999,48.131083481711876,407,Aurora Pro Yoga Mat
HOM-HOM-3019,HomeComfort Modern Table,Home & Garden,Bedding,HomeComfort,6.58,19.61,2024-01-28,,Hernandez LLC,32.29,90x53x38,492,65,3.0257763949023677,2.0255131996542803,2.976039640208255,1.884034745337226,6.198480749010567,19.770513892452076,15.637966317102874,488,Terra Classic Wireless Earbuds
SPO-KIT-3020,KitchenMaster Ultra Equipment Kit 209,Sports,Athletic Wear,KitchenMaster,21.2,46.35,2023-10-20,2025-07-04,Huber-Montgomery,29.25,15x38x44,225,20,3.8575668196320874,3.100092288878234,3.836221292011864,3.054001181677967,5.416104846638988,46.80412654552928,21.31151231510518,221,Canyon Select Action Camera 2022
ELE-SPO-3021,SportElite Ultra Camera,Electronics,Smartphones,SportElite,72.05,174.89,2022-12-11,,Joseph LLC,41.48,58x60x25,0,93,5.169858799644233,4.291144138196708,5.1641572048611,4.277360322445531,-6.907755278982137,174.9489648197926,99.5727573984008,5,Terra Ultra Trail Shoes 2022
HOM-OUT-3022,OutdoorAdventure Classic Chair,Home & Garden,Furniture,OutdoorAdventure,68.35,141.92,2023-11-10,,Mcpherson Ltd,28.19,97x92x16,104,46,4.962285033155209,4.239166146760841,4.955263518561269,4.224641563169959,4.64440051447976,142.3480860127924,63.16505823979266,104,Aurora Classic Desk Lamp 2022
BEA-AUT-3023,AutoCare Classic Tool,Beauty,Makeup,AutoCare,6.18,9.45,2022-10-12,,"Conway, Bauer and Martin",45.48,87x47x31,209,100,2.34660197841082,1.9712993830601329,2.2460147415056513,1.8213182714695995,5.342339036642359,9.011212721700302,5.0572900208086375,211,Aurora Trail Shoes
BOO-FAS-3024,FashionForward Advanced Gear Set 829,Books,Non-Fiction,FashionForward,1.33,3.48,2022-09-28,,Williams LLC,39.79,60x14x35,425,99,1.4996230464268938,0.8458682675776092,1.247032293786383,0.28517894223366247,6.052091521862825,3.400417452692678,1.6183795982375444,420,Nimbus Edge Wireless Earbuds
BOO-AUT-3025,AutoCare Modern Item,Books,Non-Fiction,AutoCare,23.7,36.73,2022-05-14,,"Martinez, Green and Lopez",49.02,92x35x39,165,100,3.6304555339762192,3.2068032436339315,3.6035938598315758,3.1654750481410856,5.105951534488276,36.494954635142804,22.9235997466841,170,Vertex Pro Yoga Mat 2024
SPO-HOM-3026,HomeComfort Classic Gear,Sports,Athletic Wear,HomeComfort,101.54,272.57,2023-10-07,,"Mann, Wade and Spence",37.82,71x87x23,293,41,5.611557530613684,4.630252966355554,5.607895461849037,4.620452809519248,5.680176021980526,272.7962045456811,136.41338635801495,293,Lumen Ultra Trail Shoes 2024
AUT-OUT-3027,OutdoorAdventure Premium Accessory,Automotive,Accessories,OutdoorAdventure,61.26,121.57,2022-12-26,,Watson PLC,36.03,15x7x10,435,28,4.808682295353074,4.131319165013462,4.8004902285677025,4.115127101404629,6.075348329936617,122.0416711486873,53.06169434003509,431,Nimbus Water Bottle
SPO-KIT-3028,KitchenMaster Advanced Item,Sports,Athletic Wear,KitchenMaster,24.26,58.59,2022-08-02,2023-11-26,Ferguson Inc,32.17,69x52x14,464,100,4.087487774758888,3.229222116922345,4.070564033556697,3.1888289035159043,6.139886707396347,58.35139946119536,33.32744933012531,460,Aurora Eco Wireless Earbuds
SPO-AUT-3029,AutoCare Classic Equipment Collection 496,Sports,Athletic Wear,AutoCare,12.9,25.7,2022-05-31,2023-06-13,Sullivan Group,37.39,32x37x24,348,46,3.2846635654062037,2.631888840136646,3.246490991901174,2.5572273113676265,5.852205353333564,25.851091109444592,18.81147552818658,349,Pulse Eco Yoga Mat
CLO-BEA-3030,BeautyGlow Classic Shoes,Clothing,Accessories,BeautyGlow,23.24,64.02,2024-01-27,,Gould LLC,11.71,73x14x48,493,29,4.174694914875759,3.1880041612011136,4.159195534541717,3.1458749319837103,6.200511202438199,63.72413568010454,44.12775026781449,497,Nimbus Classic Smart Thermostat 2024
CLO-AUT-3031,AutoCare Modern Hat,Clothing,Womens Apparel,AutoCare,5.59,16.51,2024-01-31,,Smith Ltd,22.48,33x20x33,154,45,2.8627721462977607,1.8855533485144158,2.8039662579320366,1.7209792871670078,5.03695909589904,16.57402364948018,11.942282953448707,149,Pulse Trail Shoes 2022
AUT-FAS-3032,FashionForward Modern Equipment Edition 239,Automotive,Car Care,FashionForward,30.84,64.21,2023-02-06,,"Cantrell, Rivera and Thornton",15.73,10x70x44,461,80,4.177612831405111,3.460723360976182,4.162158961805957,3.4288125486951286,6.133400212191693,64.17465383695456,45.00293735229337,461,Aurora Eco Portable Speaker
BOO-FAS-3033,FashionForward Ultra Equipment,Books,Children Books,FashionForward,31.66,88.26,2023-09-20,,Kemp-Montes,14.41,35x41x37,364,52,4.491553459201124,3.486151087542319,4.4802870038414015,3.4550540544528663,5.897156614885714,88.72256522303891,60.10366630227349,365,Terra Desk Lamp 2024
CLO-AUT-3034,AutoCare Smart Jacket,Clothing,Accessories,AutoCare,28.45,101.69,2022-01-29,,"Estrada, Marsh and Chandler",39.22,65x54x34,214,81,4.631714741210204,3.3826939100975957,4.621928969803046,3.34814816057234,5.36598068790813,101.79635672724254,58.832846586725005,216,Terra Classic Yoga Mat 2025
SPO-TEC-3035,TechPro Ultra Product Set 591,Sports,Team Sports,TechPro,240.73,513.22,2022-12-30,2025-02-28,Morgan-Rodriguez,22.31,30x43x10,38,50,6.242651189446835,5.487821400818009,6.240704603143466,5.483675973499488,3.6376124751696053,513.0725162446452,289.78507505179704,39,Pulse Yoga Mat
AUT-SPO-3036,SportElite Smart Item,Automotive,Accessories,SportElite,28.59,45.39,2022-02-03,,Mccullough-Taylor,2.42,40x99x7,407,62,3.8370839187636525,3.3874364664121184,3.8152918164683745,3.3530570063342204,6.008815642442033,45.01181386919018,28.330440200109216,407,Nimbus Blender
HOM-AUT-3037,AutoCare Elite Table,Home & Garden,Garden Tools,AutoCare,12.7,32.82,2022-12-18,,"Wilson, Johnson and Williamson",49.16,47x88x47,216,56,3.5210523434704344,2.617395832834079,3.4910380856619447,2.5416019934645457,5.3752830373030775,32.478221892160235,17.987468456101237,219,Vertex Prime Coffee Grinder
CLO-HOM-3038,HomeComfort Smart Hat Edition 540,Clothing,Kids Clothing,HomeComfort,11.94,47.36,2023-10-09,,Griffin Inc,45.78,6x9x21,238,13,3.878673025746592,2.5603232890727545,3.8577779905757503,2.479894107964456,5.47227487534332,47.09081059135221,36.13607672469438,235,Canyon Eco Trail Shoes
AUT-STY-3039,StyleMax Premium Accessory Model 698,Automotive,Car Parts,StyleMax,4.09,12.2,2023-11-13,,Brown-Davidson,21.13,15x81x49,391,86,2.580216829592325,1.6272778305624314,2.501435951739211,1.4085449700547104,5.968710117526852,11.955947328113492,9.144921247172674,396,Harbor Pro Desk Lamp 2025
BOO-AUT-3040,AutoCare Pro Item,Books,Children Books,AutoCare,10.75,27.13,2022-11-22,,"Fox, Harrington and Wang",37.47,62x40x30,218,19,3.3368366225017656,2.463853240590168,3.3006401266708405,2.3749057545736716,5.384499649934531,27.473603736684314,20.090573187685603,218,Pulse Prime Coffee Grinder
HOM-FAS-3041,FashionForward Modern Vase,Home & Garden,Bedding,FashionForward,13.9,31.49,2024-02-22,,Johnson PLC,25.6,90x5x22,368,69,3.4809323496810087,2.7013612129514133,3.4496700351129332,2.631888840136646,5.908085655556543,31.54999833251687,18.70186098629854,366,Granite Portable Speaker
BEA-SMA-3042,SmartLife Classic Tool,Beauty,Fragrances,SmartLife,12.53,32.11,2022-01-17,,Rhodes-Rosario,35.63,52x56x26,500,86,3.4998353515591547,2.604909442182697,3.4691675081014224,2.528125768907977,6.2146100984201915,32.13292309314688,22.955828653335267,496,Solstice Prime Action Camera
BOO-TEC-3043,TechPro Pro Gear,Books,Educational,TechPro,23.04,58.79,2023-12-10,,"Foster, Henry and Morrison",36.53,78x95x16,254,64,4.090838422892813,3.1797191096670065,4.073971772414164,3.1372318358276905,5.537338204018661,58.41247349443183,40.111041711387024,249,Canyon Water Bottle 2022
HOM-AUT-3044,AutoCare Ultra Vase,Home & Garden,Furniture,AutoCare,9.58,23.33,2023-03-09,,"Harding, Kerr and Ward",7.86,37x12x27,34,37,3.1917101567954314,2.3589654264301534,3.1497400860333387,2.259677591982769,3.52638993594835,23.682936899482446,15.15411606393081,29,Terra Action Camera
ELE-SMA-3045,SmartLife Classic Phone,Electronics,Smart Home,SmartLife,167.51,373.63,2022-09-07,,Baldwin Group,29.58,16x37x34,375,74,5.925938872227775,5.126995095212451,5.9232660029167,5.1210430509755955,5.926928692633522,373.84835801714434,177.672759457306,380,Solstice Ultra Trail Shoes 2022
HOM-BEA-3046,BeautyGlow Modern Lamp,Home & Garden,Kitchen,BeautyGlow,20.09,55.07,2022-01-03,,Hughes-Smith,30.32,41x18x6,476,96,4.026600910135581,3.0487989944906833,4.00860510327439,3.000222178826843,6.16541995506955,54.646314994662,43.41404613749241,480,Pulse Pro Water Bottle
CLO-OUT-3047,OutdoorAdventure Modern Hat Model 184,Clothing,Womens Apparel,OutdoorAdventure,12.09,37.18,2024-02-05,,Bell-Madden,37.76,57x57x24,473,73,3.6423118182976015,2.5718485799218085,3.6157709822932977,2.492378664626701,6.159097502654603,37.38367839528517,20.1964751272539,470,Aurora Pro Coffee Grinder 2023
SPO-STY-3048,StyleMax Smart Item,Sports,Team Sports,StyleMax,14.95,43.03,2022-03-20,,"Miller, Luna and Wallace",9.48,23x50x37,191,35,3.7848712197676626,2.7694588292308535,3.7618975468505083,2.7047112998366956,5.2522786636350185,43.072667452995795,22.934015406945097,189,Lumen Lite Action Camera 2023
HOM-AUT-3049,AutoCare Pro Lamp System 639,Home & Garden,Garden Tools,AutoCare,23.1,61.52,2023-01-09,,Lara-Roberts,34.72,67x75x43,167,53,4.135486505553276,3.1822118404966093,4.119362325197389,3.139832617527748,5.117999800422779,61.110090838831844,29.3657017564446,163,Nimbus Ultra Desk Lamp
BOO-KIT-3050,KitchenMaster Ultra Accessory,Books,Fiction,KitchenMaster,42.21,113.56,2022-03-19,,"Waller, Coleman and Mosley",48.56,75x53x26,184,76,4.7410987032123355,3.766071949943842,4.732331331604771,3.7426571597944074,5.214941192376826,113.51913462869808,48.461185117157854,189,Granite Classic Coffee Grinder
AUT-SMA-3051,SmartLife Modern Gear,Automotive,Car Parts,SmartLife,9.2,16.26,2023-07-05,,Houston PLC,42.71,80x33x24,272,83,2.848391685655282,2.322387720290225,2.7887081041196646,2.2192034840549946,5.605805742759827,16.24500236138745,12.86514612761617,277,Nimbus Smart Thermostat
ELE-TEC-3052,TechPro Premium Laptop,Electronics,Smart Home,TechPro,28.27,53.46,2022-09-22,,Thomas LLC,9.54,21x95x43,418,32,3.9974664872456134,3.3765631007037946,3.978933710710773,3.341801171705499,6.035483824866392,53.13245904936001,39.23760466523209,423,Aurora Classic Desk Lamp 2022
HOM-STY-3053,StyleMax Advanced Tool,Home & Garden,Kitchen,StyleMax,15.28,42.2,2024-02-21,,Mcneil-Fox,42.04,99x18x16,32,75,3.765840495250065,2.789937360574394,3.742420221041966,2.7265447837383743,3.4657671523114555,42.63678418406028,18.996029661338312,27,Terra Pro Action Camera
HOM-FAS-3054,FashionForward Smart Lamp Series 402,Home & Garden,Kitchen,FashionForward,5.98,15.47,2022-04-01,,Jones-Choi,4.28,87x50x28,100,16,2.801540544189549,1.943048916774281,2.738902664584975,1.7884205679625405,4.605180185938091,15.81297586405105,9.750163508407773,98,Vertex Water Bottle 2025
ELE-SPO-3055,SportElite Premium Laptop Model 403,Electronics,Tablets,SportElite,24.06,43.66,2023-03-28,,Davis-Ortiz,33.62,17x11x44,454,62,3.799078246412012,3.221272949467922,3.7764323511217976,3.180550710546533,6.118099400682094,43.825641890582524,25.163094649796758,455,Pulse Smart Thermostat
HOM-OUT-3056,OutdoorAdventure Ultra Pot,Home & Garden,Home Decor,OutdoorAdventure,13.08,25.9,2023-02-21,,Perry-Peters,35.43,35x100x24,166,48,3.292126286607793,2.644755350729896,3.254242968705492,2.5710843460290524,5.111993812434784,25.863049649780592,13.831277524205694,170,Harbor Ultra Trail Shoes
ELE-HOM-3057,HomeComfort Pro Laptop,Electronics,Smart Home,HomeComfort,130.89,348.1,2023-09-05,,"Bradley, Melendez and Gonzalez",7.72,58x44x48,42,89,5.855358414110991,4.881968241837793,5.8524897948173935,4.874357275803628,3.7376934275237357,348.01353023075285,183.88107766766743,47,Vertex Eco Water Bottle
BEA-TEC-3058,TechPro Classic Item,Beauty,Skincare,TechPro,25.44,66.71,2023-10-19,,Roberts-Henry,30.83,7x12x49,372,77,4.215233879497554,3.2748780149834857,4.200354866721424,3.2363227384719213,5.918896542441576,66.85795399780793,28.568660389112697,372,Canyon Water Bottle 2024
BEA-HOM-3059,HomeComfort Ultra Product,Beauty,Makeup,HomeComfort,23.91,40.29,2023-07-03,2025-05-28,Davenport-Torres,46.26,24x92x10,324,73,3.720620339897999,3.215269329274089,3.696103299203256,3.1742967814702334,5.780746602207319,40.33452323201877,16.18302681051959,324,Solstice Action Camera 2022
HOM-HOM-3060,HomeComfort Classic Tool,Home & Garden,Garden Tools,HomeComfort,43.2,89.52,2022-05-30,2023-06-12,"Singh, Walker and Moody",31.61,68x78x50,44,10,4.505570820765336,3.7887247890836524,4.494462064003669,3.765840495250065,3.784212360932728,89.09102764376425,45.608994811146815,49,Lumen Action Camera 2023
ELE-KIT-3061,KitchenMaster Smart Laptop,Electronics,Tablets,KitchenMaster,47.59,127.91,2023-10-11,,Baker Ltd,6.56,21x75x45,233,16,4.859114486455013,3.883417748417812,4.8513268916113015,3.862622655133019,5.451042745401984,127.92225259579492,87.64100844671155,236,Granite Eco Portable Speaker 2022
BEA-HOM-3062,HomeComfort Elite Item Kit 776,Beauty,Makeup,HomeComfort,28.54,62.65,2022-10-01,,"Kennedy, Valdez and Stafford",30.82,99x21x21,412,34,4.153399325003416,3.3857452771032337,4.137563681342077,3.3513066120486905,6.021025776531046,62.95027554488818,28.207957981628045,408,Canyon Eco Smart Thermostat
BOO-STY-3063,StyleMax Elite Tool,Books,Children Books,StyleMax,18.3,35.56,2022-07-10,,White-Knox,40.59,47x91x37,452,92,3.5989547465859495,2.9601050959108397,3.571221410645704,2.9069010598473755,6.113684392219164,35.52005508004502,27.716712225804798,450,Vertex Blender
ELE-HOM-3064,HomeComfort Classic Phone,Electronics,Gaming,HomeComfort,71.19,132.52,2023-07-20,2024-07-20,"Sanchez, Wilson and Ramirez",13.18,58x50x24,453,71,4.89425127935358,4.279301532151069,4.886733577431695,4.265352359115782,6.115894332986116,132.08091744600318,93.45618553605522,452,Solstice Classic Yoga Mat
HOM-SMA-3065,SmartLife Advanced Chair,Home & Garden,Garden Tools,SmartLife,11.89,18.25,2022-03-27,,George LLC,48.61,79x69x26,223,60,2.9575110607337933,2.556451816951096,2.9041650800285006,2.4756977107026903,5.407176255754997,18.53055263539635,8.172820799631365,218,Pulse Pro Blender
BEA-SPO-3066,SportElite Premium Item,Beauty,Hair Care,SportElite,2.24,4.46,2022-12-29,,"Castillo, Graham and Scott",6.81,70x76x36,271,75,1.6974487897568138,1.1755733298042381,1.4951487660319727,0.8064758658669485,5.602122510909793,4.167336506493255,2.906814704883837,273,Nimbus Wireless Earbuds
BOO-SMA-3067,SmartLife Advanced Equipment,Books,Children Books,SmartLife,17.8,51.03,2023-09-21,,"Alvarez, Benson and Wilson",11.96,31x54x47,490,16,3.9518204753022124,2.9338568698359033,3.93241369507588,2.8791984572980396,6.194407431918917,50.79344841819028,36.1517074484257,492,Harbor Wireless Earbuds
SPO-HOM-3068,HomeComfort Premium Item,Sports,Outdoor Gear,HomeComfort,72.27,195.07,2022-07-18,,"Quinn, Smith and Green",0.56,40x66x42,141,95,5.2784717383273305,4.294151248171873,5.273358468506841,4.28040910529489,4.9487669825516,194.74141222636365,145.03364392096603,141,Aurora Edge Wireless Earbuds
AUT-STY-3069,StyleMax Premium Product,Automotive,Accessories,StyleMax,46.23,83.72,2022-05-05,,"Brown, Flores and Johns",36.54,71x80x25,373,41,4.439351701293151,3.8550292839080256,4.427477897577799,3.833628938000134,5.921581100605369,83.55361076357407,38.13013285052308,372,Terra Flex Smart Thermostat 2024
BOO-KIT-3070,KitchenMaster Ultra Gear Kit 871,Books,Non-Fiction,KitchenMaster,47.89,80.6,2023-04-16,,Howard Inc,36.58,51x34x24,225,26,4.401829261970061,3.889572876590554,4.389498649512583,3.868906714354518,5.416104846638988,80.85161647557486,48.50908574543535,227,Aurora Coffee Grinder
BOO-KIT-3071,KitchenMaster Advanced Item,Books,Non-Fiction,KitchenMaster,61.1,129.12,2022-08-09,,Ward-Fields,41.02,47x98x19,64,94,4.86845710160515,4.128745988939433,4.860742204521639,4.11251186617755,4.1588987082376025,129.13899814231385,68.44918567566279,61,Lumen Eco Wireless Earbuds
BEA-FAS-3072,FashionForward Premium Tool System 877,Beauty,Fragrances,FashionForward,21.75,49.5,2023-10-04,,Williams-Carter,38.53,47x53x49,338,29,3.9219733362813143,3.1245651453969594,3.901972669574645,3.079613757534693,5.8230488540585235,49.2107836486677,34.662769277179926,335,Vertex Select Trail Shoes 2023
BOO-AUT-3073,AutoCare Elite Product,Books,Non-Fiction,AutoCare,23.99,41.91,2023-07-04,,"Mayer, Palmer and Miranda",38.03,19x72x18,78,41,3.7591048990034333,3.218475744846861,3.73552446193698,3.177637076851603,4.356721647120231,42.280273476588995,21.00415625860604,74,Aurora Portable Speaker
HOM-TEC-3074,TechPro Classic Tool,Home & Garden,Kitchen,TechPro,11.52,24.66,2024-01-15,,Duran PLC,47.11,59x67x31,327,73,3.2449333591874905,2.5273273656719524,3.2051824977361982,2.444084655267745,5.789963228996553,25.0319902178525,12.415811627480037,326,Aurora Prime Yoga Mat 2022
BOO-KIT-3075,KitchenMaster Classic Gear,Books,Fiction,KitchenMaster,15.11,35.17,2023-05-07,,Stephens LLC,36.73,78x46x41,243,52,3.5882300459640066,2.779440197188883,3.5601934464858913,2.715356776284648,5.493065558558419,35.53316685654509,23.983494373998845,240,Solstice Wireless Earbuds
CLO-SPO-3076,SportElite Advanced Hat Edition 430,Clothing,Mens Apparel,SportElite,19.94,75.65,2023-12-02,,"Marsh, Nelson and Wolfe",16.55,85x25x37,358,89,4.339249605317823,3.041661205442391,4.326117440234365,2.9927277645336923,5.880535779692888,75.39402028715391,47.9300103238195,355,Vertex Water Bottle
SPO-OUT-3077,OutdoorAdventure Modern Gear Kit 165,Sports,Team Sports,OutdoorAdventure,59.35,151.86,2022-10-26,,Davis-Carpenter,19.35,25x59x33,165,25,5.029522469814738,4.10016094754354,5.022959043785088,4.083452121055677,5.105951534488276,151.81221455729738,108.71635349071276,165,Lumen Pro Coffee Grinder
AUT-KIT-3078,KitchenMaster Modern Equipment Collection 374,Automotive,Car Parts,KitchenMaster,17.72,42.87,2022-12-31,,Smith PLC,3.69,50x87x32,159,24,3.7812307151781224,2.929592471049446,3.7581722806098856,2.8746939451769347,5.06891049150863,43.34528986301805,17.744503640471713,161,Pulse Portable Speaker
BOO-FAS-3079,FashionForward Classic Product,Books,Children Books,FashionForward,13.39,20.25,2022-02-21,,Watson-Washington,10.41,99x69x16,31,24,3.056356895370426,2.6665335208992764,3.0081547935525483,2.5945081597030812,3.434019462029382,20.51657222678379,11.115037020620372,27,Granite Edge Wireless Earbuds
SPO-TEC-3080,TechPro Pro Accessory,Sports,Outdoor Gear,TechPro,20.1,44.47,2023-10-17,,Mccall-Martin,46.11,23x21x38,143,79,3.8170527678369193,3.0492730404820207,3.794814804522605,3.0007198150650303,4.962851623242449,44.006624072801046,18.754850762967113,141,Vertex Portable Speaker
AUT-BEA-3081,BeautyGlow Elite Equipment,Automotive,Tools,BeautyGlow,34.5,80.39,2023-08-05,,Moore and Sons,38.34,60x88x49,25,20,4.39925241533895,3.56953269648137,4.386889790339869,3.5409593240373143,3.218915824068222,79.96390049943528,54.26716383005739,30,Aurora Desk Lamp
AUT-BEA-3082,BeautyGlow Premium Product Model 666,Automotive,Car Parts,BeautyGlow,5.48,8.26,2022-12-08,,Pope PLC,21.99,35x52x38,204,61,2.225704048658088,1.8687205103641835,2.1114245875328868,1.7011051009599243,5.3181248957929865,8.224652749276085,4.007409700535326,205,Nimbus Flex Smart Thermostat 2024
BEA-STY-3083,StyleMax Advanced Gear Edition 116,Beauty,Fragrances,StyleMax,2.54,5.13,2023-08-23,,"Norris, Cisneros and Mathis",19.71,83x60x36,438,44,1.81319474994812,1.264126727145683,1.6351056591826783,0.9321640810304452,6.082221193478863,5.531035801744329,2.730432010034716,433,Vertex Flex Trail Shoes
BEA-HOM-3084,HomeComfort Modern Product Model 867,Beauty,Fragrances,HomeComfort,12.24,22.14,2023-12-15,,"Arnold, Avila and Wilson",15.02,78x13x11,306,98,3.1415627217655304,2.5832425505088623,3.0973859272804907,2.50470927708418,5.723588369920897,22.17792776199366,11.606546576286611,301,Nimbus Desk Lamp
CLO-AUT-3085,AutoCare Classic Jacket,Clothing,Accessories,AutoCare,4.59,17.67,2022-06-07,,Moon-Wilson,18.29,10x26x10,450,55,2.9269179575536315,1.7209792871670078,2.871868286331605,1.5238800240724537,6.109249804984119,17.667856257873606,7.309976761493207,454,Canyon Yoga Mat
HOM-OUT-3086,OutdoorAdventure Smart Chair,Home & Garden,Kitchen,OutdoorAdventure,12.71,27.73,2022-11-24,,Mclean Group,4.56,25x54x16,213,43,3.3579418729911983,2.6181254935742233,3.322514859627687,2.542389085201363,5.361296860534085,27.343364225957497,17.570240621476355,214,Vertex Trail Shoes
CLO-AUT-3087,AutoCare Classic Jacket,Clothing,Accessories,AutoCare,10.82,27.43,2024-02-06,,Collins-Cox,22.35,83x7x35,425,53,3.3474449256629084,2.469793011977952,3.311637304949512,2.3813962734183356,6.052091521862825,27.58364450262981,20.62465152840981,426,Pulse Edge Yoga Mat
ELE-KIT-3088,KitchenMaster Pro Monitor,Electronics,Gaming,KitchenMaster,34.7,84.62,2023-01-19,,Preston-Harper,7.74,91x93x22,153,22,4.4499189007168,3.5751506887855933,4.438170645291922,3.5467396869528134,5.030444457318788,84.93566109738822,45.12771446796387,148,Vertex Edge Smart Thermostat
AUT-KIT-3089,KitchenMaster Elite Gear Series 539,Automotive,Car Care,KitchenMaster,74.23,213.53,2023-09-27,,Jackson-Torres,26.05,91x36x38,399,92,5.3684495887284145,4.32055008757213,5.363777338019823,4.307168381129456,5.988963923152387,213.4128116073574,108.47262726482936,394,Pulse Trail Shoes
HOM-FAS-3090,FashionForward Ultra Vase,Home & Garden,Home Decor,FashionForward,26.95,54.6,2024-03-09,,"Olsen, Walker and Vincent",44.9,66x7x28,166,48,4.018183201256536,3.3304171996011083,4.000033882750859,3.2939832973550063,5.111993812434784,54.870099613906824,31.27462731123924,164,Harbor Blender
BEA-SPO-3091,SportElite Ultra Product,Beauty,Hair Care,SportElite,26.32,56.54,2023-04-28,,Watts LLC,5.18,57x77x16,486,28,4.052480358123402,3.307619034702589,4.034948352265444,3.2703291064571163,6.186210681511546,56.99518712082279,40.88109988902933,485,Solstice Classic Water Bottle 2023
BEA-KIT-3092,KitchenMaster Ultra Tool,Beauty,Skincare,KitchenMaster,35.16,55.58,2023-02-19,,Clark Inc,34.73,43x19x27,107,56,4.035655565873421,3.5879535355239756,4.017823424314358,3.559909072816976,4.672838180212627,55.28969112994513,33.07526762253039,106,Terra Action Camera 2025
BOO-FAS-3093,FashionForward Pro Item,Books,Children Books,FashionForward,7.21,12.0,2022-12-08,,Vazquez-Bowers,23.17,34x41x44,492,43,2.5649493574615367,2.105352923464337,2.4849066497880004,1.9754689512968577,6.198480749010567,12.022863038570847,8.116924652929415,490,Nimbus Select Coffee Grinder
CLO-BEA-3094,BeautyGlow Modern Pants Model 579,Clothing,Mens Apparel,BeautyGlow,27.97,109.77,2022-12-11,,Smith Group,5.28,48x39x46,494,91,4.7074559795288415,3.366260811781259,4.698387267699225,3.3311325072138684,6.202537541477372,109.56139519892288,68.91558446842545,496,Canyon Classic Trail Shoes
SPO-STY-3095,StyleMax Classic Tool,Sports,Team Sports,StyleMax,18.76,46.4,2023-04-24,,Williams-Rodriguez,33.29,24x35x14,274,56,3.858622228701031,2.983659692319722,3.8372994592322094,2.9317269435780786,5.613131756016447,46.68699733065316,25.30027069326347,275,Granite Flex Action Camera 2024
HOM-OUT-3096,OutdoorAdventure Premium Pot,Home & Garden,Bedding,OutdoorAdventure,36.72,98.37,2022-12-19,,"Palmer, Brown and Wilson",29.93,67x51x37,50,93,4.598850257243272,3.6301904577652566,4.588735879524666,3.6033215657522897,3.9120430052281487,98.44604149856355,49.41145660513754,53,Terra Prime Smart Thermostat 2025
SPO-TEC-3097,TechPro Elite Tool,Sports,Athletic Wear,TechPro,7.65,14.5,2023-10-18,2024-10-30,Williams-Turner,20.59,35x32x46,402,91,2.740840023925201,2.157559320943788,2.6741486494265287,2.0347056478384444,5.996454576178116,14.631890769199298,10.34635809088763,403,Aurora Prime Water Bottle 2023
HOM-TEC-3098,TechPro Ultra Chair,Home & Garden,Garden Tools,TechPro,4.96,9.31,2023-08-31,,Webster Inc,22.28,96x17x21,373,73,2.3331142980288684,1.7850704810772584,2.231089091288976,1.601405740736836,5.921581100605369,9.601955876423578,6.124798209727855,377,Pulse Edge Portable Speaker
BEA-SPO-3099,SportElite Ultra Item,Beauty,Fragrances,SportElite,41.93,107.79,2023-08-09,,"Harris, Santana and Lopez",2.18,96x32x36,480,46,4.689419418432991,3.7595708822364693,4.680184889793537,3.7360015611826713,6.1737881872331,107.68805106320922,74.5562468500873,475,Aurora Coffee Grinder
HOM-TEC-3100,TechPro Pro Vase System 944,Home & Garden,Garden Tools,TechPro,28.18,58.69,2022-01-20,2023-07-10,Johnson-Thomas,30.83,8x89x7,388,23,4.089164502180559,3.3734835430946397,4.072269354570243,3.3386125064705343,5.96100791693954,59.0967882670389,42.58203444261708,389,Solstice Ultra Blender
SPO-SMA-3101,SmartLife Modern Tool,Sports,Fitness Equipment,SmartLife,8.92,16.99,2022-02-04,,"Mcmahon, Rush and Bailey",21.68,81x27x38,160,50,2.8898160479624417,2.2945529212967815,2.8326249356838407,2.188295946591918,5.075180065214296,17.022368289901216,8.283852322972562,155,Granite Pro Yoga Mat 2022
BEA-SMA-3102,SmartLife Elite Item,Beauty,Skincare,SmartLife,9.18,18.8,2024-03-10,,Wyatt Ltd,27.53,79x59x33,205,96,2.9856819377004897,2.3204250111223765,2.9338568698359038,2.217027204632399,5.323014857175291,18.464795726378643,8.056170474527537,206,Harbor Prime Action Camera
CLO-SPO-3103,SportElite Classic Jacket,Clothing,Kids Clothing,SportElite,29.97,82.01,2023-11-21,,"Allen, Hudson and Garcia",35.19,81x57x7,250,17,4.418961082466945,3.4330189939851112,4.40684119104832,3.4001968813285717,5.521464917854247,82.20198113580543,53.588057251239704,254,Lumen Wireless Earbuds 2022
SPO-HOM-3104,HomeComfort Smart Gear,Sports,Outdoor Gear,HomeComfort,6.89,20.32,2022-08-25,,"Hines, Rice and Baldwin",41.03,29x83x5,38,44,3.0596455992976437,2.065596134857783,3.011605622710281,1.9300710850255671,3.6376124751696053,20.60739612342949,10.293155941241896,40,Nimbus Max Action Camera 2024
CLO-KIT-3105,KitchenMaster Modern Dress Kit 417,Clothing,Mens Apparel,KitchenMaster,45.34,179.14,2022-08-21,,Jackson-Webster,42.57,33x45x35,364,82,5.193734326355597,3.8360055190042304,5.1881676230470495,3.814189645079383,5.897156614885714,178.96042644352616,78.95767735382526,369,Granite Pro Smart Thermostat
SPO-STY-3106,StyleMax Ultra Tool,Sports,Athletic Wear,StyleMax,8.93,16.02,2024-02-26,,Beltran Inc,44.58,6x90x8,468,68,2.834389123145228,2.295560478057081,2.7738379416402132,2.189416394888408,6.148470432667501,16.370035671858776,7.555595133805727,471,Granite Coffee Grinder
BEA-AUT-3107,AutoCare Classic Gear,Beauty,Makeup,AutoCare,35.68,61.73,2022-01-26,,Knapp Ltd,48.72,48x28x47,212,40,4.138839802108651,3.602231647388264,4.122770036405805,3.5745903077118086,5.35659099164202,62.128020389670446,45.159282739468445,209,Aurora Water Bottle
BEA-KIT-3108,KitchenMaster Ultra Accessory,Beauty,Fragrances,KitchenMaster,14.94,23.95,2023-06-03,,Richardson-Lawrence,26.2,59x79x11,45,26,3.2168738221975275,2.768831673362069,3.175968323856924,2.7040421797046714,3.806684711745632,23.731366397630254,9.907447908795085,43,Nimbus Portable Speaker
BEA-SPO-3109,SportElite Elite Item Kit 270,Beauty,Makeup,SportElite,34.57,68.56,2022-06-12,,Nunez-Rodriguez,4.22,18x79x36,404,92,4.242189689486082,3.571502585960364,4.227709274289524,3.5429862539335333,6.001417353205611,69.03385104326092,44.825710722563436,402,Pulse Prime Blender
BOO-AUT-3110,AutoCare Ultra Equipment,Books,Non-Fiction,AutoCare,12.31,32.47,2023-04-08,,Zavala-Coleman,31.5,39x53x28,358,37,3.510649515223235,2.58851563240702,3.4803165861147547,2.510411940196362,5.880535779692888,32.11789729748778,21.336039152104973,361,Canyon Eco Coffee Grinder 2022
CLO-AUT-3111,AutoCare Ultra Dress,Clothing,Kids Clothing,AutoCare,10.69,23.73,2022-04-10,,"Perez, Rodriguez and Rollins",34.41,90x94x26,43,37,3.208017081533325,2.458733775483977,3.166740070447672,2.3693087250369538,3.7612233712371035,23.43797535503444,18.16507471998007,44,Canyon Desk Lamp
SPO-SPO-3112,SportElite Premium Accessory,Sports,Athletic Wear,SportElite,20.84,33.07,2023-07-20,,Owens PLC,32.21,17x93x42,110,66,3.5284172316728752,3.083743150876704,3.4986265269937014,3.0368742168851663,4.700489456660185,32.76054034245327,19.837507630466238,107,Terra Lite Trail Shoes
AUT-OUT-3113,OutdoorAdventure Ultra Item,Automotive,Accessories,OutdoorAdventure,8.15,23.2,2023-05-24,,Simpson LLC,13.08,90x22x15,14,19,3.186352633162641,2.21375387928743,3.1441522786722644,2.0980179272527715,2.639128755635788,23.58610991580771,17.840405084315545,18,Lumen Desk Lamp 2023
HOM-SPO-3114,SportElite Smart Table,Home & Garden,Home Decor,SportElite,39.12,115.89,2022-04-10,2024-01-03,"Roberts, Bowen and Miller",8.53,31x54x5,100,10,4.761233321619679,3.691874963093735,4.7526414653463,3.6666338451666167,4.605180185938091,116.04120670127847,81.2966210675275,99,Solstice Portable Speaker
BOO-SMA-3115,SmartLife Ultra Equipment,Books,Children Books,SmartLife,12.66,19.86,2023-08-10,2025-04-12,Wilson-Campbell,33.1,66x60x11,497,79,3.0378334495726262,2.614471854142644,2.9887076586170265,2.5384474167160302,6.208592038167039,19.519062197557826,13.140680659113215,498,Pulse Max Blender
CLO-SMA-3116,SmartLife Elite Hat,Clothing,Shoes,SmartLife,10.15,20.35,2023-03-08,,"Fitzgerald, Mcdaniel and Randall",34.48,13x86x31,94,22,3.0610517396746335,2.4114394979061275,3.013080911888604,2.3174737054877963,4.54330542051129,20.291516950000982,9.668288338905391,96,Nimbus Smart Thermostat
SPO-TEC-3117,TechPro Ultra Tool,Sports,Outdoor Gear,TechPro,8.21,18.67,2023-07-29,2024-11-26,Spencer LLC,5.24,54x78x19,22,38,2.979094632400968,2.2202898502672155,2.9269179575536315,2.105352923464337,3.0910879068707438,18.782992064568408,8.448675102452397,17,Granite Select Coffee Grinder
AUT-SMA-3118,SmartLife Ultra Accessory,Automotive,Tools,SmartLife,2.0,4.2,2023-09-22,,Lopez-Jones,15.0,80x83x10,205,14,1.6486586255873816,1.0986122886681096,1.4350845252893227,0.6931471805599453,5.323014857175291,3.791794803289596,2.57467975834346,201,Pulse Trail Shoes
HOM-KIT-3119,KitchenMaster Premium Vase,Home & Garden,Kitchen,KitchenMaster,16.91,31.72,2023-08-06,2025-09-02,Crosby-Richardson,35.99,67x87x5,117,48,3.487986511734546,2.8853592160726205,3.456947396766647,2.827905162910489,4.762182481769778,32.09476804103919,14.651927625383056,118,Pulse Desk Lamp 2025
CLO-STY-3120,StyleMax Modern Hat System 170,Clothing,Kids Clothing,StyleMax,83.94,291.67,2023-01-18,,Lutz Group,5.08,55x74x14,296,60,5.679045694423787,4.441945124885125,5.675623026195628,4.430102257905445,5.690362832696732,291.9675314647327,133.46058490016344,301,Granite Yoga Mat
SPO-FAS-3121,FashionForward Ultra Product Model 352,Sports,Fitness Equipment,FashionForward,40.7,65.13,2022-09-12,,"Garcia, Kim and Barrett",19.96,22x48x15,205,10,4.191622501686571,3.7305011288047556,4.17638527255831,3.7062280924485496,5.323014857175291,65.1351026381051,32.18583485622674,201,Granite Yoga Mat
CLO-STY-3122,StyleMax Classic Shoes,Clothing,Womens Apparel,StyleMax,12.0,42.15,2023-07-18,,Wilson Group,22.83,40x70x5,72,87,3.764682417529437,2.5649493574615367,3.7412346844478646,2.4849066497880004,4.276680007808494,42.607784082953984,31.586085768769916,73,Nimbus Trail Shoes 2022
CLO-AUT-3123,AutoCare Smart Shoes,Clothing,Womens Apparel,AutoCare,9.87,23.54,2023-09-29,,Neal-Madden,0.31,51x62x20,453,51,3.2003044392827653,2.386006701133118,3.1587011018321305,2.28949985344539,6.115894332986116,23.459405759689595,12.289699099500366,456,Terra Edge Action Camera
AUT-FAS-3124,FashionForward Ultra Gear,Automotive,Car Parts,FashionForward,20.5,42.35,2022-08-11,,"Schaefer, Levine and Brown",35.33,20x8x15,376,20,3.769306703226551,3.068052935133617,3.7459684210980635,3.0204248861443626,5.929591802960826,42.82442811265577,18.071496442780482,381,Nimbus Smart Thermostat
HOM-STY-3125,StyleMax Elite Tool Series 685,Home & Garden,Furniture,StyleMax,32.86,65.59,2023-06-10,,Morgan PLC,29.19,66x77x42,6,38,4.198554416122531,3.522234376704989,4.183423245305645,3.492256112609122,1.7919261220073759,65.75456159882756,34.651589297146735,2,Harbor Prime Action Camera
HOM-FAS-3126,FashionForward Pro Vase,Home & Garden,Home Decor,FashionForward,6.94,11.26,2023-05-13,,Martinez-Massey,9.69,49x57x37,231,17,2.506341930508065,2.0719132752590443,2.421256622711544,1.937301774518713,5.442422039516752,11.391977847788862,7.602473558635094,232,Nimbus Wireless Earbuds
BOO-STY-3127,StyleMax Elite Gear,Books,Educational,StyleMax,54.76,139.52,2022-01-05,,"Porter, Hubbard and Miranda",48.16,37x74x19,389,91,4.945349827397626,4.0210567664522685,4.938207960160669,4.002960000420248,5.96358191430923,139.19263579738987,83.4833267903696,387,Pulse Eco Smart Thermostat 2024
BEA-SPO-3128,SportElite Smart Equipment,Beauty,Hair Care,SportElite,38.24,72.21,2024-02-14,,"Nelson, Clarke and Schneider",38.22,56x63x34,443,95,4.293332023658551,3.6696966346971625,4.27957854046309,3.643882088183201,6.093572027378931,72.58428920313854,39.319634045590014,448,Solstice Max Water Bottle
SPO-TEC-3129,TechPro Classic Gear Model 771,Sports,Fitness Equipment,TechPro,38.34,105.97,2023-08-25,,Kelly-Estrada,22.81,86x90x19,431,20,4.672548421318039,3.672241812960913,4.663156035186745,3.6464937376174986,6.0661104102866705,105.8989398941622,63.09160590505871,427,Granite Eco Wireless Earbuds 2022
BEA-SPO-3130,SportElite Premium Product Model 694,Beauty,Fragrances,SportElite,29.8,80.08,2024-02-06,,Archer-Dixon,36.29,47x68x21,444,53,4.3954363215838,3.427514689979529,4.383026135006965,3.3945083935113587,6.09582681468194,79.74898873766683,59.97274067047222,445,Vertex Coffee Grinder
ELE-BEA-3131,BeautyGlow Ultra Monitor,Electronics,Smartphones,BeautyGlow,55.68,145.95,2023-12-19,,Tate Inc,22.0,32x19x39,47,54,4.990092392864926,4.03742141482248,4.983264097300124,4.019621016026164,3.85016887807946,145.47235536957623,98.21920765498658,46,Terra Edge Coffee Grinder
SPO-AUT-3132,AutoCare Ultra Product,Sports,Fitness Equipment,AutoCare,36.8,80.32,2024-03-09,,King Group,44.56,51x79x50,455,48,4.398391988760146,3.632309102625542,4.386018655943419,3.6054978451748854,6.120299616750733,80.37856056996561,38.50467327879044,450,Solstice Water Bottle 2025
AUT-SMA-3133,SmartLife Pro Item Edition 689,Automotive,Accessories,SmartLife,34.21,75.58,2022-11-11,,Fuller and Sons,18.17,91x100x27,214,53,4.338335946049148,3.5613301331669613,4.325191697921343,3.5325179989895132,5.36598068790813,75.60685162968022,34.43383874283506,213,Aurora Eco Portable Speaker
SPO-OUT-3134,OutdoorAdventure Modern Product Kit 690,Sports,Outdoor Gear,OutdoorAdventure,14.6,26.51,2023-06-04,,Garcia Inc,47.17,92x8x18,296,11,3.3145495749364833,2.747270914255491,3.277522020300934,2.681021528714291,5.690362832696732,26.724966549921778,19.91223772728671,293,Vertex Action Camera
BOO-SMA-3135,SmartLife Advanced Accessory,Books,Educational,SmartLife,11.99,33.13,2023-01-24,,Jimenez Inc,36.47,28x88x50,441,62,3.530176762918616,2.5641798306825083,3.5004392163118045,2.4840729690394228,6.089047143017972,33.51245289195745,14.043235843691322,442,Granite Pro Wireless Earbuds
ELE-OUT-3136,OutdoorAdventure Elite Speaker,Electronics,Laptops,OutdoorAdventure,60.45,149.13,2023-10-02,,Reyes Ltd,22.2,61x63x33,305,57,5.011501585424213,4.118223836012044,5.004818408774691,4.101816577060802,5.720315055290561,148.71781845295016,99.4135418085868,305,Terra Action Camera
SPO-SPO-3137,SportElite Classic Product,Sports,Fitness Equipment,SportElite,80.97,181.83,2023-08-27,,Hernandez-Howell,37.3,61x13x47,402,20,5.208556759340413,4.406353326664939,5.203072184631304,4.394078715698023,5.996454576178116,182.05686656053356,97.41398766710415,404,Harbor Flex Water Bottle 2022
ELE-SPO-3138,SportElite Advanced Phone System 529,Electronics,Headphones,SportElite,15.81,32.28,2023-11-08,,Wolf Ltd,20.4,88x26x23,103,30,3.5049566159530077,2.821973947420524,3.474447843401748,2.7606426512213806,4.634738696920371,31.973663705215632,15.963489211395077,102,Aurora Edge Action Camera 2022
CLO-SPO-3139,SportElite Premium Pants System 335,Clothing,Womens Apparel,SportElite,3.77,9.43,2023-01-24,2024-09-05,"Saunders, Sparks and Harris",40.74,8x53x41,498,43,2.344686269012681,1.5623463049002497,2.2438960966453663,1.3270750014599193,6.210602085054766,9.78101351209402,4.648147972840416,494,Terra Pro Action Camera
BEA-TEC-3140,TechPro Classic Tool,Beauty,Makeup,TechPro,23.3,39.5,2022-12-16,,"Jimenez, Wagner and Daniels",44.01,46x22x43,156,21,3.7013019741124933,3.190476350346503,3.676300671907076,3.1484533605716547,5.049862417485402,39.812682243584426,16.78901284419332,159,Pulse Lite Desk Lamp 2023
CLO-AUT-3141,AutoCare Smart Jacket,Clothing,Accessories,AutoCare,12.69,26.61,2023-01-27,,"Payne, Cisneros and Johnson",13.32,72x76x26,147,78,3.3181780259420632,2.6166656393003573,3.281287084989598,2.540814281726296,4.990439389476687,26.64997787988583,17.984262690647867,152,Granite Yoga Mat 2023
SPO-SPO-3142,SportElite Pro Item,Sports,Team Sports,SportElite,23.48,57.46,2024-02-23,,Beard-Wilson,39.19,37x26x28,179,49,4.0683427596831,3.1978564576441255,4.051089053551143,3.1561489949598958,5.187391392417329,57.666037942650846,26.330164041248437,181,Aurora Portable Speaker 2022
CLO-TEC-3143,TechPro Advanced Pants,Clothing,Accessories,TechPro,14.81,41.76,2022-11-06,,Edwards-Bennett,18.32,8x66x40,440,64,3.7556030861568446,2.7606426512213806,3.731938943574383,2.6953026282797072,6.086776999636997,41.57806311092007,31.072335935955152,440,Nimbus Pro Desk Lamp 2025
BOO-OUT-3144,OutdoorAdventure Classic Item,Books,Children Books,OutdoorAdventure,16.43,25.68,2024-01-10,,Johnson-Thompson,6.59,20x36x9,469,71,3.283914221047423,2.8581928595319295,3.2457124788217606,2.799108932049177,6.150604900640168,25.65174454095416,13.287183944481269,473,Pulse Prime Wireless Earbuds
ELE-KIT-3145,KitchenMaster Advanced Monitor,Electronics,Smartphones,KitchenMaster,242.22,576.64,2022-08-02,,"Dalton, Turner and Mccarthy",38.81,89x21x39,415,70,6.358950837258364,5.493966383552854,6.357218154979918,5.489846404092904,6.028280929866349,576.9552041597562,290.3289983623114,416,Granite Classic Trail Shoes 2025
BOO-HOM-3146,HomeComfort Modern Product,Books,Children Books,HomeComfort,4.75,12.12,2022-09-15,,Jordan-Edwards,40.3,77x51x31,88,83,2.574137783515943,1.749199854809259,2.4948569806411682,1.55814461804655,4.477348178050004,12.08007989322975,6.389283554899572,91,Granite Coffee Grinder
AUT-FAS-3147,FashionForward Classic Gear,Automotive,Car Parts,FashionForward,9.53,20.4,2022-08-29,,Freeman-Rodriguez,9.22,76x69x5,241,10,3.0633909220278057,2.354228326145884,3.0155349008501706,2.254444717666111,5.48480108285964,20.260642300018933,14.16369039367195,242,Vertex Pro Desk Lamp
ELE-STY-3148,StyleMax Premium Laptop,Electronics,Tablets,StyleMax,49.24,110.16,2023-12-03,2024-06-21,"Henry, Spencer and Ryan",7.44,25x98x50,335,10,4.710970604874303,3.9168115221599433,4.7019338544204,3.896706301316253,5.814133516895238,110.1543281983053,49.65567001960664,332,Terra Flex Blender
ELE-FAS-3149,FashionForward Advanced Tablet,Electronics,Gaming,FashionForward,10.56,23.02,2023-02-12,,Alvarez-Dickerson,24.96,22x89x49,34,17,3.1788868166518376,2.4475508632442313,3.1363634032937364,2.3570732782781154,3.52638993594835,23.341684267388473,17.09677103876352,34,Canyon Portable Speaker 2024
AUT-SMA-3150,SmartLife Classic Product,Automotive,Car Care,SmartLife,17.15,33.94,2024-01-28,2024-11-03,"Brown, Baker and Garza",17.84,56x92x48,292,67,3.5536323047059106,2.8986705607108596,3.52459425980608,2.8419981736119486,5.6767572269199515,33.77850388642345,26.298121903605203,297,Nimbus Wireless Earbuds
HOM-HOM-3151,HomeComfort Premium Table,Home & Garden,Bedding,HomeComfort,89.6,187.92,2023-05-08,,Jensen-Gomez,38.37,42x99x39,477,34,5.241323645027916,4.506454213048934,5.236016340350657,4.4953553199808844,6.167518587322203,187.60028636127302,96.24157401182529,482,Lumen Water Bottle 2024
CLO-KIT-3152,KitchenMaster Advanced Shoes,Clothing,Mens Apparel,KitchenMaster,12.39,28.29,2022-09-01,,Flores-Johnson,10.89,73x95x46,5,64,3.377246160839642,2.5945081597030812,3.342508385313476,2.516889695641051,1.6096378924367667,28.497773739924163,17.378219251326907,6,Nimbus Pro Wireless Earbuds 2023
ELE-BEA-3153,BeautyGlow Advanced Speaker,Electronics,Smartphones,BeautyGlow,68.77,138.56,2022-05-18,,Anderson LLC,3.87,99x89x39,175,74,4.9384946163185734,4.245204117951145,4.931303444814125,4.230767603331745,5.164791688192902,138.87945864845392,63.934657578229114,171,Harbor Classic Yoga Mat
BEA-KIT-3154,KitchenMaster Modern Item Series 839,Beauty,Skincare,KitchenMaster,6.46,10.73,2023-03-19,,Pacheco-Silva,49.06,66x90x13,14,89,2.462149662665384,2.0095554142156695,2.373043556642607,1.8656293177945105,2.639128755635788,10.338624728953063,6.685380117740522,11,Lumen Prime Yoga Mat
CLO-STY-3155,StyleMax Elite Shirt System 258,Clothing,Kids Clothing,StyleMax,7.44,23.06,2024-01-09,,"Peterson, Davis and Reed",11.99,95x24x41,230,10,3.180550710546533,2.1329823086078656,3.138099514840913,2.0068708488450007,5.43808365673983,22.805076630500825,16.709018861924296,228,Granite Lite Wireless Earbuds
AUT-KIT-3156,KitchenMaster Smart Equipment,Automotive,Car Care,KitchenMaster,14.33,32.36,2023-08-31,,Jenkins-Brown,17.25,85x52x25,415,25,3.507357577490546,2.7298116928837226,3.4769230921902907,2.6623552418400807,6.028280929866349,32.00913254996577,14.8977904363118,419,Harbor Edge Action Camera
ELE-SPO-3157,SportElite Modern Phone Collection 119,Electronics,Headphones,SportElite,39.74,121.82,2023-04-23,,Wright Ltd,46.82,43x94x12,405,49,4.810719868901253,3.70721041079866,4.802544545408338,3.6823582371236707,6.003889536239293,121.67098258335052,70.62223637423541,405,Solstice Prime Smart Thermostat
CLO-OUT-3158,OutdoorAdventure Modern Pants,Clothing,Kids Clothing,OutdoorAdventure,33.96,78.69,2022-05-14,,Watkins-Lozano,4.08,74x35x49,35,32,4.378144107409657,3.5542045507873348,4.365516082546892,3.5251833614431467,3.5553766325098297,78.6413439593273,56.961630613450886,30,Harbor Coffee Grinder
HOM-FAS-3159,FashionForward Modern Table,Home & Garden,Home Decor,FashionForward,33.18,81.91,2023-12-27,,Melton Inc,24.05,38x43x17,325,49,4.417755682128127,3.5316406776874447,4.40562108352751,3.5019472847622986,5.7838282592480805,82.15384981022403,42.05015231795543,328,Granite Wireless Earbuds
CLO-BEA-3160,BeautyGlow Modern Shoes,Clothing,Kids Clothing,BeautyGlow,5.01,16.06,2023-01-21,,Jackson-Ryan,5.6,56x96x24,114,76,2.836736542063533,1.7934247485471162,2.7763317085186157,1.6114359150967734,4.736207220285847,16.20812463318404,9.652822284804031,113,Nimbus Ultra Smart Thermostat
AUT-HOM-3161,HomeComfort Premium Product System 762,Automotive,Car Parts,HomeComfort,25.07,38.32,2022-10-31,2024-08-23,Murray Group,29.1,58x11x45,15,16,3.671733295278966,3.2607852279454104,3.6459719531026598,3.221671912170202,2.7081168655467533,38.438509996128865,21.459251753449102,16,Harbor Edge Portable Speaker
BOO-TEC-3162,TechPro Pro Equipment,Books,Educational,TechPro,31.45,69.96,2023-05-05,,"Robertson, Fisher and Smith",14.47,26x56x29,355,98,4.262116338001324,3.479700443150099,4.247923650150401,3.4483989831464497,5.872120606372857,69.81532744767746,42.981154597348805,358,Lumen Classic Coffee Grinder 2024
AUT-HOM-3163,HomeComfort Advanced Gear,Automotive,Tools,HomeComfort,56.04,161.65,2022-08-15,,Chapman-Odom,30.02,11x81x10,367,44,5.091600652919361,4.04375277610604,5.0854335041714425,4.0260657214688065,5.905364572846498,161.98461860202306,75.8924514112865,370,Granite Classic Desk Lamp 2024
AUT-STY-3164,StyleMax Advanced Product,Automotive,Car Parts,StyleMax,83.3,138.54,2023-12-29,2025-10-10,Hudson-Morris,9.3,28x55x24,466,18,4.9383512985110904,4.4343818650078095,4.931159092594459,4.422448549172797,6.1441877800460905,138.51186142405018,64.84777877234042,461,Pulse Desk Lamp 2024
HOM-AUT-3165,AutoCare Classic Tool,Home & Garden,Garden Tools,AutoCare,8.06,12.24,2022-01-12,,Stokes Inc,26.13,21x83x19,111,52,2.5832425505088623,2.203869120054888,2.50470927708418,2.086913556518537,4.709539210280762,12.709522839254852,6.561220898248231,106,Aurora Edge Coffee Grinder
BOO-FAS-3166,FashionForward Ultra Product System 752,Books,Educational,FashionForward,9.68,18.04,2024-02-19,,"Leonard, Rogers and Shaw",16.22,58x92x31,466,98,2.9465420293632194,2.3683728335320486,2.8925915146344776,2.2700619012884857,6.1441877800460905,18.17145929552982,13.77104870080282,463,Solstice Max Water Bottle
SPO-STY-3167,StyleMax Advanced Product,Sports,Athletic Wear,StyleMax,6.48,9.91,2022-06-22,,"Morgan, Mendez and Cox",38.48,25x99x24,238,40,2.3896797998449797,2.012232791986386,2.2935443483418965,1.8687205103641833,5.47227487534332,9.543739446733213,4.432670480627228,238,Lumen Max Wireless Earbuds
SPO-TEC-3168,TechPro Premium Accessory System 676,Sports,Team Sports,TechPro,16.27,24.79,2022-02-08,,Harris-Reid,31.84,60x43x34,208,18,3.2499868198932536,2.848970892158587,3.210440346047099,2.7893229212309465,5.337542887382069,24.962654010833923,13.270017260738552,204,Nimbus Portable Speaker
AUT-BEA-3169,BeautyGlow Elite Equipment,Automotive,Car Care,BeautyGlow,30.56,57.28,2024-01-26,,Pittman PLC,15.97,89x11x50,471,46,4.065258981327004,3.4518904959776733,4.04795152265239,3.4196919642983197,6.154860217156414,57.10860193512307,29.76445129389818,475,Granite Coffee Grinder 2022
CLO-STY-3170,StyleMax Classic Shoes,Clothing,Womens Apparel,StyleMax,26.84,61.39,2023-12-24,,Mitchell Inc,36.76,61x51x22,484,83,4.133405006122695,3.326473835466219,4.117246955439405,3.289893312103481,6.1820869728301995,61.57260065275238,40.31816153180617,489,Canyon Max Smart Thermostat
CLO-SPO-3171,SportElite Ultra Pants,Clothing,Accessories,SportElite,11.46,32.11,2022-01-20,,Davies-Morales,42.7,99x90x42,442,33,3.4998353515591547,2.522523513359307,3.4691675081014224,2.4388627112865935,6.091312144518578,31.688248325199158,14.205467091049679,437,Nimbus Flex Smart Thermostat
AUT-HOM-3172,HomeComfort Modern Tool,Automotive,Car Care,HomeComfort,15.06,30.15,2022-07-22,,Weber Inc,39.93,70x17x19,126,12,3.4388142452334622,2.7763317085186157,3.4061849231731944,2.7120422223717475,4.83628984342792,29.831383808432438,15.20957160260881,121,Solstice Ultra Portable Speaker
SPO-BEA-3173,BeautyGlow Advanced Product,Sports,Outdoor Gear,BeautyGlow,23.03,63.49,2022-08-02,2023-09-21,"Richard, Davis and Rogers",21.21,17x27x14,150,70,4.166510173022286,3.1793030497483774,4.150882413182359,3.136797713832594,5.0106419607407,63.83862251372767,48.19584989442144,149,Terra Blender 2025
HOM-KIT-3174,KitchenMaster Advanced Table,Home & Garden,Furniture,KitchenMaster,9.47,20.72,2022-02-26,,Knight PLC,17.41,46x14x30,24,26,3.0782334950657346,2.3485140248824456,3.031099417391282,2.248128907197987,3.178095496146581,20.452635965883044,13.026054495669406,22,Aurora Water Bottle 2022
CLO-AUT-3175,AutoCare Pro Shirt,Clothing,Womens Apparel,AutoCare,64.82,141.28,2023-01-01,,Simmons-Reed,42.97,11x80x22,324,99,4.957796947080254,4.186923743515194,4.9507437368556495,4.171614197713401,5.780746602207319,141.6103003027381,63.080004546340334,319,Nimbus Eco Smart Thermostat
ELE-HOM-3176,HomeComfort Elite Camera,Electronics,Tablets,HomeComfort,10.94,30.03,2022-12-16,,Pearson LLC,3.65,80x84x15,190,57,3.434954478460289,2.479894107964456,3.402196881995239,2.392425796993835,5.24702933530453,29.813690566685324,23.288109309278738,188,Harbor Coffee Grinder
AUT-HOM-3177,HomeComfort Advanced Product,Automotive,Car Parts,HomeComfort,23.72,64.49,2023-05-13,,"Brock, Reynolds and Fernandez",3.86,16x36x27,462,12,4.181897459229962,3.20761263258949,4.166510173022286,3.1663185741295248,6.135567055581561,64.63002427185752,26.84946763235287,459,Lumen Ultra Coffee Grinder
HOM-BEA-3178,BeautyGlow Ultra Chair,Home & Garden,Kitchen,BeautyGlow,124.12,348.99,2022-04-23,,Perry LLC,24.91,45x50x36,486,25,5.857904582646717,4.829273276797001,5.855043268496785,4.821248839580179,6.186210681511546,349.18026756203966,184.48414712005294,482,Canyon Smart Thermostat
SPO-SPO-3179,SportElite Elite Tool,Sports,Athletic Wear,SportElite,20.21,34.3,2022-10-12,,"Robertson, Powers and Kelley",0.97,60x20x31,68,19,3.563882963939251,3.0544727685765913,3.535145354171894,3.00617753141553,4.219522410950329,34.31240165808215,18.784310869600187,71,Nimbus Coffee Grinder 2023
BEA-SMA-3180,SmartLife Smart Gear Set 897,Beauty,Hair Care,SmartLife,16.93,25.41,2023-03-23,,Burton PLC,15.7,42x24x8,160,87,3.273742726309041,2.8864752876170416,3.2351427973320726,2.829087196145044,5.075180065214296,25.219204463162797,17.446047887021454,165,Aurora Flex Blender
BOO-OUT-3181,OutdoorAdventure Advanced Accessory,Books,Children Books,OutdoorAdventure,14.56,34.85,2023-04-17,,Ray and Sons,15.37,92x32x49,493,64,3.5793435670456293,2.7447035187502458,3.551053137206533,2.67827804276854,6.200511202438199,34.56839148884367,24.214580410136715,488,Granite Lite Wireless Earbuds
ELE-TEC-3182,TechPro Premium Phone Model 883,Electronics,Smart Home,TechPro,45.59,130.2,2024-01-21,2024-09-08,"Hayden, Harmon and Mcdonald",36.66,81x24x36,425,75,4.876722876509988,3.8413859258287055,4.869071729774468,3.8196883942253503,6.052091521862825,129.74252556747118,54.904015402758745,426,Pulse Water Bottle
BOO-OUT-3183,OutdoorAdventure Smart Item Edition 772,Books,Fiction,OutdoorAdventure,69.1,115.53,2022-09-06,,"Patel, Mendez and Hammond",5.78,70x65x50,274,55,4.758148750585172,4.249922794040544,4.749530236494927,4.235554730773624,5.613131756016447,115.33786747321591,78.5094504596263,272,Aurora Yoga Mat 2022
ELE-AUT-3184,AutoCare Classic Monitor Model 742,Electronics,Smart Home,AutoCare,5.98,11.06,2023-08-29,,Michael-Barber,49.66,76x73x15,194,71,2.4898941912990393,1.943048916774281,2.403334996094189,1.7884205679625405,5.267863313689218,11.210099534720658,5.490683001407302,193,Harbor Edge Trail Shoes
CLO-TEC-3185,TechPro Premium Jacket,Clothing,Accessories,TechPro,41.54,142.46,2022-06-10,,Boyd LLC,36.23,75x19x48,342,47,4.966056250698289,3.750444809772091,4.959061258550208,3.726656818447966,5.834813661034938,142.88953872207952,91.84243401470204,346,Granite Yoga Mat
SPO-SPO-3186,SportElite Modern Product,Sports,Outdoor Gear,SportElite,5.58,10.73,2023-04-23,,Hernandez-Hernandez,36.38,96x8x39,113,16,2.462149662665384,1.884034745337226,2.373043556642607,1.7191887763932197,4.727396668230706,11.093780392617791,8.25708268206881,112,Terra Flex Smart Thermostat
AUT-KIT-3187,KitchenMaster Modern Tool,Automotive,Accessories,KitchenMaster,15.8,37.54,2023-08-07,,"Cannon, Richard and Jenkins",32.11,49x41x43,280,36,3.6516966629862204,2.8213788864092133,3.6254070311583626,2.760009940032921,5.634793174591444,37.800743481004595,30.07857629700173,275,Terra Action Camera
SPO-STY-3188,StyleMax Ultra Equipment,Sports,Athletic Wear,StyleMax,13.65,32.03,2023-03-22,,Walters Group,25.8,58x62x28,35,81,3.4974162394026984,2.6844403354630764,3.466672963621067,2.613739521630969,3.5553766325098297,32.312678396388236,18.815577798771194,35,Lumen Prime Water Bottle
HOM-STY-3189,StyleMax Pro Vase,Home & Garden,Garden Tools,StyleMax,34.11,73.23,2022-12-26,,Colon-Lucas,39.8,56x31x24,127,21,4.307168381129456,3.558485990180341,4.2936051730729785,3.5295905964305545,4.84419496044334,73.39168520540647,30.067727411906496,130,Harbor Coffee Grinder
BOO-FAS-3190,FashionForward Smart Tool,Books,Fiction,FashionForward,4.77,7.27,2022-02-03,2024-01-25,Mcdaniel-Young,41.76,49x59x26,388,37,2.1126345090356,1.752672080520008,1.9837562915454279,1.5623463049002497,5.96100791693954,7.035081120414683,4.589303669160198,384,Nimbus Yoga Mat
CLO-FAS-3191,FashionForward Modern Pants Collection 201,Clothing,Shoes,FashionForward,17.63,48.61,2023-12-06,,Wilson and Sons,5.5,25x58x11,190,46,3.9041924263129575,2.924773184613497,3.883829271057364,2.869601996409779,5.24702933530453,49.00905113009171,32.2049779600966,191,Pulse Water Bottle 2023
BOO-HOM-3192,HomeComfort Premium Item Kit 158,Books,Children Books,HomeComfort,124.2,212.1,2023-01-19,,Sanchez LLC,14.57,46x8x47,29,53,5.361761539104571,4.829912458665998,5.357057861570636,4.821893169499378,3.367330312150578,212.26731766566772,140.59809223167775,29,Nimbus Trail Shoes 2022
HOM-TEC-3193,TechPro Premium Pot,Home & Garden,Home Decor,TechPro,5.89,16.95,2022-08-02,,Washington-Esparza,24.85,85x63x20,266,75,2.8875901149342877,1.9300710850255671,2.830267833826459,1.7732559976634952,5.583500068173128,17.00923181836083,10.065765134553688,265,Solstice Smart Thermostat 2022
SPO-BEA-3194,BeautyGlow Classic Item,Sports,Outdoor Gear,BeautyGlow,23.83,36.21,2024-03-01,,Lucas-Johnson,26.35,90x12x6,15,84,3.6165775423585313,3.2120525995200753,3.58933532377755,3.170945291110651,2.7081168655467533,35.828769679829215,22.347623498184248,13,Pulse Wireless Earbuds
ELE-SPO-3195,SportElite Advanced Laptop,Electronics,Tablets,SportElite,28.16,75.08,2022-08-20,,Nelson Inc,24.64,96x40x11,224,82,4.331785418237135,3.3727979071404572,4.3185542117183084,3.3379025312898416,5.4116505161307895,75.0281144329303,33.615157424230794,222,Lumen Coffee Grinder
BOO-AUT-3196,AutoCare Ultra Equipment,Books,Children Books,AutoCare,29.47,50.95,2023-09-27,,Clarke-Ramirez,9.81,17x71x43,408,58,3.9502817175452365,3.416742592997618,3.9308447596687337,3.3833727967496032,6.0112696253815505,50.91115110577789,30.434262718803474,408,Canyon Desk Lamp 2023
CLO-AUT-3197,AutoCare Elite Jacket,Clothing,Womens Apparel,AutoCare,12.37,40.37,2022-02-27,2023-01-03,"Thompson, Phelps and Stuart",12.57,21x33x23,19,57,3.72255598047332,2.5930133911138515,3.6980869348648495,2.5152741864043966,2.944491609360395,40.72727233733222,24.309981166937412,17,Solstice Prime Coffee Grinder
SPO-FAS-3198,FashionForward Pro Product,Sports,Athletic Wear,FashionForward,11.28,28.06,2023-06-16,,Casey-Brown,2.27,38x18x38,435,90,3.369362658142137,2.5079719227189963,3.3343450746743146,2.423031246069913,6.075348329936617,28.10571525578403,20.928959148345342,434,Lumen Wireless Earbuds 2024
CLO-TEC-3199,TechPro Advanced Shirt,Clothing,Accessories,TechPro,18.0,51.53,2023-12-28,,Edwards LLC,5.83,28x32x42,65,72,3.9613844349658702,2.9444389791664403,3.942164162340133,2.8903717578961645,4.17440265439268,51.412792537991,20.92008037611032,65,Granite Desk Lamp
BOO-BEA-3200,BeautyGlow Modern Accessory,Books,Educational,BeautyGlow,101.89,242.05,2023-01-26,,Lester Group,20.87,46x22x35,200,88,5.493267183491464,4.633660456387719,5.489144316385703,4.6238937999861935,5.298322366535537,242.51726432194044,169.76471479829013,199,Terra Classic Trail Shoes
HOM-BEA-3201,BeautyGlow Ultra Lamp Collection 263,Home & Garden,Home Decor,BeautyGlow,16.91,45.65,2022-09-23,,Powers-Blackwell,7.54,73x74x30,97,19,3.8426729272933526,2.8853592160726205,3.8210036070409776,2.827905162910489,4.574721287728593,45.268506181459784,34.88637224865101,98,Solstice Blender 2022
CLO-SPO-3202,SportElite Modern Shirt,Clothing,Shoes,SportElite,21.67,45.14,2022-03-17,,Hahn-Ramsey,43.59,73x9x49,78,58,3.8316802527456075,3.1210424645194377,3.8097687713893897,3.075928815548268,4.356721647120231,45.0640974597457,24.097643090243125,81,Canyon Max Water Bottle 2022
BEA-KIT-3203,KitchenMaster Pro Gear,Beauty,Fragrances,KitchenMaster,6.27,15.09,2022-09-12,,Young PLC,20.5,54x15x6,135,68,2.7781979610042917,1.9837562915454279,2.7140322727797574,1.8357763546448294,4.905282185818402,14.641184181667978,8.226199872919228,139,Pulse Eco Action Camera
AUT-OUT-3204,OutdoorAdventure Pro Item,Automotive,Car Parts,OutdoorAdventure,8.49,22.98,2023-09-23,2025-02-06,"Mason, Martinez and Beck",42.37,53x89x48,306,28,3.177220149599368,2.2502386126218363,3.1346242724206097,2.138889000323256,5.723588369920897,23.215106038351593,14.717024679160309,307,Lumen Max Coffee Grinder
HOM-SMA-3205,SmartLife Smart Lamp Series 325,Home & Garden,Garden Tools,SmartLife,30.73,58.16,2022-10-15,2023-06-23,"Herring, Huynh and King",25.83,19x76x45,53,49,4.080245637842599,3.4572626055951043,4.063197833225264,3.425239376142393,3.970310781298653,58.56971502115516,36.964700487909646,54,Aurora Action Camera
ELE-STY-3206,StyleMax Smart Laptop,Electronics,Tablets,StyleMax,240.84,472.56,2023-08-25,,Young Inc,15.55,62x9x37,184,63,6.160278620543435,5.488276350471202,6.15816472299898,5.484132812596247,5.214941192376826,472.3444365829595,229.5473190790534,182,Harbor Edge Wireless Earbuds 2025
ELE-BEA-3207,BeautyGlow Premium Speaker,Electronics,Smart Home,BeautyGlow,77.91,172.52,2023-05-31,,Murphy-Silva,10.71,7x30x11,134,55,5.156292866518619,4.368307962532944,5.150513171779642,4.355554314342767,4.897847262609633,172.87117484326316,124.7637102643293,129,Lumen Ultra Action Camera
AUT-BEA-3208,BeautyGlow Advanced Equipment Set 256,Automotive,Accessories,BeautyGlow,15.15,33.13,2023-11-09,,Shaffer-Manning,30.02,11x63x22,13,38,3.530176762918616,2.7819200496686656,3.5004392163118045,2.7180005319553784,2.5650262775800314,32.92637386585266,15.537912114967762,15,Nimbus Ultra Wireless Earbuds
CLO-BEA-3209,BeautyGlow Ultra Shoes,Clothing,Shoes,BeautyGlow,12.18,39.29,2023-06-22,,Robinson-Rodriguez,30.25,34x36x43,54,100,3.696103299203256,2.578700529074361,3.6709700335703683,2.4997952622817508,3.989002564911327,39.692554758411035,21.453871669673177,52,Solstice Trail Shoes 2025
CLO-KIT-3210,KitchenMaster Ultra Shirt Kit 514,Clothing,Shoes,KitchenMaster,4.48,17.59,2022-03-14,2023-10-09,Booker Group,0.94,26x59x33,179,39,2.922623801733353,1.7011051009599243,2.8673305587494666,1.4996230464268938,5.187391392417329,17.83888266552485,11.28152507847811,174,Granite Max Action Camera
ELE-OUT-3211,OutdoorAdventure Premium Tablet,Electronics,Gaming,OutdoorAdventure,99.93,312.51,2022-09-05,2023-04-10,King-Lawrence,4.15,73x82x30,329,52,5.747831257490882,4.614427207250769,5.744636468664467,4.604469940873698,5.7960607902744306,312.8088086413046,192.93689256215376,328,Vertex Max Wireless Earbuds
HOM-STY-3212,StyleMax Elite Lamp Series 497,Home & Garden,Garden Tools,StyleMax,44.44,128.72,2022-01-22,2023-10-15,Ferguson-Lyons,14.6,71x56x34,306,48,4.865378281439117,3.816392774412896,4.857639502684128,3.7941399647714293,5.723588369920897,128.24764642448844,89.4323570263768,308,Harbor Select Blender
BOO-KIT-3213,KitchenMaster Ultra Tool Series 578,Books,Children Books,KitchenMaster,13.37,20.3,2023-10-28,,Stewart Group,40.43,8x11x34,408,69,3.0587070727153796,2.6651427000909336,3.0106208860477417,2.5930133911138515,6.0112696253815505,20.753554149932548,10.359225107719219,406,Terra Smart Thermostat
ELE-FAS-3214,FashionForward Modern Laptop,Electronics,Smartphones,FashionForward,34.12,76.38,2022-11-14,,Vega-Richmond,40.47,9x61x38,52,24,4.348728349272367,3.558770768766916,4.3357208817973705,3.5298837226234783,3.9512629491657494,76.60213757222891,45.5667894308273,54,Solstice Classic Desk Lamp 2024
ELE-STY-3215,StyleMax Classic Phone,Electronics,Headphones,StyleMax,71.23,155.93,2022-01-25,,Cox Ltd,4.73,41x42x10,483,55,5.055799846050629,4.2798554720627555,5.049407188596794,4.265914077990263,6.180018724043804,155.7386560734784,104.6031427456103,485,Canyon Desk Lamp
HOM-SMA-3216,SmartLife Modern Lamp Collection 781,Home & Garden,Home Decor,SmartLife,13.56,33.8,2022-11-07,,Underwood-Smith,36.55,94x48x28,481,30,3.5496173867804286,2.67827804276854,3.520460802488973,2.6071242825122494,6.175869349105679,34.12280677156167,19.162684246738188,478,Granite Max Coffee Grinder
CLO-STY-3217,StyleMax Modern Hat Collection 844,Clothing,Accessories,StyleMax,11.55,28.52,2022-09-07,,"Johnson, Stevenson and Lindsey",43.83,12x44x44,355,84,3.385067999732272,2.529720665577793,3.3506055955460954,2.446685436967803,5.872120606372857,28.30589077444663,11.370652363510018,358,Vertex Blender
BOO-SMA-3218,SmartLife Classic Gear Edition 834,Books,Non-Fiction,SmartLife,132.92,221.64,2024-01-28,,Vazquez Ltd,32.41,63x35x11,232,37,5.405556117217635,4.897242606741165,5.401054443999149,4.889747443486393,5.446741682001848,222.0052987627748,138.95202603609198,229,Terra Lite Blender
BOO-SMA-3219,SmartLife Elite Gear,Books,Educational,SmartLife,16.08,41.43,2022-06-05,,King Group,9.88,100x76x27,433,77,3.7478556592142334,2.837908188360424,3.7240052560893107,2.77757626375082,6.070740037468645,41.0503287826037,17.722389142371647,428,Aurora Blender
SPO-SPO-3220,SportElite Elite Equipment,Sports,Team Sports,SportElite,14.55,30.29,2023-04-10,,Fowler-Haynes,13.11,15x35x22,295,35,3.443298557680791,2.744060638625243,3.410817625039146,2.6775909936175015,5.686978746164582,30.489612257911578,20.183917937629275,291,Solstice Water Bottle
AUT-FAS-3221,FashionForward Classic Equipment,Automotive,Car Parts,FashionForward,11.21,24.06,2023-01-10,,"Martinez, Camacho and Mathews",32.09,66x34x25,236,87,3.221272949467922,2.502255288122613,3.180550710546533,2.4168062370840686,5.463836042304768,24.099884507112012,18.752286839428102,236,Nimbus Flex Trail Shoes
CLO-STY-3222,StyleMax Classic Pants,Clothing,Mens Apparel,StyleMax,22.1,61.57,2023-08-25,,Smith-Yu,9.48,52x38x30,154,61,4.136285930010272,3.139832617527748,4.120174738923119,3.095577608523707,5.03695909589904,61.174603780791536,43.94191105165606,158,Pulse Prime Water Bottle 2025
CLO-OUT-3223,OutdoorAdventure Modern Shirt Model 778,Clothing,Accessories,OutdoorAdventure,10.54,41.67,2023-10-24,,Turner-Mayer,24.35,34x81x50,121,42,3.7534960971999087,2.4458192610799534,3.7297814454343623,2.355177543113216,4.795798810025401,41.41705595169366,26.197196690192893,117,Aurora Flex Coffee Grinder
BEA-FAS-3224,FashionForward Pro Accessory,Beauty,Makeup,FashionForward,11.2,23.43,2024-02-05,,Evans and Sons,7.63,46x21x43,426,93,3.195811885269649,2.501435951739211,3.1540172525197043,2.4159137783010487,6.054441693684455,22.952155955551767,16.3452867106858,426,Terra Select Smart Thermostat
ELE-TEC-3225,TechPro Elite Speaker,Electronics,Tablets,TechPro,204.65,370.4,2023-11-14,2024-09-02,Welch-Suarez,33.39,100x12x10,418,51,5.917279648918606,5.326175694676433,5.914583502772024,5.321301202938412,6.035483824866392,370.3693926061552,296.26187888212667,413,Aurora Desk Lamp
SPO-SMA-3226,SmartLife Pro Tool,Sports,Fitness Equipment,SmartLife,72.07,168.84,2022-09-16,,"Sullivan, Johnson and Delacruz",37.37,85x70x10,71,21,5.134856817395001,4.291417885803126,5.128951520914298,4.27763786893635,4.262693961449172,168.6452399555448,73.19193040718616,76,Vertex Lite Coffee Grinder
AUT-TEC-3227,TechPro Premium Accessory,Automotive,Tools,TechPro,11.7,26.54,2023-11-02,,Ruiz-Gutierrez,26.59,43x90x29,426,83,3.315639493300509,2.5416019934645457,3.2786530289040616,2.4595888418037104,6.054441693684455,26.636390334611804,12.317951710533679,421,Granite Classic Coffee Grinder 2025
BOO-OUT-3228,OutdoorAdventure Classic Equipment Kit 323,Books,Fiction,OutdoorAdventure,3.74,6.03,2022-09-28,,Love-Mcdowell,26.51,68x91x34,485,90,1.9501867058225737,1.556037135706985,1.7967470107390942,1.3190856114264407,6.184150952791027,5.831293051554445,2.9336250285664844,484,Nimbus Yoga Mat
CLO-AUT-3229,AutoCare Advanced Hat,Clothing,Shoes,AutoCare,27.28,87.61,2022-05-10,,Holloway Ltd,38.63,72x75x13,449,27,4.484244718059211,3.342154841028372,4.4728951466782725,3.3061538329752613,6.107025114911266,87.41392072927684,64.06340387901444,453,Canyon Flex Water Bottle
ELE-SPO-3230,SportElite Pro Monitor,Electronics,Headphones,SportElite,27.53,64.89,2022-10-22,2024-05-17,Hunter-Bell,3.25,85x85x50,114,13,4.187986684925728,3.3509561652254085,4.1726935286330775,3.315276319154516,4.736207220285847,65.12832933475697,48.96703201528034,119,Granite Max Portable Speaker
CLO-SMA-3231,SmartLife Ultra Shirt,Clothing,Womens Apparel,SmartLife,22.93,65.88,2022-09-02,,"Daniel, Kelley and Murphy",9.54,85x83x42,33,62,4.202899968776446,3.175132901920282,4.1878349053094395,3.132446096869813,3.4965378640376557,65.43717997925879,50.580198319936216,36,Aurora Portable Speaker
AUT-SMA-3232,SmartLife Ultra Item,Automotive,Accessories,SmartLife,3.41,5.87,2024-03-11,,"Johnson, Williams and May",3.48,78x98x19,337,32,1.927164106234258,1.4838746894587547,1.7698546338400052,1.2267122912954254,5.82008589770701,6.264837095288147,3.197499708272126,339,Terra Prime Trail Shoes
HOM-OUT-3233,OutdoorAdventure Elite Pot,Home & Garden,Kitchen,OutdoorAdventure,44.85,121.44,2022-04-15,,"Ramos, Davidson and Smith",44.41,35x64x42,133,87,4.807621114077212,3.825375198702474,4.79942031364732,3.803323588504805,4.8903566469904804,121.78521859690335,52.18214266675544,130,Pulse Ultra Yoga Mat
AUT-HOM-3234,HomeComfort Elite Gear System 524,Automotive,Car Care,HomeComfort,6.75,17.84,2022-09-22,,Fuller LLC,26.06,36x100x45,219,100,2.935982269148217,2.0476928433652555,2.8814431271518632,1.9095425048844386,5.389076296016121,18.00444858956188,11.302934850212065,216,Vertex Smart Thermostat
BEA-OUT-3235,OutdoorAdventure Pro Item Set 327,Beauty,Fragrances,OutdoorAdventure,38.77,71.0,2023-03-13,,"Miller, Moore and Black",30.29,71x8x25,287,73,4.276666119016055,3.6831128592195994,4.2626798770413155,3.657646751682838,5.659485700074108,71.09135713870523,53.485136885917626,282,Harbor Portable Speaker 2025
SPO-AUT-3236,AutoCare Advanced Accessory,Sports,Fitness Equipment,AutoCare,20.35,51.11,2024-03-11,,"Hines, Bradford and Jennings",38.57,54x94x15,399,71,3.9533568689211234,3.0610517396746335,3.933980172780188,3.013080911888604,5.988963923152387,51.494456448176855,30.641409241922304,396,Harbor Trail Shoes 2022
BOO-KIT-3237,KitchenMaster Premium Product,Books,Children Books,KitchenMaster,8.51,20.14,2023-12-06,,Hayes-Russo,35.69,39x54x20,239,31,3.051166980442092,2.252343876557299,3.0027078872904163,2.1412419425852827,5.476467736023176,19.831623575938142,13.098137628752097,244,Solstice Yoga Mat 2025
ELE-HOM-3238,HomeComfort Classic Speaker,Electronics,Headphones,HomeComfort,36.34,76.42,2022-07-14,,Green Ltd,14.92,73x5x16,318,50,4.349245145149502,3.6200651381135764,4.336244442018754,3.592919062968025,5.762054527429321,76.00738977894702,49.41012617358377,313,Harbor Ultra Blender 2023
HOM-KIT-3239,KitchenMaster Modern Vase,Home & Garden,Home Decor,KitchenMaster,37.25,96.19,2023-08-08,,"Serrano, Marsh and Gonzalez",41.55,67x79x25,390,54,4.576667825515379,3.644143560272545,4.566325402164524,3.6176519448255684,5.966149303222969,95.93471996651135,52.90490419921089,392,Pulse Yoga Mat
ELE-HOM-3240,HomeComfort Ultra Camera,Electronics,Smart Home,HomeComfort,60.7,167.22,2022-03-17,2024-08-04,Richardson-Long,10.91,55x63x5,111,100,5.125272646534292,4.122283930911342,5.119310310721912,4.1059436980654525,4.709539210280762,167.5086867131262,85.850338462706,106,Lumen Desk Lamp
BOO-HOM-3241,HomeComfort Advanced Equipment,Books,Children Books,HomeComfort,33.99,74.58,2023-03-18,2024-02-25,Duffy-Wilkerson,18.3,76x42x15,105,36,4.325191697921343,3.5550623063795967,4.311872374750675,3.5260663637080247,4.653969873921696,74.12397686139195,56.01983004764922,104,Vertex Classic Wireless Earbuds 2022
ELE-OUT-3242,OutdoorAdventure Premium Tablet,Electronics,Smartphones,OutdoorAdventure,394.04,846.76,2024-01-31,,Smith Inc,35.0,78x26x45,129,91,6.74259757686658,5.97898702559687,6.7414173014893795,5.976452426987478,4.859820156269611,846.8411506983819,665.4172117547945,132,Canyon Eco Coffee Grinder
BOO-OUT-3243,OutdoorAdventure Modern Product,Books,Non-Fiction,OutdoorAdventure,4.91,13.55,2022-06-25,,"Holland, Sims and Meadows",2.06,65x92x50,267,77,2.6775909936175015,1.776645831418007,2.60638654732571,1.5912739418064292,5.587252403711588,14.035528765867484,5.646042386246359,268,Nimbus Yoga Mat
CLO-HOM-3244,HomeComfort Modern Pants,Clothing,Mens Apparel,HomeComfort,44.42,176.06,2024-02-20,,Gonzalez-Haynes,27.28,24x28x5,241,27,5.176488658182903,3.8159525366774125,5.17082484603276,3.7936898184662815,5.48480108285964,176.4085821719608,124.7047545122031,239,Vertex Flex Portable Speaker
ELE-KIT-3245,KitchenMaster Modern Phone,Electronics,Smartphones,KitchenMaster,60.6,120.77,2023-04-27,,Williams PLC,33.7,60x92x50,82,72,4.802134019518916,4.120661870539474,4.793887910287284,4.104294893075269,4.406731442311845,120.79101677526272,94.03191588531462,87,Vertex Eco Wireless Earbuds
BOO-SPO-3246,SportElite Classic Gear System 848,Books,Children Books,SportElite,8.94,23.22,2022-12-28,,Burke-Hernandez,34.25,7x7x28,453,20,3.1871787381249463,2.2965670206684825,3.1450139762697455,2.190535589185423,6.115894332986116,22.792368091100908,16.502811116011475,456,Harbor Edge Yoga Mat
ELE-STY-3247,StyleMax Ultra Camera,Electronics,Smart Home,StyleMax,14.44,31.16,2022-05-12,2023-05-04,Jackson-Bradley,10.48,11x6x18,214,11,3.4707234443107655,2.73696154459663,3.4391352210025476,2.67000213346468,5.36598068790813,31.484746044097996,24.69716567579584,217,Canyon Eco Water Bottle 2025
SPO-HOM-3248,HomeComfort Smart Gear Kit 769,Sports,Outdoor Gear,HomeComfort,16.94,38.85,2022-01-03,,Higgins Group,9.6,39x92x14,449,91,3.685122405236224,2.88703285663065,3.6597080768136565,2.8296776892239084,6.107025114911266,38.94699893801367,25.05365575178807,445,Pulse Water Bottle
HOM-FAS-3249,FashionForward Advanced Table,Home & Garden,Kitchen,FashionForward,46.04,136.78,2024-02-25,,Wilcox-Snyder,42.49,76x8x43,57,63,4.92565821016505,3.850998303590371,4.91837379566995,3.829510583853682,4.043068811540308,136.40263433711837,65.3422205913086,61,Canyon Eco Coffee Grinder
BEA-SPO-3250,SportElite Pro Equipment,Beauty,Fragrances,SportElite,17.91,47.93,2023-09-19,,Reeves and Sons,27.95,98x91x24,4,41,3.8903907053010323,2.9396908826703663,3.86974161317154,2.8853592160726205,1.3865443298750981,47.53198013912689,31.537574347913004,8,Canyon Blender 2025
CLO-BEA-3251,BeautyGlow Advanced Dress,Clothing,Mens Apparel,BeautyGlow,40.81,86.87,2022-01-20,,Roberts-Snyder,21.85,38x79x34,2,13,4.475858449507752,3.733135545368474,4.464412748271829,3.7089271494177143,0.6936470556015963,87.27143428304787,54.31133822523602,7,Nimbus Desk Lamp
BEA-BEA-3252,BeautyGlow Advanced Tool Model 846,Beauty,Hair Care,BeautyGlow,5.44,13.51,2023-05-17,,Reynolds and Sons,7.22,57x93x15,264,10,2.6748380668960965,1.8625285401162623,2.6034301519721073,1.6937790608678513,5.57595289101793,13.675816257679317,7.244972773572777,264,Solstice Portable Speaker 2024
BOO-BEA-3253,BeautyGlow Pro Item,Books,Non-Fiction,BeautyGlow,19.87,39.27,2022-01-19,,"Lewis, Holloway and Acosta",48.22,57x83x41,500,100,3.695606774863363,3.0383127210891097,3.6704608685899185,2.9892110565637253,6.2146100984201915,39.59270106333042,23.614764534993025,498,Aurora Ultra Action Camera
SPO-SPO-3254,SportElite Pro Gear,Sports,Fitness Equipment,SportElite,6.51,16.67,2023-01-17,,Barnes Group,12.3,25x22x47,406,80,2.871868286331605,2.0162354657760435,2.813610696762703,1.873339456220478,6.006355622652887,17.041399322276625,7.761023485844533,408,Lumen Smart Thermostat 2024
ELE-OUT-3255,OutdoorAdventure Smart Speaker,Electronics,Tablets,OutdoorAdventure,78.54,211.3,2022-08-29,,Johnson LLC,13.62,12x94x50,156,73,5.35800036870921,4.376260039779544,5.353278924622011,4.363608049149864,5.049862417485402,211.37033690500738,95.8745685615351,161,Nimbus Coffee Grinder
SPO-AUT-3256,AutoCare Smart Tool,Sports,Outdoor Gear,AutoCare,44.62,118.57,2022-03-31,2023-08-30,Williamson and Sons,38.84,46x45x37,351,65,4.7839019739314885,3.820346216856242,4.775503503469979,3.7981821890043865,5.860789072464656,118.58709742471993,94.39956569507348,352,Terra Smart Thermostat
AUT-FAS-3257,FashionForward Modern Accessory,Automotive,Tools,FashionForward,13.75,31.74,2023-02-16,2023-11-07,Aguilar-Holland,49.16,40x73x42,9,40,3.488597571942989,2.691243082785829,3.457577715098263,2.6210388241125804,2.1973356822749484,31.67181886211457,15.48059841558239,10,Nimbus Portable Speaker
ELE-AUT-3258,AutoCare Premium Camera,Electronics,Tablets,AutoCare,4.04,9.93,2023-07-11,,Smith and Sons,39.98,44x21x16,311,38,2.391511302188447,1.6174060820832772,2.295560478057081,1.3962446919730587,5.739796127608148,9.750607656035296,6.003513096864569,316,Aurora Wireless Earbuds
HOM-BEA-3259,BeautyGlow Advanced Tool,Home & Garden,Bedding,BeautyGlow,24.02,37.66,2024-01-25,,Mccann-Sanders,28.22,61x46x33,253,86,3.654805473780185,3.219675505038765,3.628598523229006,3.1788868166518376,5.5333934412888786,37.59590404164153,15.20618159197827,257,Canyon Pro Desk Lamp
BOO-STY-3260,StyleMax Smart Equipment,Books,Fiction,StyleMax,29.76,80.23,2022-08-17,2023-12-22,Reeves Ltd,37.95,64x57x14,226,42,4.397284637062863,3.4262151446374434,4.3848975097655645,3.393165209964891,5.420539424041258,80.49840206261555,48.83895767674319,229,Harbor Blender
HOM-STY-3261,StyleMax Classic Chair,Home & Garden,Furniture,StyleMax,28.9,85.79,2023-01-01,,Fitzgerald-Scott,28.56,9x18x27,337,31,4.463491407656154,3.3978584803966405,4.451902449584874,3.3638415951183864,5.82008589770701,85.88988496239483,34.80615628221396,336,Solstice Pro Trail Shoes
CLO-SPO-3262,SportElite Smart Jacket,Clothing,Mens Apparel,SportElite,32.74,104.45,2023-01-20,2024-12-26,Hawkins Inc,9.87,63x60x48,383,19,4.658236906924784,3.5186840771178223,4.648708488002574,3.488597571942989,5.948037600143294,104.83467282415575,52.22572541727036,383,Nimbus Lite Water Bottle 2022
CLO-KIT-3263,KitchenMaster Smart Shirt,Clothing,Accessories,KitchenMaster,5.17,19.87,2022-10-15,,Galvan-Ruiz,5.38,19x100x20,374,83,3.0383127210891097,1.8196988379172965,2.9892110565637253,1.6428726885203377,5.924258471207748,19.814512414091606,13.881216102323616,369,Lumen Classic Smart Thermostat 2025
BOO-KIT-3264,KitchenMaster Elite Equipment Model 812,Books,Children Books,KitchenMaster,37.05,77.46,2022-02-19,,Barajas-Crosby,42.83,33x32x38,346,72,4.362588940781406,3.6389010843076948,4.349761674086606,3.6122683517420957,5.846441665226958,77.56494778714438,45.34772684681408,346,Vertex Wireless Earbuds
BEA-HOM-3265,HomeComfort Advanced Accessory,Beauty,Hair Care,HomeComfort,58.75,171.25,2023-09-22,,"Mckinney, Pacheco and Smith",25.68,18x74x21,397,40,5.148946909893768,4.09016919081162,5.143124477142335,4.073291153024268,5.983938799575705,171.37868140203014,69.09058605530431,393,Terra Smart Thermostat
BOO-SMA-3266,SmartLife Smart Item,Books,Children Books,SmartLife,4.05,11.53,2022-01-09,,"Harvey, Turner and Foster",23.57,68x80x23,315,84,2.528125768907977,1.6193882432872684,2.4449523342809676,1.3987168811184478,5.752575813423769,11.619863219060198,5.310135227954192,315,Granite Desk Lamp 2023
BOO-BEA-3267,BeautyGlow Advanced Equipment,Books,Educational,BeautyGlow,26.78,65.98,2022-09-16,,Anderson-Mcclain,15.55,19x10x33,206,84,4.204394067366058,3.3243163373261977,4.1893516658004355,3.2876553402630266,5.32788102314673,66.1785810976238,50.36542372730462,209,Vertex Water Bottle
AUT-SMA-3268,SmartLife Elite Equipment,Automotive,Tools,SmartLife,12.76,36.87,2022-10-19,,Carpenter LLC,14.96,62x50x41,55,98,3.634159241913703,2.6217658325051976,3.607398212246053,2.546315277916644,4.0073513668853655,36.612684799007305,18.94527773118593,57,Canyon Classic Smart Thermostat
SPO-BEA-3269,BeautyGlow Smart Gear,Sports,Fitness Equipment,BeautyGlow,18.66,53.74,2022-08-03,,Gordon LLC,25.83,85x86x50,441,82,4.002594703612533,2.9785861147190205,3.984157603187345,2.926382195419198,6.089047143017972,53.75211650199488,35.57143953742027,444,Canyon Coffee Grinder
BEA-FAS-3270,FashionForward Classic Gear,Beauty,Skincare,FashionForward,27.46,54.14,2023-06-04,,Anderson-Stewart,46.1,68x47x31,340,80,4.0098754055956505,3.3484995926617063,3.9915732841861553,3.312730400339825,5.828948558782352,53.75214030675218,42.85158763730136,344,Nimbus Eco Smart Thermostat 2024
ELE-FAS-3271,FashionForward Ultra Laptop,Electronics,Headphones,FashionForward,33.54,92.17,2023-05-16,,"Hamilton, Green and Edwards",34.7,12x61x46,343,22,4.534425781462334,3.5421180727185324,4.523634698005573,3.5127387563950627,5.8377333626135846,92.05682110109191,58.78818672750805,345,Canyon Trail Shoes 2024
AUT-FAS-3272,FashionForward Classic Item,Automotive,Accessories,FashionForward,10.93,27.65,2022-07-17,,Porter LLC,1.37,85x5x36,260,78,3.3551534431607486,2.479056236109825,3.3196257279683437,2.391511302188447,5.560685477161977,27.637913727248836,19.51508199990909,257,Aurora Flex Portable Speaker
CLO-KIT-3273,KitchenMaster Elite Pants Kit 828,Clothing,Shoes,KitchenMaster,12.52,37.59,2022-10-17,2023-10-25,"Ward, Jordan and Orr",20.5,80x82x26,66,80,3.6529931755495273,2.604170070614818,3.6267380575760866,2.5273273656719524,4.189669893426794,37.73917977435457,17.829961974736996,68,Canyon Pro Smart Thermostat
HOM-HOM-3274,HomeComfort Smart Chair,Home & Garden,Furniture,HomeComfort,7.55,22.22,2023-12-01,,Austin-Juarez,15.82,25x63x20,160,98,3.1450139762697455,2.145931282948669,3.100992784211484,2.0215475632609334,5.075180065214296,22.661520431534477,15.07144655141147,160,Lumen Select Wireless Earbuds
BEA-STY-3275,StyleMax Ultra Tool,Beauty,Hair Care,StyleMax,7.56,14.31,2023-12-08,2024-10-26,Black-Graham,48.43,36x39x35,249,19,2.7285062096695922,2.1471001901536506,2.6609585935683597,2.0228711901914416,5.5174569125209,14.408638045217389,6.757514684165191,249,Nimbus Desk Lamp
HOM-KIT-3276,KitchenMaster Advanced Chair,Home & Garden,Garden Tools,KitchenMaster,37.02,94.97,2022-11-18,,Stewart Group,34.77,10x24x7,20,62,4.564035642629536,3.6381123370602833,4.553561052254861,3.6114583071453517,2.995782272304033,95.20872203785302,76.14420603335535,20,Terra Pro Coffee Grinder 2024
ELE-BEA-3277,BeautyGlow Pro Laptop,Electronics,Headphones,BeautyGlow,17.31,38.65,2023-01-05,,Peters Ltd,39.99,55x19x15,55,80,3.680090948080857,2.907447358686419,3.654546775033431,2.851284369188118,4.0073513668853655,38.6561407383053,26.165272436502168,52,Granite Trail Shoes
BOO-KIT-3278,KitchenMaster Pro Accessory Kit 849,Books,Non-Fiction,KitchenMaster,36.59,96.36,2022-01-15,,"Yates, Brown and Hernandez",16.31,61x99x30,52,29,4.578415448679272,3.6267380575760866,4.568091177746671,3.5997749790311153,3.9512629491657494,96.4914219507488,67.88498777915383,56,Granite Smart Thermostat 2024
CLO-OUT-3279,OutdoorAdventure Smart Hat,Clothing,Womens Apparel,OutdoorAdventure,17.64,36.21,2023-01-31,,White Group,21.02,93x50x20,343,10,3.6165775423585313,2.925309809257445,3.58933532377755,2.8701690505786455,5.8377333626135846,35.7895135718111,25.287905961890015,338,Vertex Coffee Grinder
HOM-AUT-3280,AutoCare Advanced Lamp,Home & Garden,Bedding,AutoCare,4.25,6.7,2023-02-22,,Martin-Mcdonald,16.71,5x68x36,249,78,2.0412203288596382,1.6582280766035324,1.9021075263969205,1.4469189829363254,5.5174569125209,6.45930374922501,4.991267763900795,247,Terra Portable Speaker 2022
BOO-SPO-3281,SportElite Smart Accessory Edition 978,Books,Educational,SportElite,10.92,32.52,2023-08-14,,Carney Group,3.18,91x57x7,14,76,3.5121422756138823,2.4782176616372036,3.48185528467961,2.390595970316759,2.639128755635788,32.38461603134104,23.48371376611726,18,Vertex Classic Wireless Earbuds
CLO-SMA-3282,SmartLife Classic Hat,Clothing,Womens Apparel,SmartLife,31.67,115.25,2022-05-26,,Alexander Ltd,21.26,77x7x16,484,97,4.755743044467466,3.4864572256129787,4.747103681876758,3.4553698605505483,6.1820869728301995,115.22304348790638,66.57358989007771,484,Canyon Coffee Grinder
CLO-TEC-3283,TechPro Modern Dress,Clothing,Womens Apparel,TechPro,5.56,18.63,2023-02-15,2025-04-25,"Washington, Vasquez and Singleton",1.95,87x64x6,469,18,2.9770590082883697,1.8809906029559977,2.924773184613497,1.715598108262491,6.150604900640168,18.184735770592336,12.428458967117592,474,Solstice Trail Shoes 2025
HOM-HOM-3284,HomeComfort Premium Chair Set 313,Home & Garden,Furniture,HomeComfort,13.22,24.85,2023-09-19,2025-06-06,Martinez Inc,30.0,25x19x29,93,19,3.2523106009544382,2.6546494243750947,3.2128577525426376,2.5817308344235403,4.532610245783618,24.497223615602252,15.507773565000697,97,Granite Max Trail Shoes 2022
BOO-SPO-3285,SportElite Smart Tool,Books,Non-Fiction,SportElite,30.44,84.72,2022-03-16,,Oneill and Sons,7.96,53x88x44,75,24,4.451086170605376,3.448080967561006,4.439351701293151,3.415757532993485,4.3175014467807555,84.50127802163549,54.8627292039627,71,Canyon Coffee Grinder
ELE-SPO-3286,SportElite Premium Speaker Collection 527,Electronics,Tablets,SportElite,119.51,222.16,2022-02-26,,Brady LLC,6.38,23x70x19,334,69,5.407889002977328,4.7917327370393,5.403397842998544,4.783400049878789,5.811143986984194,222.62210203708304,100.0993633944224,335,Vertex Prime Coffee Grinder
SPO-HOM-3287,HomeComfort Modern Item,Sports,Team Sports,HomeComfort,16.02,38.93,2022-11-28,,"Macdonald, Willis and Silva",27.12,61x26x40,477,28,3.6871279210751298,2.834389123145228,3.6617651616223643,2.7738379416402132,6.167518587322203,38.76472006696099,16.974311144151745,478,Terra Max Water Bottle
ELE-SPO-3288,SportElite Elite Laptop,Electronics,Headphones,SportElite,30.04,75.88,2023-12-12,,Fox PLC,1.39,15x26x31,499,83,4.342245764662037,3.435276695315018,4.3291531450668135,3.402529826895934,6.212608099757527,75.86240023694984,45.73116055621924,504,Harbor Pro Wireless Earbuds
BOO-BEA-3289,BeautyGlow Ultra Equipment,Books,Fiction,BeautyGlow,72.25,148.01,2023-08-17,,Butler Inc,37.06,39x67x31,6,82,5.004013417787369,4.293878247897177,4.997279839049098,4.2801323269925415,1.7919261220073759,147.71217575848362,98.66251910249579,4,Lumen Ultra Wireless Earbuds
SPO-SMA-3290,SmartLife Ultra Equipment Kit 363,Sports,Fitness Equipment,SmartLife,96.06,276.2,2022-12-17,,Tate Ltd,23.11,62x75x34,355,42,5.624739267315748,4.57532934397707,5.621125240975192,4.564972996236678,5.872120606372857,276.30856446965424,209.24287189282677,353,Nimbus Pro Wireless Earbuds
SPO-OUT-3291,OutdoorAdventure Ultra Item,Sports,Athletic Wear,OutdoorAdventure,48.47,131.63,2023-12-17,,Clay Inc,20.89,66x64x34,397,16,4.887563296506261,3.901366425239617,4.879994956437316,3.8809450498572846,5.983938799575705,131.41506955120565,55.015453359237426,392,Pulse Action Camera
SPO-HOM-3292,HomeComfort Modern Product,Sports,Fitness Equipment,HomeComfort,21.69,37.58,2023-06-19,2025-08-20,Maldonado-Becker,6.9,23x56x48,368,19,3.652734007477583,3.1219242987917504,3.6264719939853194,3.076851324838783,5.908085655556543,37.292852726869654,28.93586834695329,364,Pulse Desk Lamp
BEA-BEA-3293,BeautyGlow Pro Equipment Model 300,Beauty,Fragrances,BeautyGlow,9.7,27.16,2022-03-18,,Brooks-Hickman,47.08,9x47x29,373,60,3.3379025312898416,2.3702437414678603,3.3017453026904953,2.272125885509337,5.921581100605369,27.17624117587706,18.505386648996712,376,Lumen Lite Smart Thermostat
BOO-SPO-3294,SportElite Pro Accessory,Books,Fiction,SportElite,9.51,23.42,2023-01-23,,Hood and Sons,23.65,78x52x45,32,28,3.1954024686825586,2.3523271848888596,3.1535903581695712,2.252343876557299,3.4657671523114555,22.935395683177212,15.613810041095553,36,Canyon Edge Water Bottle
SPO-STY-3295,StyleMax Elite Gear Kit 469,Sports,Outdoor Gear,StyleMax,32.15,59.7,2023-01-18,,Miller Ltd,13.58,56x7x10,295,87,4.1059436980654525,3.5010427166318716,4.089332020398556,3.4704124506836282,5.686978746164582,59.217510751996244,39.78466195881236,297,Vertex Eco Trail Shoes
ELE-OUT-3296,OutdoorAdventure Ultra Monitor Edition 102,Electronics,Smart Home,OutdoorAdventure,82.96,257.46,2022-05-02,,"Castillo, Fuller and Adams",34.64,97x92x30,248,23,5.554740943097046,4.430340494952432,5.550864368231489,4.418358563921272,5.513432778414917,257.1846874329198,188.8469257717936,250,Terra Select Trail Shoes 2022
HOM-TEC-3297,TechPro Modern Vase,Home & Garden,Kitchen,TechPro,70.91,183.43,2022-02-26,,"Smith, Booker and Douglas",14.33,41x33x19,217,80,5.217269987694714,4.275415337114403,5.21183312332626,4.261411467315905,5.379901961824772,182.9759869352508,89.06089524704595,220,Canyon Select Wireless Earbuds
BOO-FAS-3298,FashionForward Classic Equipment,Books,Educational,FashionForward,36.07,89.17,2022-10-28,,Nguyen-Dennis,33.52,46x13x10,17,83,4.501696777511816,3.612808017162641,4.490544660146788,3.5854614949154477,2.833272165855592,88.78586523904808,66.67826072540493,18,Solstice Yoga Mat 2024
ELE-FAS-3299,FashionForward Premium Phone,Electronics,Smartphones,FashionForward,12.15,34.39,2022-01-29,,"Meadows, Robles and Anderson",0.69,11x24x27,340,46,3.566429294357372,2.5764217586237734,3.537765824444175,2.4973291697865574,5.828948558782352,34.23208343635198,18.69199565691096,343,Nimbus Desk Lamp 2023
BOO-HOM-3300,HomeComfort Smart Accessory,Books,Children Books,HomeComfort,51.77,91.29,2022-03-25,2024-08-11,Solis LLC,8.69,65x51x44,404,87,4.524935793277486,3.9659428474175766,4.514041252576989,3.94681083091381,6.001417353205611,91.58653396598822,68.73217584021256,408,Lumen Portable Speaker
SPO-FAS-3301,FashionForward Advanced Accessory System 532,Sports,Team Sports,FashionForward,8.18,16.21,2024-02-06,,Yates-Manning,37.43,37x26x27,77,59,2.845490610223448,2.217027204632399,2.785628335747585,2.1016921506146558,4.34381840878234,16.280607670501915,12.56514091942568,73,Aurora Water Bottle 2025
BEA-HOM-3302,HomeComfort Premium Gear Model 215,Beauty,Hair Care,HomeComfort,14.22,28.77,2024-01-07,,"Crane, James and Ross",14.66,92x51x10,461,34,3.393501175027685,2.7226103524335397,3.3593331775634567,2.6546494243750947,6.133400212191693,28.782414371437287,12.55570077047085,461,Harbor Eco Blender 2024
CLO-KIT-3303,KitchenMaster Smart Jacket,Clothing,Shoes,KitchenMaster,14.88,53.46,2023-02-09,,Allen Group,38.6,92x82x33,194,78,3.9974664872456134,2.7650604558189897,3.978933710710773,2.700018029404946,5.267863313689218,53.25761904674396,38.555773074823556,191,Aurora Flex Desk Lamp
ELE-SMA-3304,SmartLife Premium Monitor,Electronics,Gaming,SmartLife,401.68,1002.19,2022-04-01,,Smith and Sons,22.94,81x89x7,409,56,6.910940201726901,5.9981422018612225,6.90994288442755,5.99565575172645,6.0137176010275875,1002.6131186450442,472.7320234557034,414,Aurora Edge Wireless Earbuds
BOO-KIT-3305,KitchenMaster Classic Tool,Books,Educational,KitchenMaster,329.95,631.04,2023-08-26,,Price Group,25.82,32x48x37,205,31,6.448952683283299,5.801967306564932,6.447369251974216,5.798941127829431,5.323014857175291,630.9390747404124,367.29970063576945,205,Aurora Coffee Grinder
HOM-AUT-3306,AutoCare Modern Lamp Series 678,Home & Garden,Furniture,AutoCare,34.68,84.12,2023-07-26,,Holland-Best,9.21,52x36x25,74,66,4.444062025593334,3.5745903077118086,4.432244350834499,3.546163151912341,4.304078606626376,83.71535091145986,64.36516638525065,71,Terra Portable Speaker
BEA-STY-3307,StyleMax Pro Item,Beauty,Skincare,StyleMax,17.03,27.0,2023-12-19,,Martinez Group,40.05,14x73x21,210,96,3.332204510175204,2.8920370372152258,3.295836866004329,2.834976494674597,5.347112292610893,27.114725185795447,11.329094092592968,212,Canyon Ultra Desk Lamp 2025
SPO-KIT-3308,KitchenMaster Smart Product Model 946,Sports,Team Sports,KitchenMaster,32.49,76.86,2022-05-01,,Fitzgerald-Dorsey,10.56,89x63x49,101,93,4.35491234218231,3.5112468868061133,4.3419855851366975,3.480932349681009,4.6151304177823445,76.48156162560707,53.63005901551676,106,Lumen Wireless Earbuds
HOM-TEC-3309,TechPro Premium Table Set 528,Home & Garden,Home Decor,TechPro,44.65,84.71,2022-12-21,,"Munoz, Howard and Davis",47.42,89x22x5,171,52,4.450969504910791,3.8210036070409776,4.4392336584434595,3.798854307322508,5.141669404438777,84.55831867994566,38.57058891833347,169,Harbor Ultra Wireless Earbuds 2023
HOM-HOM-3310,HomeComfort Modern Tool,Home & Garden,Home Decor,HomeComfort,15.05,38.79,2022-05-25,,Hunt-Burns,42.71,41x65x48,130,87,3.683615624438837,2.775708849576025,3.6581624814518756,2.711377991194885,4.867542142733689,38.79726369994345,28.418064436109674,134,Lumen Portable Speaker
BEA-FAS-3311,FashionForward Ultra Equipment Collection 697,Beauty,Hair Care,FashionForward,101.06,189.17,2023-04-12,,Alvarez-Hart,24.14,75x37x48,242,33,5.247918408964185,4.625560875635825,5.242646081677572,4.615714399863762,5.488941858379554,189.53673807419145,86.88797110621697,242,Aurora Eco Water Bottle
ELE-SMA-3312,SmartLife Pro Speaker Model 648,Electronics,Tablets,SmartLife,68.72,128.26,2022-10-05,,Davis-Henderson,7.29,28x59x33,442,64,4.86182587983475,4.24448722065182,4.8540594537207165,4.230040277676,6.091312144518578,128.25367564873332,101.92428296715732,445,Vertex Action Camera
BOO-KIT-3313,KitchenMaster Modern Equipment,Books,Children Books,KitchenMaster,31.44,60.3,2023-06-10,,Austin-Hamilton,22.65,42x13x20,142,10,4.115779842942166,3.479392229247212,4.09933210373314,3.448080967561006,4.9558340998299855,60.498213590711025,36.013849523332,138,Nimbus Edge Smart Thermostat
ELE-HOM-3314,HomeComfort Smart Speaker,Electronics,Smart Home,HomeComfort,106.26,327.69,2023-12-09,,Davis-Palmer,30.14,28x94x34,170,94,5.795115057329384,4.675255793554779,5.792068039523562,4.665888921022797,5.135804319385902,328.1729605022191,161.5342687116808,166,Pulse Eco Coffee Grinder
ELE-KIT-3315,KitchenMaster Smart Tablet,Electronics,Gaming,KitchenMaster,83.23,178.85,2023-09-10,2024-08-11,Rhodes-Holland,42.03,72x41x23,245,87,5.192123170141633,4.433551152327272,5.186547465705027,4.421607859758004,5.50126229216905,178.4888593375,76.05085321756202,246,Solstice Ultra Wireless Earbuds 2022
CLO-AUT-3316,AutoCare Classic Shirt,Clothing,Shoes,AutoCare,23.83,51.0,2023-01-04,,"Moore, Simpson and Soto",40.19,22x95x13,359,40,3.9512437185814275,3.2120525995200753,3.9318256327243257,3.170945291110651,5.88332517399972,50.77923689500913,22.155953252056275,355,Aurora Wireless Earbuds 2023
AUT-FAS-3317,FashionForward Premium Accessory,Automotive,Car Parts,FashionForward,11.52,27.89,2023-06-15,2024-10-30,"Miller, Mcdonald and Miller",48.39,18x53x7,67,100,3.363495514478144,2.5273273656719524,3.3282682016393976,2.444084655267745,4.2047075446527185,27.786684554085696,13.119484562146939,63,Canyon Flex Desk Lamp
CLO-BEA-3318,BeautyGlow Smart Pants Set 550,Clothing,Shoes,BeautyGlow,7.79,30.56,2022-06-30,,Evans-Joyce,45.69,96x67x9,274,62,3.4518904959776733,2.1736147116970854,3.4196919642983197,2.052840859882657,5.613131756016447,30.483391614968053,13.55667939567342,272,Solstice Eco Yoga Mat
BEA-BEA-3319,BeautyGlow Ultra Equipment,Beauty,Makeup,BeautyGlow,7.46,15.14,2022-07-12,,"Leach, Skinner and Mills",40.01,18x21x45,39,36,2.7813006628418027,2.135349173618132,2.717340248009303,2.0095554142156695,3.6635872868265618,15.052800653760235,10.842714836124086,42,Nimbus Select Trail Shoes 2024
BOO-FAS-3320,FashionForward Elite Tool,Books,Fiction,FashionForward,29.83,68.89,2022-02-18,,Carroll-Arnold,20.87,45x94x24,177,89,4.246922577489038,3.428488241898059,4.232511029605105,3.395514598526657,5.176155382275383,69.28945878250542,47.555176608263075,179,Solstice Smart Thermostat
AUT-OUT-3321,OutdoorAdventure Classic Equipment Edition 433,Automotive,Car Care,OutdoorAdventure,40.49,103.77,2022-10-31,2023-05-28,Palmer PLC,8.35,75x92x38,90,53,4.651767471364874,3.725452434344777,4.642176911617187,3.7010550300440697,4.499820781379649,103.97975199157752,71.16505137139656,86,Lumen Yoga Mat 2024
CLO-HOM-3322,HomeComfort Classic Jacket,Clothing,Mens Apparel,HomeComfort,17.57,67.17,2022-11-20,,Gutierrez-Marshall,30.71,54x80x50,310,77,4.222004585374694,2.9215473753646144,4.207226719278773,2.866192902199006,5.7365755232804405,67.27574710980889,43.673963724315264,312,Pulse Water Bottle 2025
AUT-HOM-3323,HomeComfort Elite Accessory,Automotive,Car Care,HomeComfort,90.65,270.62,2023-04-05,,"Carroll, King and Scott",16.48,10x36x10,342,38,5.604404030675922,4.517976974285714,5.600715622835498,4.50700593720086,5.834813661034938,270.43318526350555,173.79976352190687,340,Terra Lite Smart Thermostat
AUT-KIT-3324,KitchenMaster Modern Item,Automotive,Tools,KitchenMaster,19.98,52.6,2022-06-21,,Mack Inc,8.05,7x31x32,483,58,3.9815490680767565,3.043569602968151,3.9627161197436642,2.9947317732204075,6.180018724043804,52.91731457653687,30.807289493597644,479,Lumen Select Wireless Earbuds 2024
BOO-BEA-3325,BeautyGlow Elite Equipment,Books,Children Books,BeautyGlow,36.67,96.19,2023-07-13,,Yang Group,21.43,74x94x47,398,53,4.576667825515379,3.62886402170395,4.566325402164524,3.6019589820832345,5.986454517844095,96.63595930125528,71.12871371869473,403,Vertex Blender
CLO-HOM-3326,HomeComfort Modern Hat,Clothing,Shoes,HomeComfort,5.09,10.47,2022-09-07,2024-08-04,Hartman Group,49.7,66x62x40,115,44,2.4397349311412793,1.8066480817218056,2.3485140248824456,1.6272778305624314,4.744940823977617,10.784774316899222,5.645843747022814,119,Canyon Ultra Trail Shoes 2025
SPO-TEC-3327,TechPro Classic Product,Sports,Fitness Equipment,TechPro,14.18,26.1,2022-08-16,,Miller Ltd,31.7,86x95x28,245,41,3.299533727885655,2.719978771967484,3.261935314328648,2.6518325211039815,5.50126229216905,25.611533803087646,18.7725726082046,246,Harbor Edge Trail Shoes
HOM-HOM-3328,HomeComfort Smart Pot Set 971,Home & Garden,Garden Tools,HomeComfort,37.56,103.63,2023-05-27,,Edwards-Ramsey,38.38,12x37x26,109,53,4.6504303173929555,3.652215469742345,4.640826863196126,3.6259396543400624,4.691357056498987,103.76367334277974,70.13143948518776,109,Aurora Ultra Action Camera 2025
BOO-KIT-3329,KitchenMaster Modern Product Collection 894,Books,Educational,KitchenMaster,43.13,94.6,2024-02-03,,"Cole, Morton and Peterson",41.26,26x75x27,417,67,4.560172820057356,3.787139823281456,4.549657476057832,3.764218810659752,6.033088619877461,94.16011267381326,56.37007645437431,421,Vertex Action Camera
ELE-HOM-3330,HomeComfort Ultra Phone,Electronics,Tablets,HomeComfort,40.69,128.56,2022-12-06,,Clark Inc,14.59,57x71x43,371,99,4.864144094303128,3.7302612918927056,4.856395721429257,3.7059823620135983,5.916204758021593,128.32245507592705,61.777480790044635,370,Aurora Water Bottle
BEA-KIT-3331,KitchenMaster Modern Equipment,Beauty,Makeup,KitchenMaster,18.83,36.53,2022-04-17,,"Hendrix, Green and Nunez",48.56,73x13x28,403,84,3.6251406131469297,2.9871959425317045,3.5981338408071912,2.935451342669061,5.998939043333182,36.098334206340816,18.201224358369387,408,Terra Coffee Grinder
SPO-SMA-3332,SmartLife Modern Product,Sports,Team Sports,SmartLife,5.12,14.15,2022-12-18,,Ferguson-Smith,0.61,40x70x47,474,43,2.7180005319553784,1.8115620965242347,2.649714624089247,1.6331544390514163,6.161209431397492,14.2517195438904,7.7213857937089,469,Terra Wireless Earbuds
BEA-FAS-3333,FashionForward Smart Product Collection 738,Beauty,Fragrances,FashionForward,14.57,40.38,2023-12-08,,Smith Ltd,27.26,47x50x39,238,98,3.722797672317397,2.745345985845907,3.6983346128846915,2.6789646202071133,5.47227487534332,40.56285811522276,29.92284302535458,234,Terra Action Camera
SPO-TEC-3334,TechPro Classic Product System 368,Sports,Fitness Equipment,TechPro,44.76,130.26,2023-08-20,,Stevens-Sullivan,33.91,40x25x31,140,14,4.877180089045576,3.8234103470715426,4.869532453118255,3.8013148834437245,4.941649565440937,129.88219788530458,75.48517757565274,142,Aurora Trail Shoes
SPO-TEC-3335,TechPro Advanced Product Collection 835,Sports,Athletic Wear,TechPro,33.71,52.95,2022-09-08,,"Church, Guzman and Tucker",1.54,20x35x37,255,21,3.9880576917041437,3.547027829873695,3.9693480720474157,3.5177945292459696,5.541267466719364,52.83616210538408,40.420794666448266,250,Harbor Edge Water Bottle
AUT-HOM-3336,HomeComfort Smart Product,Automotive,Accessories,HomeComfort,31.52,73.27,2022-02-24,,"Li, Jensen and Vazquez",44.39,14x9x39,344,12,4.307707101681205,3.48185528467961,4.294151248171873,3.4506222649896783,5.840644564345917,73.22711177877643,47.52840321162814,341,Lumen Eco Yoga Mat
ELE-SPO-3337,SportElite Smart Speaker Set 302,Electronics,Tablets,SportElite,57.38,129.49,2023-04-15,2025-07-24,"Leonard, Ballard and Miller",32.83,67x26x37,392,68,4.871296595474155,4.0669733654259685,4.8636036580807485,4.049695810553219,5.971264390807617,129.3616719613257,82.09206167227843,388,Solstice Desk Lamp 2024
ELE-SMA-3338,SmartLife Advanced Monitor,Electronics,Tablets,SmartLife,54.99,146.78,2023-04-19,,Smith Inc,29.11,42x50x36,174,82,4.995724681360501,4.025173103360802,4.9889348671169165,4.007151350519723,5.159061046324451,146.4086045004755,114.7953886834172,173,Nimbus Wireless Earbuds 2025
HOM-KIT-3339,KitchenMaster Advanced Lamp Model 431,Home & Garden,Home Decor,KitchenMaster,11.09,31.54,2022-09-03,,Horton and Sons,19.4,77x95x45,42,66,3.482470101790892,2.492378664626701,3.451256581534892,2.4060438013622756,3.7376934275237357,31.460568834383725,21.72052648223617,40,Aurora Max Portable Speaker
ELE-OUT-3340,OutdoorAdventure Advanced Tablet,Electronics,Tablets,OutdoorAdventure,109.82,283.64,2023-10-02,,Clark Ltd,8.11,45x21x47,459,56,5.651225223917525,4.707907263439203,5.647705828435796,4.698842661850726,6.129052388707409,283.88615448685226,118.59066266960474,460,Terra Edge Blender
CLO-FAS-3341,FashionForward Elite Shirt,Clothing,Mens Apparel,FashionForward,17.06,44.81,2022-03-10,,Santos Group,35.52,16x43x28,251,47,3.8245024078986507,2.8936995479888394,3.802431328798052,2.836736542063533,5.525456923187592,44.389587511242595,18.579126769461876,250,Harbor Ultra Desk Lamp
BEA-AUT-3342,AutoCare Elite Item,Beauty,Hair Care,AutoCare,31.27,48.81,2023-11-12,2026-02-14,"Garrison, Ryan and Miller",19.35,84x38x34,103,13,3.908215767085192,3.4741380060638702,3.887935209899056,3.44265917146975,4.634738696920371,48.39857641380027,31.898009987883945,105,Canyon Blender
BOO-BEA-3343,BeautyGlow Premium Product,Books,Non-Fiction,BeautyGlow,12.51,25.57,2022-09-05,,Hernandez-Henderson,46.87,26x99x23,449,46,3.279782759771722,2.6034301519721073,3.2414197893030954,2.5265283244788197,6.107025114911266,25.427675865999266,19.903766452748517,447,Lumen Edge Wireless Earbuds
ELE-HOM-3344,HomeComfort Smart Speaker Kit 955,Electronics,Gaming,HomeComfort,6.34,18.46,2022-01-23,,Martin and Sons,4.6,96x16x40,461,14,2.968361076757859,1.9933388426264242,2.9156062290747062,1.8468787684491346,6.133400212191693,18.892891197386547,13.760864476817286,461,Harbor Portable Speaker
HOM-AUT-3345,AutoCare Modern Tool,Home & Garden,Kitchen,AutoCare,53.92,126.83,2023-12-26,2025-10-25,"Park, Maynard and Ruiz",30.43,37x16x13,409,93,4.8507012561799305,4.00587758089977,4.842847607079338,3.987501466604052,6.0137176010275875,126.99520119378846,81.6722499194803,407,Canyon Max Desk Lamp 2025
CLO-AUT-3346,AutoCare Ultra Jacket System 708,Clothing,Womens Apparel,AutoCare,8.31,18.06,2024-03-11,2025-07-13,Richards-Harris,37.08,98x34x21,410,74,2.947591898226056,2.231089091288976,2.8936995479888394,2.1174596088673567,6.016159598719769,18.235096557539112,7.674935522933625,406,Vertex Wireless Earbuds 2022
BEA-FAS-3347,FashionForward Pro Product Set 802,Beauty,Hair Care,FashionForward,9.24,22.5,2023-12-10,,"Gallegos, Myers and Cook",23.14,74x58x10,95,73,3.157000421150113,2.3263016196113617,3.1135153092103742,2.2235418856535927,4.553887417860929,22.364681591021107,16.628596434033085,90,Solstice Trail Shoes 2025
CLO-HOM-3348,HomeComfort Pro Shirt Set 269,Clothing,Kids Clothing,HomeComfort,21.22,68.71,2023-12-14,,Mccoy Ltd,25.17,33x10x10,148,85,4.244343779498307,3.100992784211484,4.229894749042985,3.054944133185837,4.997219030498045,68.80178757538437,34.028928105707216,143,Terra Lite Coffee Grinder 2024
AUT-OUT-3349,OutdoorAdventure Premium Product,Automotive,Car Care,OutdoorAdventure,14.11,41.3,2022-02-21,,Petty-Allison,32.27,96x13x42,194,96,3.744787086052232,2.715356776284648,3.720862499966987,2.6468837658647226,5.267863313689218,40.819928560347186,30.88137745106493,196,Harbor Blender
SPO-AUT-3350,AutoCare Elite Product System 210,Sports,Team Sports,AutoCare,52.14,131.09,2023-08-28,2024-07-30,"Lane, Simon and Duarte",3.6,32x29x25,200,81,4.883483508435773,3.9729299403316674,4.875884110209718,3.9539324085053558,5.298322366535537,131.22337412548134,53.47312722379348,198,Pulse Water Bottle
BEA-STY-3351,StyleMax Modern Product Edition 983,Beauty,Makeup,StyleMax,35.0,85.36,2023-05-16,2024-09-14,Freeman Group,48.69,96x94x9,466,71,4.458524605646606,3.58351893845611,4.446877606993498,3.5553480614894135,6.1441877800460905,85.76502120862472,55.52027811103734,465,Pulse Prime Trail Shoes 2022
ELE-SPO-3352,SportElite Pro Monitor System 912,Electronics,Smartphones,SportElite,108.16,310.17,2022-10-25,2023-05-23,"Garza, Carr and Gregory",5.69,97x31x15,11,41,5.740339386629081,4.692814695840138,5.737120534266712,4.683611612294654,2.3979861777572986,310.2803219989779,152.00824865745102,16,Solstice Flex Wireless Earbuds
HOM-KIT-3353,KitchenMaster Advanced Vase Edition 178,Home & Garden,Bedding,KitchenMaster,5.87,11.07,2023-06-16,,Hall-Brown,19.6,12x96x36,232,54,2.4907230351094403,1.927164106234258,2.4042387467205457,1.7698546338400052,5.446741682001848,11.436224621597018,7.581800266723915,234,Granite Trail Shoes
AUT-AUT-3354,AutoCare Modern Product Set 486,Automotive,Tools,AutoCare,59.78,157.46,2022-08-02,2023-02-24,Henderson LLC,41.78,89x68x46,257,19,5.065502195537096,4.107260787488647,5.059171457756321,4.090671156855792,5.549079975938233,157.67949359435679,86.55539059734963,258,Vertex Flex Blender
ELE-TEC-3355,TechPro Advanced Camera,Electronics,Gaming,TechPro,70.9,224.55,2022-02-01,,"Brown, Orozco and Butler",38.01,78x83x29,440,36,5.418541863854405,4.275276264727001,5.4140983995337475,4.2612704335380815,6.086776999636997,224.17814724807562,162.12419375092014,442,Granite Max Coffee Grinder
ELE-SMA-3356,SmartLife Modern Phone System 722,Electronics,Headphones,SmartLife,37.74,82.78,2023-09-04,,Wilson-Dean,48.4,55x92x43,125,27,4.428194315518889,3.65687265797885,4.416186486320586,3.630720539940404,4.828321737270302,83.17440424114012,61.68143887822854,127,Vertex Pro Coffee Grinder
AUT-SPO-3357,SportElite Modern Item Series 860,Automotive,Tools,SportElite,22.85,57.63,2023-06-20,,"Reed, Terry and Smith",39.09,79x68x9,140,93,4.071246510976124,3.1717842173343502,4.054043265448575,3.128951117340214,4.941649565440937,57.20511496746866,24.299265193633122,140,Aurora Trail Shoes
ELE-SMA-3358,SmartLife Smart Laptop Model 320,Electronics,Smart Home,SmartLife,9.24,27.56,2024-02-10,,Barber-Harrison,44.49,67x42x23,451,99,3.3520071374713836,2.3263016196113617,3.3163654461454577,2.2235418856535927,6.111469556795121,27.59328812309681,11.946268204640438,455,Lumen Water Bottle
BOO-KIT-3359,KitchenMaster Elite Product,Books,Non-Fiction,KitchenMaster,29.01,69.62,2022-01-06,,Hall-Robinson,24.7,23x72x25,467,79,4.25731339050024,3.4015306594522756,4.243051882383293,3.367640598133313,6.146331398994228,69.2692943813176,30.82569659550124,463,Solstice Action Camera 2023
AUT-AUT-3360,AutoCare Advanced Accessory Model 991,Automotive,Tools,AutoCare,7.95,13.27,2023-09-28,,"Morgan, Guzman and Kirby",44.72,58x8x18,470,49,2.658159431488745,2.191653532286764,2.5855058483441162,2.0731719286662407,6.152734822361415,12.791472478516285,7.033092076833241,470,Granite Trail Shoes
BOO-SPO-3361,SportElite Classic Equipment,Books,Non-Fiction,SportElite,5.95,17.02,2023-07-15,,"Mcdonald, Ware and Sharp",9.85,77x86x17,74,40,2.8914822521801917,1.9387416595767009,2.834389123145228,1.7833912195575383,4.304078606626376,16.943593574925085,8.07688763178794,69,Solstice Portable Speaker
BOO-TEC-3362,TechPro Ultra Accessory Model 549,Books,Fiction,TechPro,5.1,10.44,2022-11-15,,Moyer-Whitaker,44.94,40x71x32,377,71,2.437115985951652,1.8082887711792655,2.3456445824544927,1.62924053973028,5.932247839964386,10.239139893501072,7.908560372859108,372,Lumen Action Camera 2022
BEA-STY-3363,StyleMax Classic Product,Beauty,Hair Care,StyleMax,54.68,89.26,2022-02-09,,"Delgado, Ward and Kennedy",5.37,47x49x15,294,66,4.502694394398855,4.019621016026164,4.491553459201124,4.001498011855749,5.683583168693441,89.24628048392165,59.44555369292974,299,Terra Smart Thermostat
SPO-TEC-3364,TechPro Pro Gear,Sports,Athletic Wear,TechPro,11.4,22.26,2023-06-10,2024-09-07,Howell LLC,12.73,15x52x33,91,79,3.1467351470905185,2.517696472610991,3.102791345847399,2.4336133554004498,4.5108704954674606,22.33565588899986,15.065818692847953,88,Pulse Edge Yoga Mat 2023
ELE-BEA-3365,BeautyGlow Smart Camera,Electronics,Gaming,BeautyGlow,253.09,479.8,2023-03-01,,"Curry, Estrada and Anderson",6.0,44x54x6,440,35,6.175451383220998,5.537688534966898,6.173369350405594,5.533745156695466,6.086776999636997,479.3528642908628,261.6029291322611,437,Pulse Wireless Earbuds
SPO-STY-3366,StyleMax Elite Equipment,Sports,Fitness Equipment,StyleMax,12.4,19.01,2022-12-07,,Moore Group,35.49,39x53x27,465,43,2.996232148595642,2.5952547069568657,2.944965156500338,2.517696472610991,6.142039556122678,18.640543229221272,12.258336077714286,470,Solstice Classic Smart Thermostat
CLO-OUT-3367,OutdoorAdventure Smart Jacket,Clothing,Shoes,OutdoorAdventure,3.11,7.81,2024-03-08,,Leon Group,49.58,68x62x10,136,13,2.175887439948088,1.4134230285081433,2.0554049638515948,1.1346227261911428,4.912662238650196,7.8674695485214166,5.826626605884902,135,Canyon Flex Action Camera
CLO-BEA-3368,BeautyGlow Advanced Dress,Clothing,Kids Clothing,BeautyGlow,4.99,18.43,2022-12-29,,Young-Hawkins,39.42,8x6x19,3,21,2.9668182633893485,1.790091412127358,2.9139797716817317,1.6074359097634274,1.09894556645823,18.276304006109203,10.260557764930248,0,Nimbus Coffee Grinder
ELE-SMA-3369,SmartLife Elite Laptop,Electronics,Smart Home,SmartLife,187.88,377.6,2022-08-14,,Howard LLC,18.88,80x65x22,351,26,5.936480238775222,5.2411118927772575,5.933835434271345,5.2358034611587945,5.860789072464656,377.82459001779847,179.18196363668554,355,Canyon Pro Action Camera
BEA-FAS-3370,FashionForward Smart Equipment,Beauty,Skincare,FashionForward,17.46,32.25,2023-01-12,,Rhodes-Thompson,43.75,79x46x48,323,67,3.504054767101863,2.9156062290747062,3.4735180432417816,2.859912550411456,5.777655419193096,32.3992458156201,20.967191440923113,323,Solstice Action Camera
ELE-SPO-3371,SportElite Ultra Phone,Electronics,Smart Home,SportElite,31.55,83.51,2022-03-29,,"Johnson, Brown and Jordan",45.94,51x9x39,58,18,4.436869870556391,3.4827773686545784,4.424966385165138,3.4515735889872223,4.060460251777099,83.84869227573012,62.64273030458457,59,Terra Yoga Mat
CLO-BEA-3372,BeautyGlow Premium Pants System 743,Clothing,Shoes,BeautyGlow,13.85,34.67,2022-10-06,,"Perez, Hoffman and Tucker",37.3,65x64x7,7,98,3.5743099993708003,2.6979998652487085,3.545874759696932,2.6282852326333477,1.9460529959950605,34.85864297013584,25.14440091748174,11,Nimbus Select Trail Shoes
SPO-FAS-3373,FashionForward Advanced Accessory,Sports,Outdoor Gear,FashionForward,31.55,63.2,2023-12-28,2024-12-27,Glover-Hammond,29.74,50x37x23,313,59,4.162003210695915,3.4827773686545784,4.146304301152812,3.4515735889872223,5.746206385423228,63.13133245584235,44.50801096812962,318,Terra Smart Thermostat
SPO-BEA-3374,BeautyGlow Elite Item,Sports,Team Sports,BeautyGlow,54.91,144.26,2023-05-03,,"Adams, Hernandez and Vaughn",34.94,50x60x13,243,53,4.978525240178022,4.0237432550385535,4.971617227075527,4.005695481290781,5.493065558558419,144.42950728994654,98.21798119450052,240,Vertex Classic Smart Thermostat
CLO-TEC-3375,TechPro Premium Shirt,Clothing,Accessories,TechPro,38.81,149.84,2024-01-06,,"Munoz, Garcia and Williams",32.45,62x31x22,156,69,5.016219672390156,3.684118137012226,5.009568058135833,3.658677945380815,5.049862417485402,149.6198735507703,81.22593197333127,154,Lumen Smart Thermostat 2022
BOO-AUT-3376,AutoCare Elite Product,Books,Educational,AutoCare,14.53,24.36,2023-02-24,,Lloyd-Estes,27.59,25x59x22,465,75,3.233173129569025,2.7427736371605955,3.192942442841696,2.6762154775821916,6.142039556122678,24.170187228802646,13.52616383281004,469,Granite Blender
BOO-STY-3377,StyleMax Premium Item Series 576,Books,Children Books,StyleMax,6.09,14.21,2022-04-16,2024-07-11,Villegas PLC,14.27,88x48x33,207,19,2.7219531062712017,1.958685340544036,2.6539459421090092,1.8066480817218056,5.3327236241715745,14.493205456722379,7.559192986186714,212,Vertex Water Bottle
BEA-TEC-3378,TechPro Ultra Tool,Beauty,Makeup,TechPro,13.84,26.62,2023-12-17,,"Casey, Meza and Colon",14.49,85x95x45,434,41,3.318540147981146,2.6973262377392344,3.2816628129669656,2.6275629501895237,6.073046838245216,26.567491126073552,17.40168559796883,438,Granite Select Coffee Grinder 2024
HOM-HOM-3379,HomeComfort Smart Pot Collection 790,Home & Garden,Bedding,HomeComfort,25.39,58.45,2023-04-29,,Romero and Sons,42.99,89x67x41,284,25,4.085135623136791,3.2729851505152325,4.068171687918078,3.234355395716587,5.648977759281768,58.74241273370799,27.632486123630418,288,Nimbus Coffee Grinder
BEA-TEC-3380,TechPro Elite Equipment,Beauty,Makeup,TechPro,8.44,17.44,2023-10-15,,"Wilson, Harris and Ward",35.58,17x15x26,265,81,2.914522218128448,2.2449559801574095,2.8587664184808337,2.1329823086078656,5.579733599564007,17.755973926194915,12.75526906490002,269,Terra Portable Speaker
CLO-OUT-3381,OutdoorAdventure Modern Shirt,Clothing,Mens Apparel,OutdoorAdventure,5.66,17.24,2023-09-01,,"Carter, Alexander and Hunter",46.62,5x67x41,61,24,2.9036169846461855,1.8961194845522977,2.847232265235547,1.7334238922150915,4.110890257481564,17.590411090908056,10.772081045833989,65,Aurora Trail Shoes
SPO-STY-3382,StyleMax Ultra Equipment Edition 829,Sports,Fitness Equipment,StyleMax,27.37,67.72,2022-04-16,,"Harrell, Moore and Cox",42.83,35x12x41,234,56,4.230040277676,3.34533224882076,4.2153815572649345,3.309447523052588,5.4553253888528435,68.12830253112438,32.67600381287288,231,Canyon Action Camera
AUT-HOM-3383,HomeComfort Ultra Equipment Kit 932,Automotive,Car Care,HomeComfort,19.23,51.03,2023-06-13,,Martinez and Sons,42.91,48x95x16,123,73,3.9518204753022124,3.007166651179654,3.93241369507588,2.9564715596006885,4.8121924854206695,50.962365516103034,37.09736807022779,118,Granite Yoga Mat
BEA-BEA-3384,BeautyGlow Modern Equipment Edition 673,Beauty,Fragrances,BeautyGlow,20.69,48.42,2022-05-04,,Montes-Hammond,17.1,27x47x11,80,21,3.900355200560464,3.076851324838783,3.8799129515099127,3.029650491757452,4.3820391345957574,48.24248948195472,36.47396354192597,82,Vertex Portable Speaker
AUT-OUT-3385,OutdoorAdventure Elite Product,Automotive,Car Parts,OutdoorAdventure,10.15,23.93,2023-08-23,2025-04-12,Sanchez Group,33.33,57x98x6,75,79,3.2160718975354667,2.4114394979061275,3.175132901920282,2.3174737054877963,4.3175014467807555,24.010554771662232,10.721346894524876,79,Nimbus Desk Lamp
SPO-SPO-3386,SportElite Smart Tool,Sports,Team Sports,SportElite,16.32,33.33,2022-03-06,,Mitchell-Jackson,20.19,90x72x13,499,23,3.5360196074696004,2.851861903134289,3.506457892319648,2.792391349535961,6.212608099757527,33.203748974968875,22.008379004644272,503,Pulse Prime Smart Thermostat 2024
AUT-TEC-3387,TechPro Smart Accessory,Automotive,Car Parts,TechPro,8.74,19.31,2024-02-15,,Watson-Fischer,42.15,7x62x7,415,41,3.011113375592293,2.2762411176544437,2.960623096440423,2.167910189667444,6.028280929866349,19.40905268346423,10.217933633568718,411,Nimbus Flex Wireless Earbuds 2025
SPO-OUT-3388,OutdoorAdventure Classic Accessory,Sports,Fitness Equipment,OutdoorAdventure,44.75,96.31,2023-08-17,,Soto-Sanchez,1.93,95x9x41,493,75,4.577901758833898,3.8231917917215306,4.567572155572773,3.8010914447208646,6.200511202438199,96.51147414539095,76.23060685029643,488,Harbor Pro Coffee Grinder
CLO-OUT-3389,OutdoorAdventure Ultra Shoes Kit 808,Clothing,Kids Clothing,OutdoorAdventure,27.89,80.05,2024-01-10,,"Fisher, Perez and Pham",22.07,57x92x16,315,62,4.395066248181685,3.363495514478144,4.382651439442724,3.3282682016393976,5.752575813423769,80.23463691812229,42.04144491529294,317,Aurora Max Wireless Earbuds
HOM-FAS-3390,FashionForward Ultra Pot,Home & Garden,Furniture,FashionForward,3.81,10.36,2023-02-09,,Hardin-Villanueva,6.75,65x55x28,346,45,2.4300984132930052,1.5706970841176697,2.337952236831337,1.3376291891386096,5.846441665226958,10.237061829279718,6.895269995174674,347,Terra Max Coffee Grinder 2024
ELE-OUT-3391,OutdoorAdventure Elite Monitor System 377,Electronics,Smart Home,OutdoorAdventure,21.55,53.83,2023-08-15,,"Norton, Cox and Johnson",42.97,10x29x24,170,26,4.004237489415957,3.1157350659486873,3.985830932572866,3.070375816549757,5.135804319385902,53.503522997664774,41.609885581401755,171,Harbor Pro Smart Thermostat 2024
AUT-TEC-3392,TechPro Elite Equipment,Automotive,Tools,TechPro,5.22,10.95,2022-08-20,2023-06-24,Carrillo Ltd,42.27,54x89x21,176,31,2.4807312783775197,1.827769906751088,2.3933394562625097,1.6524974018945473,5.170489676840192,10.881918751692963,6.05116183138952,174,Terra Trail Shoes
HOM-SPO-3393,SportElite Smart Chair,Home & Garden,Garden Tools,SportElite,11.19,28.8,2022-02-03,,"Acevedo, Miller and Edwards",23.13,38x10x29,116,52,3.3945083935113587,2.5006159434931803,3.3603753871419,2.4150205223238337,4.753598811758862,28.44974226120027,20.019471207842113,121,Vertex Select Trail Shoes
ELE-OUT-3394,OutdoorAdventure Advanced Laptop,Electronics,Headphones,OutdoorAdventure,50.23,109.52,2023-02-14,,Hamilton Group,18.47,21x48x50,285,35,4.705196500055216,3.936325297951111,4.696107180980193,3.9166124577619534,5.652492689034425,109.90229509448012,70.91743461131702,288,Aurora Portable Speaker
SPO-TEC-3395,TechPro Advanced Product,Sports,Fitness Equipment,TechPro,5.45,15.73,2023-02-22,,Keller Ltd,10.52,22x68x32,118,37,2.8172035149987327,1.864080130807681,2.7555697170701863,1.6956156086751528,4.770693099006027,15.5789599115231,11.961021831518655,118,Lumen Water Bottle 2022
HOM-HOM-3396,HomeComfort Advanced Pot,Home & Garden,Kitchen,HomeComfort,8.76,23.3,2024-02-29,,Orr Inc,23.32,33x68x48,90,33,3.190476350346503,2.278292400425001,3.1484533605716547,2.1701959049483,4.499820781379649,22.961370552278858,17.017468465795446,86,Pulse Edge Wireless Earbuds
HOM-SPO-3397,SportElite Pro Chair Collection 834,Home & Garden,Home Decor,SportElite,8.14,17.96,2024-02-25,,"Whitney, Lloyd and Liu",35.75,11x5x39,354,84,2.942331496826876,2.2126603854660587,2.8881470628740535,2.096790180014449,5.869299737988541,17.494938804707637,11.910713643687814,349,Canyon Prime Water Bottle 2022
HOM-SPO-3398,SportElite Ultra Chair Edition 111,Home & Garden,Kitchen,SportElite,24.2,46.0,2022-07-15,,Barnes-Blackwell,38.11,92x20x45,320,78,3.8501476017100584,3.2268439945173775,3.828641396489095,3.186352633162641,5.76832412078889,46.14290593856075,35.25761907427279,315,Nimbus Smart Thermostat
AUT-OUT-3399,OutdoorAdventure Ultra Gear,Automotive,Tools,OutdoorAdventure,21.38,56.63,2022-03-26,2024-07-14,"Spencer, Torres and Newton",24.39,75x85x5,137,69,4.054043265448575,3.108167702883779,4.036538880125714,3.062455905596899,4.919988225071559,56.76416427110565,24.7304147324479,140,Nimbus Desk Lamp
CLO-STY-3400,StyleMax Advanced Hat,Clothing,Shoes,StyleMax,6.84,20.21,2023-03-08,,Smith-Ramirez,19.34,7x88x45,197,47,3.0544727685765913,2.0592388343623163,3.00617753141553,1.922787731634459,5.283208804867237,20.053792083249668,15.99452720790776,195,Nimbus Coffee Grinder
HOM-BEA-3401,BeautyGlow Ultra Pot,Home & Garden,Bedding,BeautyGlow,23.55,40.42,2023-01-12,,"Bishop, Thomas and Powell",34.87,33x64x44,342,30,3.723763855967438,3.2007118542405295,3.699324711975475,3.159125820462427,5.834813661034938,40.0002776510707,24.25840488130444,341,Solstice Select Trail Shoes
SPO-TEC-3402,TechPro Advanced Product,Sports,Team Sports,TechPro,12.28,30.01,2023-04-07,,"Harris, Stephens and Kramer",48.49,82x59x38,271,56,3.4343097331123578,2.5862591440482876,3.4015306594522756,2.5079719227189963,5.602122510909793,29.92143631699733,22.46205266569989,268,Canyon Water Bottle 2024
BOO-BEA-3403,BeautyGlow Elite Tool,Books,Non-Fiction,BeautyGlow,15.73,28.63,2023-08-09,2025-10-14,"Ramos, Reed and Cain",22.9,82x64x48,344,76,3.388787361585474,2.8172035149987327,3.354455119110024,2.7555697170701863,5.840644564345917,28.444993145162126,19.255222679685716,342,Aurora Select Action Camera
AUT-SPO-3404,SportElite Pro Accessory,Automotive,Tools,SportElite,90.57,168.19,2022-04-07,,"Sullivan, Gonzalez and Turner",18.77,79x91x31,493,54,5.131022343770705,4.517103707119641,5.125094292739341,4.506123032386857,6.200511202438199,168.36357822694032,72.32498212464488,495,Lumen Blender
AUT-STY-3405,StyleMax Premium Product,Automotive,Car Care,StyleMax,67.12,140.55,2023-03-21,,Medina Group,36.85,72x56x45,343,14,4.952653011557909,4.221270855794487,4.945563297352541,4.206482062158951,5.8377333626135846,140.65366366446364,103.4257584065409,341,Solstice Desk Lamp
SPO-SPO-3406,SportElite Ultra Equipment,Sports,Athletic Wear,SportElite,6.24,10.23,2022-11-01,,"Higgins, Hobbs and Meyer",28.89,73x59x20,72,81,2.418588768750352,1.979621206397625,2.325324579963535,1.8309801823813363,4.276680007808494,10.09730185363359,4.176921294030413,75,Solstice Pro Wireless Earbuds
BOO-KIT-3407,KitchenMaster Pro Accessory System 442,Books,Educational,KitchenMaster,42.38,75.35,2022-05-31,,"Campbell, Davis and Arnold",19.12,24x18x25,180,82,4.335328031664641,3.7699985053987284,4.3221439250725044,3.746676552840153,5.192962406430334,75.07353470316988,53.87894324148287,183,Vertex Lite Smart Thermostat
AUT-SPO-3408,SportElite Modern Gear Kit 524,Automotive,Accessories,SportElite,41.69,76.78,2023-09-11,,"Peterson, Reid and Johnson",16.91,81x41x5,102,81,4.3538843287276014,3.7539647007698704,4.340944189572651,3.7302612918927056,4.624982617157782,77.25827524683248,38.88977278880489,102,Nimbus Water Bottle
BOO-AUT-3409,AutoCare Ultra Equipment,Books,Educational,AutoCare,7.15,19.07,2023-10-31,,"Vargas, Allen and Schroeder",3.82,12x70x36,111,14,2.9992261628082466,2.0980179272527715,2.9481164196123277,1.9671123567059163,4.709539210280762,19.024921588772195,11.059740431403435,107,Aurora Select Action Camera
ELE-STY-3410,StyleMax Premium Camera Set 578,Electronics,Laptops,StyleMax,123.81,385.81,2023-01-25,,"Henderson, Wagner and Dennis",11.15,100x26x27,376,59,5.957933616399037,4.826792580930363,5.955345020301596,4.8187481324326,5.929591802960826,385.99450875106464,172.2340342170606,380,Vertex Max Blender
BEA-SPO-3411,SportElite Elite Product,Beauty,Fragrances,SportElite,80.17,144.85,2023-06-02,,Green-Romero,28.26,81x13x32,341,60,4.98257869631373,4.3965457207730845,4.975698724215359,4.38414938005486,5.831885409830536,144.4977419082268,83.57788374554553,346,Terra Wireless Earbuds
ELE-KIT-3412,KitchenMaster Pro Phone,Electronics,Smartphones,KitchenMaster,17.77,39.51,2023-06-16,,Williams Ltd,36.03,98x7x33,106,29,3.701548857214599,2.9322598505984176,3.6765538044232993,2.87751164216656,4.663448528029832,39.495877905666205,23.151548063274635,107,Vertex Yoga Mat
SPO-BEA-3413,BeautyGlow Modern Tool,Sports,Team Sports,BeautyGlow,8.8,21.48,2022-07-22,,West PLC,25.75,83x51x45,480,45,3.1126260250254902,2.2823823856765264,3.067122269640664,2.174751721484161,6.1737881872331,21.016985985472076,15.170413566581237,483,Canyon Smart Thermostat
ELE-SMA-3414,SmartLife Premium Monitor,Electronics,Headphones,SmartLife,151.06,398.68,2023-05-23,2025-01-16,"Smith, Morgan and Young",14.7,95x89x47,187,91,5.990664226937213,5.0242751798002905,5.988159090099256,5.017677108885302,5.231113964433871,398.6853460155522,292.43899252143774,187,Pulse Classic Water Bottle 2024
BOO-TEC-3415,TechPro Ultra Gear,Books,Fiction,TechPro,25.64,69.8,2024-01-03,,"Zhang, Cunningham and Kline",21.82,78x43x21,468,73,4.259859000699674,3.2824138456721883,4.2456340097683265,3.2441536320524693,6.148470432667501,70.25473705897535,30.44870791557069,465,Granite Eco Smart Thermostat 2025
AUT-SPO-3416,SportElite Modern Tool,Automotive,Tools,SportElite,32.99,86.32,2023-12-30,,"Wade, Richard and Hall",25.11,78x8x47,169,59,4.4695795316817435,3.5260663637080247,4.458061320949879,3.49620448524049,5.1299046320653305,86.20652257872608,57.66050162644712,170,Pulse Eco Trail Shoes
SPO-STY-3417,StyleMax Smart Equipment,Sports,Team Sports,StyleMax,27.29,77.53,2024-01-28,,Mitchell-Glover,4.62,72x74x37,121,66,4.363480717386783,3.342508385313476,4.350664958230868,3.306520334720247,4.795798810025401,77.07821609232342,50.190798292999105,120,Canyon Smart Thermostat
HOM-BEA-3418,BeautyGlow Advanced Chair,Home & Garden,Kitchen,BeautyGlow,28.55,60.09,2022-11-23,,"Armstrong, Taylor and Gray",25.22,55x25x25,29,29,4.112348186661675,3.386083743852107,4.095843438345836,3.351656936102019,3.367330312150578,59.63033667510096,29.580853113764086,24,Aurora Lite Yoga Mat
CLO-OUT-3419,OutdoorAdventure Classic Dress,Clothing,Mens Apparel,OutdoorAdventure,4.22,13.56,2023-10-18,,"Wright, Murphy and Aguilar",46.52,43x34x27,128,77,2.67827804276854,1.6524974018945473,2.6071242825122494,1.4398351280479205,4.8520380763891,13.450227024747933,8.937280515837367,125,Granite Blender
SPO-HOM-3420,HomeComfort Pro Product,Sports,Team Sports,HomeComfort,51.55,130.38,2023-02-03,2024-03-29,Gibson-Thomas,25.27,13x5x38,279,15,4.878093887464327,3.96176509732296,4.870453263496393,3.942552210462969,5.631215366044333,130.04682443773393,54.51238040945843,278,Pulse Prime Action Camera
CLO-BEA-3421,BeautyGlow Classic Shoes Edition 100,Clothing,Kids Clothing,BeautyGlow,31.05,118.29,2023-08-25,,Poole-Miller,10.68,56x38x33,141,68,4.781557503293855,3.467297183366679,4.773139236557646,3.435598808379488,4.9487669825516,117.82288505440162,59.48039656144263,142,Harbor Lite Blender
SPO-STY-3422,StyleMax Classic Item Series 931,Sports,Fitness Equipment,StyleMax,16.34,32.79,2024-02-12,,Coleman and Sons,28.77,92x56x49,160,54,3.5201649007261984,2.853015971352396,3.4901235908565567,2.7936160894318567,5.075180065214296,33.041089341671174,18.536986281658816,157,Aurora Lite Yoga Mat
BOO-OUT-3423,OutdoorAdventure Pro Accessory,Books,Children Books,OutdoorAdventure,19.31,47.48,2022-02-13,,Lewis-Miller,15.2,45x71x43,113,37,3.881151341761059,3.011113375592293,3.860308569741467,2.960623096440423,4.727396668230706,47.43935254870425,21.235843607151427,113,Vertex Classic Water Bottle
CLO-HOM-3424,HomeComfort Classic Hat,Clothing,Kids Clothing,HomeComfort,3.58,10.03,2022-04-13,,"Fox, Chapman and Stone",25.83,45x100x5,392,13,2.400618833265411,1.5216989981260935,2.305580601973844,1.275362800412609,5.971264390807617,9.823459876533201,7.66384724110251,391,Terra Edge Portable Speaker
CLO-AUT-3425,AutoCare Modern Pants,Clothing,Accessories,AutoCare,18.38,37.19,2022-02-01,2023-05-28,Wiggins-Silva,40.55,64x17x39,47,57,3.6425737012374246,2.96424160646262,3.6160399079369787,2.911263116927541,3.85016887807946,37.58208151935615,26.201284794108922,42,Aurora Flex Action Camera
BOO-SMA-3426,SmartLife Pro Tool System 889,Books,Fiction,SmartLife,33.61,79.58,2022-07-14,,"Henderson, Alexander and Galvan",31.31,97x52x7,449,55,4.389250479763201,3.544142657647253,4.376762804998783,3.5148236417370144,6.107025114911266,79.20381618099651,48.62999201155024,453,Lumen Trail Shoes
HOM-KIT-3427,KitchenMaster Pro Pot,Home & Garden,Furniture,KitchenMaster,18.99,51.58,2022-08-16,,Dennis-Butler,28.86,73x61x10,256,65,3.9623358193017353,2.995232148512309,3.9431340004531985,2.9439125248241944,5.545181350721933,52.026800452376214,36.89785348987832,256,Pulse Pro Water Bottle
AUT-STY-3428,StyleMax Modern Item,Automotive,Accessories,StyleMax,55.25,136.09,2023-09-17,,Thomas and Sons,29.91,31x95x15,384,81,4.920637644447809,4.029806041084529,4.913316431572226,4.0118683403978626,5.950645156751003,135.9076873830298,68.28517645103382,386,Granite Pro Wireless Earbuds
BEA-TEC-3429,TechPro Modern Accessory Edition 185,Beauty,Hair Care,TechPro,14.87,25.73,2023-08-29,,Dawson-Anderson,40.66,14x29x22,295,55,3.2857865301508276,2.7644305345383176,3.2476576262936527,2.6993457604720636,5.686978746164582,26.11063559886251,11.288066103733321,290,Pulse Lite Action Camera
CLO-TEC-3430,TechPro Ultra Shirt,Clothing,Womens Apparel,TechPro,19.14,74.4,2022-08-07,,"Palmer, Rice and Benson",33.84,65x68x28,267,81,4.32280727501391,3.0027078872904163,4.309455941839047,2.9517803860248084,5.587252403711588,74.50088401894988,46.97220779289182,263,Aurora Blender
HOM-HOM-3431,HomeComfort Modern Lamp,Home & Garden,Garden Tools,HomeComfort,8.02,16.71,2022-04-19,2023-04-19,Kennedy-Francis,45.27,99x21x7,332,39,2.874129451794742,2.199444334074532,2.8160073426073025,2.081938421878423,5.805137980960145,17.030173212546657,11.293507593411512,330,Lumen Action Camera 2024
ELE-KIT-3432,KitchenMaster Advanced Phone,Electronics,Headphones,KitchenMaster,53.33,132.6,2022-04-06,,"Wood, Crane and Guzman",5.98,60x11x46,32,79,4.894850261102546,3.9950765605634317,4.887337077751762,3.9764990246125107,3.4657671523114555,133.07433289994626,55.27637742849239,28,Harbor Lite Blender 2022
ELE-HOM-3433,HomeComfort Smart Camera,Electronics,Smartphones,HomeComfort,45.86,121.64,2022-08-15,,Rodriguez-Wood,9.19,50x79x37,393,73,4.809253234563559,3.8471644330796497,4.801065862809164,3.8255932774297583,5.973812156395286,121.43263732906237,75.53826820705075,398,Granite Max Action Camera
BOO-TEC-3434,TechPro Classic Product Set 391,Books,Non-Fiction,TechPro,24.6,67.01,2022-12-16,,Williams-Hernandez,27.79,93x69x49,309,23,4.219654753187547,3.242592351485517,4.20484186198508,3.202746442938317,5.733344513138463,67.46191277569945,40.7726740068776,312,Nimbus Trail Shoes
AUT-KIT-3435,KitchenMaster Classic Accessory Set 514,Automotive,Car Parts,KitchenMaster,14.4,40.19,2022-02-19,,Torres-Brooks,18.03,49x25x10,33,28,3.718195508447989,2.7343675094195836,3.6936182084611096,2.667228206581955,3.4965378640376557,40.08169225700437,26.427465019434248,37,Granite Select Blender
AUT-SPO-3436,SportElite Classic Item,Automotive,Car Parts,SportElite,17.84,37.61,2022-10-08,,Tucker-Moody,47.08,76x6x21,130,62,3.653511310276145,2.935982269148217,3.627269972482245,2.8814431271518632,4.867542142733689,37.49780166664218,16.35581403443118,132,Vertex Trail Shoes
AUT-OUT-3437,OutdoorAdventure Pro Accessory,Automotive,Car Parts,OutdoorAdventure,42.24,120.84,2022-09-20,2024-10-04,Bowers Group,42.05,39x59x41,166,43,4.8027087085869065,3.7667659927710075,4.794467356518472,3.743367639398006,5.111993812434784,120.68357936216943,69.08142980166086,168,Solstice Portable Speaker
HOM-AUT-3438,AutoCare Premium Vase Kit 931,Home & Garden,Home Decor,AutoCare,13.56,37.61,2022-12-07,,Zuniga LLC,45.59,9x57x13,354,68,3.653511310276145,2.67827804276854,3.627269972482245,2.6071242825122494,5.869299737988541,37.650579455200635,18.641937622793606,352,Granite Water Bottle
HOM-SMA-3439,SmartLife Classic Tool,Home & Garden,Bedding,SmartLife,4.73,11.95,2023-10-15,,Lewis-Fuentes,41.67,78x88x7,249,43,2.5610957881455465,1.7457155307266483,2.4807312783775197,1.5539252025038417,5.5174569125209,11.611062142314916,5.518474412123579,248,Canyon Edge Wireless Earbuds
CLO-BEA-3440,BeautyGlow Pro Dress System 773,Clothing,Accessories,BeautyGlow,49.39,100.36,2023-09-28,,Smith-Kelley,46.5,88x61x32,91,50,4.618678536012884,3.9197927426925068,4.608763721498222,3.8997479745525334,4.5108704954674606,100.41263725565085,66.59972426762891,89,Harbor Eco Action Camera
AUT-OUT-3441,OutdoorAdventure Ultra Equipment,Automotive,Tools,OutdoorAdventure,69.64,145.25,2022-03-29,,Harrell Group,40.34,29x10x11,200,46,4.985317486111966,4.257596556295705,4.978456395732021,4.243339114899988,5.298322366535537,145.2908707161618,91.02796576404882,203,Canyon Yoga Mat
SPO-OUT-3442,OutdoorAdventure Classic Item,Sports,Outdoor Gear,OutdoorAdventure,6.28,12.18,2023-12-31,,Berry-Knight,25.99,79x6x13,494,97,2.578700529074361,1.9851308622085946,2.4997952622817508,1.8373699804801074,6.202537541477372,12.436663776352772,5.728467748275756,490,Solstice Prime Action Camera
SPO-KIT-3443,KitchenMaster Modern Equipment Set 499,Sports,Outdoor Gear,KitchenMaster,37.37,77.74,2024-02-27,,Harrington-Alvarez,20.01,6x29x24,305,76,4.366151285515591,3.647275904258861,4.353369925424077,3.6208682434973927,5.720315055290561,78.06697696269883,51.11028270181805,310,Pulse Water Bottle
CLO-SMA-3444,SmartLife Classic Jacket,Clothing,Kids Clothing,SmartLife,8.15,18.33,2023-01-14,,"Bass, Anderson and Taylor",41.98,100x67x48,151,15,2.9616582932202395,2.21375387928743,2.9085390618516134,2.0980179272527715,5.017286459309552,18.271632523306174,8.81470961633523,153,Terra Lite Blender
CLO-AUT-3445,AutoCare Modern Pants Kit 251,Clothing,Mens Apparel,AutoCare,15.04,39.78,2022-10-08,,"Murray, Cole and Cole",10.23,24x48x29,425,14,3.708191765146309,2.7750856024383683,3.683364273425826,2.7107133185216936,6.052091521862825,39.586286584364466,16.768872565444216,421,Canyon Max Portable Speaker
ELE-AUT-3446,AutoCare Ultra Monitor,Electronics,Smart Home,AutoCare,73.28,138.31,2022-07-04,2023-02-26,"Nguyen, Marsh and Beck",17.04,24x6x45,184,39,4.936701665718133,4.307841736484505,4.929497542636617,4.294287720365875,5.214941192376826,138.07414819937077,76.03962199534575,179,Nimbus Trail Shoes 2025
HOM-STY-3447,StyleMax Smart Pot Model 480,Home & Garden,Kitchen,StyleMax,16.27,46.81,2022-01-18,,Hughes-Mccullough,48.04,84x34x23,339,29,3.867234822638012,2.848970892158587,3.846096855311979,2.7893229212309465,5.826003057228607,46.51073135997078,23.41113407361717,343,Terra Eco Wireless Earbuds
CLO-HOM-3448,HomeComfort Pro Shirt,Clothing,Womens Apparel,HomeComfort,6.51,24.51,2023-08-16,,Weaver-Rubio,12.98,100x33x11,405,45,3.23907053215372,2.0162354657760435,3.1990811975400213,1.873339456220478,6.003889536239293,24.076494630555047,11.507627260270965,402,Canyon Water Bottle
BEA-BEA-3449,BeautyGlow Premium Tool,Beauty,Skincare,BeautyGlow,10.79,24.04,2022-08-16,,Fitzgerald-Brewer,45.36,30x92x45,238,71,3.2204745462318978,2.4672517145492794,3.179719109667007,2.378619779270043,5.47227487534332,23.885599019258017,11.034767931838498,241,Solstice Blender 2024
BOO-BEA-3450,BeautyGlow Premium Product Series 537,Books,Non-Fiction,BeautyGlow,8.81,25.5,2022-05-31,,Mann PLC,10.93,84x77x48,461,76,3.2771447329921766,2.2834022735772717,3.2386784521643803,2.175887439948088,6.133400212191693,25.274842738288168,16.225909795603997,458,Pulse Edge Desk Lamp
ELE-STY-3451,StyleMax Premium Phone,Electronics,Smart Home,StyleMax,23.76,61.63,2022-06-04,,"Hogan, Zimmerman and Hoffman",8.21,57x49x34,265,88,4.137244396537321,3.209229447816395,4.121148764974151,3.168003494494444,5.579733599564007,62.08708903814908,48.39655164881378,268,Aurora Yoga Mat
AUT-SPO-3452,SportElite Advanced Gear,Automotive,Accessories,SportElite,18.91,41.17,2022-10-17,,Schneider Inc,43.56,21x58x18,392,99,3.7417090677584683,2.991222118076105,3.7177098357818132,2.9396908826703663,5.971264390807617,41.226554649725045,26.35405409635237,393,Canyon Lite Water Bottle
HOM-OUT-3453,OutdoorAdventure Elite Table,Home & Garden,Home Decor,OutdoorAdventure,10.55,31.52,2023-10-04,2025-02-13,Friedman PLC,14.84,28x21x45,164,35,3.48185528467961,2.446685436967803,3.4506222649896783,2.3561258599220753,5.099872525366584,31.370331498249897,16.641882687664747,168,Canyon Water Bottle
HOM-STY-3454,StyleMax Modern Tool,Home & Garden,Furniture,StyleMax,37.11,97.81,2023-07-21,2024-03-04,"Todd, Bernard and Boyd",49.25,37x48x28,117,80,4.593198814206872,3.640476714885769,4.5830268213024015,3.613886475072506,4.762182481769778,97.88885824897382,60.67737256875238,112,Nimbus Classic Trail Shoes
BEA-OUT-3455,OutdoorAdventure Modern Product Model 551,Beauty,Makeup,OutdoorAdventure,76.59,160.47,2023-03-22,,Shaw-Smith,19.01,10x73x13,276,79,5.08431936689353,4.351438552905858,5.078107009211268,4.338466519921502,5.620404488898992,160.1164127673188,80.12461300958495,280,Aurora Desk Lamp 2023
SPO-AUT-3456,AutoCare Modern Item,Sports,Team Sports,AutoCare,11.92,20.19,2023-10-03,,"Mayer, White and Smith",10.46,92x32x50,466,59,3.0535293722802077,2.558776498354456,3.005187432324746,2.4782176616372036,6.1441877800460905,20.13516287421816,13.23297055514027,465,Canyon Eco Trail Shoes
BOO-KIT-3457,KitchenMaster Smart Item,Books,Educational,KitchenMaster,24.91,65.4,2022-05-20,,Sanchez Ltd,4.85,88x9x35,430,47,4.1956970564823886,3.2546289945740186,4.180522258463153,3.215269329274089,6.063787534266299,65.52370963499264,35.78265139030883,433,Lumen Select Smart Thermostat
BEA-BEA-3458,BeautyGlow Ultra Product Set 224,Beauty,Skincare,BeautyGlow,31.49,47.96,2023-02-01,2024-05-19,"Wallace, Roman and Lawson",17.84,80x81x29,476,49,3.8910036382040705,3.4809323496810087,3.8703673301593136,3.4496700351129332,6.16541995506955,47.949119875156605,34.78382967210667,473,Aurora Max Yoga Mat
HOM-BEA-3459,BeautyGlow Ultra Table System 914,Home & Garden,Garden Tools,BeautyGlow,30.72,74.29,2023-05-06,2024-03-06,Chapman-Henry,34.21,51x34x19,419,41,4.321347323862031,3.456947396766647,4.307976353163715,3.4249139082794713,6.037873306554134,74.19374322464124,37.11558515458099,422,Harbor Flex Water Bottle
HOM-FAS-3460,FashionForward Elite Tool,Home & Garden,Home Decor,FashionForward,21.51,52.11,2022-01-30,2022-09-13,Morgan and Sons,37.34,86x43x19,150,48,3.972365234434308,3.113959654918641,3.9533568689211234,3.068517943279639,5.0106419607407,52.5939714211217,30.595049861547924,149,Vertex Lite Desk Lamp
BOO-AUT-3461,AutoCare Advanced Tool,Books,Children Books,AutoCare,39.19,95.64,2024-01-22,,Johnson-Rice,25.38,65x70x30,27,100,4.570992734186505,3.6936182084611096,4.560591142590124,3.66842161221154,3.295873902355512,96.01270846690595,68.97305691512389,30,Pulse Water Bottle
AUT-STY-3462,StyleMax Advanced Tool,Automotive,Tools,StyleMax,31.0,69.71,2022-09-19,,Scott-Wilson,21.91,33x70x13,251,46,4.25858700561615,3.4657359027997265,4.244343779498307,3.4339872044851463,5.525456923187592,69.83093783899625,47.710977866783466,255,Solstice Coffee Grinder
BOO-SPO-3463,SportElite Smart Item Collection 334,Books,Fiction,SportElite,6.59,18.5,2022-11-26,,Weaver LLC,2.14,61x6x23,230,36,2.970414465569701,2.0268315914075385,2.917770732084279,1.8855533485144158,5.43808365673983,18.567989813958636,9.294328300931632,230,Vertex Desk Lamp
BEA-BEA-3464,BeautyGlow Smart Equipment,Beauty,Skincare,BeautyGlow,43.91,86.27,2023-04-28,,White Inc,24.87,5x63x6,113,61,4.46900676117522,3.8046604870996465,4.457481913088487,3.782142084573626,4.727396668230706,86.38824727022809,52.434167864484444,116,Aurora Pro Coffee Grinder
SPO-AUT-3465,AutoCare Classic Item Edition 486,Sports,Athletic Wear,AutoCare,44.64,131.39,2022-05-23,,Parker Group,49.62,24x20x16,403,97,4.885752111949565,3.8207845249938748,4.87816999965373,3.7986303180730556,5.998939043333182,131.09728586566598,93.54937449365991,404,Aurora Yoga Mat 2022
BEA-STY-3466,StyleMax Smart Tool,Beauty,Makeup,StyleMax,10.11,29.68,2022-06-18,,"Jackson, Mendez and Nguyen",39.53,61x22x32,133,100,3.4236109764990554,2.4078456036515385,3.39047341829918,2.3135250330323798,4.8903566469904804,29.57723498839903,12.218105072682926,134,Lumen Ultra Smart Thermostat
AUT-KIT-3467,KitchenMaster Smart Product,Automotive,Tools,KitchenMaster,20.78,59.43,2024-01-10,,Reeves LLC,32.23,60x77x15,339,14,4.101485670373467,3.0809921175048145,4.084799149378569,3.0339909856710814,5.826003057228607,58.97867034223308,30.312087154881215,341,Terra Select Desk Lamp
SPO-SMA-3468,SmartLife Premium Gear,Sports,Athletic Wear,SmartLife,37.15,110.81,2022-04-07,,Garcia-Thomas,12.69,38x31x26,266,45,4.716801002159277,3.641525757730466,4.707817022948234,3.6149637711637683,5.583500068173128,110.7860351167371,46.21395882570723,267,Pulse Blender 2025
BOO-STY-3469,StyleMax Ultra Equipment,Books,Fiction,StyleMax,16.64,28.8,2022-09-25,,Scott-David,1.55,54x100x20,239,81,3.3945083935113587,2.8701690505786455,3.3603753871419,2.8118094353930627,5.476467736023176,28.842164092278512,18.146277752653578,242,Terra Eco Yoga Mat
BEA-FAS-3470,FashionForward Premium Gear,Beauty,Skincare,FashionForward,52.76,136.57,2022-08-19,,Williams and Sons,12.7,72x17x10,352,62,4.924132878472904,3.984529696214894,4.9168373036903334,3.965753327849114,5.863634016503153,136.30319474138113,83.13947808950486,357,Lumen Water Bottle 2023
BEA-KIT-3471,KitchenMaster Advanced Gear,Beauty,Hair Care,KitchenMaster,168.59,460.33,2023-10-03,,"Willis, Vasquez and Goodwin",28.68,38x26x9,318,41,6.134113622049876,5.1333837593553096,6.131943623585349,5.12746973182771,5.762054527429321,460.78474827022217,203.122171317079,321,Nimbus Max Wireless Earbuds
SPO-STY-3472,StyleMax Smart Equipment Kit 503,Sports,Outdoor Gear,StyleMax,9.9,19.85,2023-05-24,,Avery-Adams,20.05,59x71x36,243,72,3.0373539482448106,2.388762789235098,2.9882040071331994,2.2925347571405443,5.493065558558419,20.251265518718498,11.947846975079896,243,Vertex Water Bottle
HOM-SPO-3473,SportElite Advanced Tool,Home & Garden,Home Decor,SportElite,5.8,10.51,2024-03-05,,Marshall-Russell,24.33,81x14x42,177,38,2.443216222733791,1.916922612182061,2.3523271848888596,1.7578579175523736,5.176155382275383,10.727700370746788,5.5471697984087065,178,Pulse Portable Speaker
AUT-OUT-3474,OutdoorAdventure Ultra Product,Automotive,Car Parts,OutdoorAdventure,26.4,59.06,2022-05-14,,Johnson-Schultz,30.43,6x91x36,434,61,4.095344062555184,3.3105430133940246,4.078553876315777,3.2733640101522705,6.073046838245216,59.09271889619006,41.313542731717355,430,Harbor Portable Speaker
ELE-TEC-3475,TechPro Premium Phone Collection 724,Electronics,Tablets,TechPro,112.34,218.93,2022-11-12,,Adams PLC,0.11,41x28x17,211,42,5.393309313903605,4.730392150741473,5.3887520440192445,4.721529987104287,5.351862872801329,219.29256977645474,136.24853769757857,214,Vertex Blender
SPO-STY-3476,StyleMax Ultra Tool,Sports,Outdoor Gear,StyleMax,16.32,26.61,2024-01-14,,"Garcia, Hines and Pearson",19.75,54x37x34,360,87,3.3181780259420632,2.851861903134289,3.281287084989598,2.792391349535961,5.886106809224075,26.248039296946992,19.70230466596038,355,Nimbus Pro Portable Speaker
ELE-KIT-3477,KitchenMaster Pro Tablet,Electronics,Tablets,KitchenMaster,233.52,577.65,2023-06-28,,Torres Group,1.44,63x83x41,195,69,6.3606978042940865,5.457540872096015,6.358968148929027,5.453267726545859,5.273004686755725,577.9346995983893,414.73055561558454,190,Aurora Ultra Coffee Grinder 2025
BEA-SMA-3478,SmartLife Modern Product,Beauty,Makeup,SmartLife,6.02,14.31,2023-02-08,2024-02-08,Miller-Fields,38.11,63x28x32,156,38,2.7285062096695922,1.9487632180377197,2.6609585935683597,1.7950872593207297,5.049862417485402,13.942324397687512,11.148598157468792,153,Granite Select Smart Thermostat
BEA-TEC-3479,TechPro Advanced Tool,Beauty,Makeup,TechPro,37.47,88.12,2023-03-26,,Patton and Sons,44.8,51x84x35,53,95,4.489983776178974,3.6498787167642037,4.478699521934143,3.623540612805596,3.970310781298653,88.40832644929843,69.33811815775742,53,Solstice Eco Water Bottle
AUT-AUT-3480,AutoCare Modern Tool Set 997,Automotive,Car Care,AutoCare,11.64,26.0,2022-01-08,2024-06-03,Fernandez-Jackson,16.85,91x84x11,426,69,3.295836866004329,2.5368663887187113,3.258096538021482,2.454447442303292,6.054441693684455,25.78025221688633,10.546352393915393,425,Pulse Yoga Mat
BEA-SPO-3481,SportElite Elite Accessory,Beauty,Fragrances,SportElite,94.39,200.16,2023-08-24,,Medina Group,17.08,70x75x49,274,92,5.304100611303764,4.557973751157117,5.299117046718601,4.547435135336853,5.613131756016447,200.52954876939782,140.98400816416978,270,Nimbus Portable Speaker
BEA-STY-3482,StyleMax Premium Tool,Beauty,Fragrances,StyleMax,120.69,290.56,2022-07-25,,"Hayes, Smith and Marshall",25.1,66x80x23,424,37,5.675245816514012,4.801476827348709,5.671810095412929,4.7932252746298065,6.049735813719742,290.9951612519489,155.58804625265446,427,Harbor Desk Lamp
BEA-SMA-3483,SmartLife Ultra Gear,Beauty,Makeup,SmartLife,10.07,15.88,2023-01-27,,"Roberts, Stanton and Smith",24.55,68x89x32,453,54,2.826129489167811,2.4042387467205457,2.7650604558189897,2.309560706730471,6.115894332986116,15.535820050017014,7.214215270183915,457,Canyon Yoga Mat
BOO-BEA-3484,BeautyGlow Advanced Tool,Books,Children Books,BeautyGlow,12.25,31.99,2023-01-30,,Nelson-King,40.98,86x38x33,381,20,3.49620448524049,2.583997552432231,3.4654233539614268,2.505525936990736,5.942801999795172,31.953422092964082,18.524543240814715,379,Granite Flex Coffee Grinder
HOM-SPO-3485,SportElite Ultra Vase,Home & Garden,Bedding,SportElite,43.54,121.7,2023-10-26,2026-02-05,"James, Bell and Chen",6.57,8x51x20,226,73,4.809742351716865,3.7963876618292214,4.801558999993482,3.7736800558064014,5.420539424041258,122.17136763059943,90.253144896335,224,Pulse Select Action Camera
CLO-TEC-3486,TechPro Ultra Hat,Clothing,Accessories,TechPro,8.94,27.25,2023-02-12,,"Pittman, Campbell and Martin",11.43,84x38x26,449,13,3.34109345759245,2.2965670206684825,3.305053521109253,2.190535589185423,6.107025114911266,27.233739287253684,13.855258139732092,448,Solstice Ultra Action Camera 2024
CLO-AUT-3487,AutoCare Ultra Shoes,Clothing,Shoes,AutoCare,11.75,24.26,2023-05-09,,"Hart, Turner and Foster",18.79,73x32x17,373,78,3.229222116922345,2.5455312716044354,3.1888289035159043,2.463853240590168,5.921581100605369,24.616276572064255,13.782639368138245,375,Lumen Max Wireless Earbuds
HOM-KIT-3488,KitchenMaster Smart Table,Home & Garden,Garden Tools,KitchenMaster,20.55,34.55,2023-02-21,,Rivas Ltd,15.22,99x72x7,356,45,3.5709401562492498,3.070375816549757,3.542407550213679,3.022860940942244,5.874933539836849,34.63695689168869,17.578247457252157,360,Pulse Yoga Mat 2024
AUT-FAS-3489,FashionForward Smart Equipment Set 996,Automotive,Car Parts,FashionForward,3.57,6.82,2022-12-27,2024-07-24,"Lutz, Johns and Clark",11.0,95x37x6,160,23,2.05668455455722,1.5195132049061133,1.9198594718553708,1.2725655957915476,5.075180065214296,6.69782330976121,3.296007898536101,158,Aurora Yoga Mat
ELE-HOM-3490,HomeComfort Classic Tablet,Electronics,Gaming,HomeComfort,53.85,162.46,2023-04-08,,"Bernard, Flores and Fleming",21.65,30x42x30,239,45,5.096568312087983,4.00460218672124,5.090431817622808,3.9862024036023977,5.476467736023176,162.25006788441536,66.4958949587273,238,Harbor Yoga Mat
BEA-BEA-3491,BeautyGlow Classic Equipment,Beauty,Fragrances,BeautyGlow,10.8,20.21,2022-05-20,,Reid-Petty,9.91,78x84x35,135,24,3.0544727685765913,2.468099531471619,3.00617753141553,2.379546134130174,4.905282185818402,19.919158629264366,11.365367719902206,133,Aurora Smart Thermostat
HOM-HOM-3492,HomeComfort Premium Pot,Home & Garden,Home Decor,HomeComfort,12.89,30.46,2022-03-13,2022-12-08,"Chavez, Sanchez and Bird",1.16,85x67x32,22,71,3.4487168976301317,2.6311691567662523,3.4164143474670157,2.556451816951096,3.0910879068707438,30.716562227550146,20.37563358305998,22,Canyon Select Desk Lamp
AUT-KIT-3493,KitchenMaster Advanced Item,Automotive,Car Parts,KitchenMaster,73.65,218.37,2022-09-26,,Clark-Haley,23.13,77x86x35,103,76,5.390759801937596,4.312810523985199,5.386190871798276,4.299324142908639,4.634738696920371,218.25880969668657,117.99380682953523,100,Aurora Pro Coffee Grinder
CLO-TEC-3494,TechPro Classic Shirt Collection 429,Clothing,Womens Apparel,TechPro,4.46,12.9,2023-11-03,,Smith-Holt,35.32,65x72x42,107,53,2.631888840136646,1.6974487897568138,2.5572273113676265,1.4951487660319727,4.672838180212627,12.911049952956736,9.975383396026455,109,Vertex Classic Desk Lamp 2022
ELE-HOM-3495,HomeComfort Classic Phone Edition 129,Electronics,Tablets,HomeComfort,123.13,346.81,2023-06-25,,"Nielsen, Lynch and Smith",21.69,65x12x35,43,91,5.851656353663259,4.821329403527856,5.848777079554101,4.81324070780478,3.7612233712371035,346.8024789704012,152.9541373301944,43,Pulse Trail Shoes 2023
AUT-HOM-3496,HomeComfort Elite Product,Automotive,Car Parts,HomeComfort,15.63,32.79,2022-04-08,,Chambers Group,28.54,21x29x36,236,42,3.5201649007261984,2.8112082932048366,3.4901235908565567,2.749192144433385,5.463836042304768,32.86573344864847,24.723168959930273,240,Terra Flex Blender
HOM-KIT-3497,KitchenMaster Ultra Pot Kit 312,Home & Garden,Home Decor,KitchenMaster,15.61,44.72,2022-09-12,,"Woodard, Warner and Farmer",46.77,62x6x26,469,98,3.8225358389266098,2.8100049236252036,3.8004208288468435,2.7479117345273405,6.150604900640168,45.07826560271206,30.151177873304132,468,Vertex Portable Speaker
BOO-FAS-3498,FashionForward Pro Item,Books,Fiction,FashionForward,40.91,107.62,2023-10-19,,"Miller, Mcdowell and Curtis",44.33,59x39x7,253,14,4.687855552606699,3.73552446193698,4.678606504061274,3.711374531941307,5.5333934412888786,108.09112455671176,51.20296542784129,249,Aurora Ultra Action Camera 2023
SPO-OUT-3499,OutdoorAdventure Ultra Equipment,Sports,Outdoor Gear,OutdoorAdventure,27.28,51.92,2022-07-20,,"Johnson, Collier and Powers",11.48,71x49x34,109,65,3.968781339246755,3.342154841028372,3.9497040723958348,3.3061538329752613,4.691357056498987,51.82943252440234,29.08020137604911,113,Harbor Ultra Trail Shoes 2023
